id,Smiles,Tg,Tm,Eg
4568,[*]Oc1ccc(cc1)CC(NC(=O)CCc1ccc(cc1)OC(=O)CC(CCC(=O)[*])C)C(=O)OCCCC,35.0,,
7963,[*]OC(=O)Nc1ccc(cc1)C(=O)OCC1CCC(CC1)C[*],,251.0,
11143,[*]Oc1ccc(CC(NC(=O)CCc2ccc(OC(=O)CCCCCCC([*])=O)cc2)C(=O)OC(C)C)cc1,,,5.0034
9421,[*]CC(O)COc1ccc(O[*])cc1,,,4.7923
11689,[*]CCCCOC(=O)OCC1CCC(COC(=O)O[*])CC1,,,7.0222
1625,[*]c1cc2c(C(=O)N(C2=O)c2cc(ccc2)C(C(C(c2cc(ccc2)N2C(=O)c3c(C2=O)cc(cc3)C(C(C(C([*])(F)F)(F)F)(F)F)(F)F)(F)F)(F)F)(F)F)cc1,159.0,,
11768,[*]Nc1ccc([*])cc1CO,,,3.7131
8780,[*][SiH2]c1ccc(cc1)[*],,97.0,
4651,[*]c1nc2c(nc1c1ccc(cc1)OC(=O)c1cc(ccc1)C(=O)Oc1ccc(cc1)[*])cccc2,245.0,,
10429,[*]C=C([*])c1ccc2ccc3cccc4ccc1c2c34,,,0.1296
9437,[*]CCCCCCCCCCc1nnc([*])o1,,,6.3926
6734,[*][Si](C(CC[*])c1ccccc1)(C)C,5.67,,
1186,[*]Oc1ccc(cc1)OC(=O)c1ccc(cc1)C(=O)[*],267.0,533.425,
12074,[*]CC(=O)C(C=C1)=CC=C1C(=S)[*],,,2.7253
12397,[*]CCCC(C)O[Si](C)(C)O[*],,,6.2127
4641,[*]OC(=O)c1cc(ccc1)C(=O)OCCN(CC[*])c1ccc(cc1)N=Nc1ccc(cc1)c1nc2c(n1CC)cc(cc2)[N+](=O)[O-],147.0,,
1994,[*]O[Si](CCC(CC[Si]([*])(CCC(F)(F)F)C)(F)F)(CCC(F)(F)F)C,-38.0,,
4238,[*]Oc1ccc(cc1)C1(c2ccccc2c2ccccc12)c1ccc(cc1)OC(=O)CCCCC(=O)[*],166.0,,
2116,[*]C(C[*])C1CCC(CC1)C(C)(C)C,131.0,,
7319,[*]NC(=O)C(=O)NCCCCCCNC(=O)CCCCCCCC(=O)NCCCCCC[*],,254.0,
5566,[*]c1cc2c(C(=O)N(C2=O)c2ccc(cc2)c2c(cc(cc2c2ccc(cc2)c2ccccc2)c2ccc(cc2)OCCCCCCCCCCOc2ccc(cc2)c2cc(c(c(c2)c2ccc(cc2)c2ccccc2)c2ccc(cc2)N2C(=O)c3c(C2=O)cc(cc3)C(=O)[*])c2ccc(cc2)c2ccccc2)c2ccc(cc2)c2ccccc2)cc1,103.5,,
4289,[*]OC(C(=O)OCC(=O)[*])C,43.0,,
8527,[*]Oc1ccc(cc1)C(c1ccc(cc1)OCC(=O)OC(=O)c1ccc(cc1)C(=O)OC(=O)C[*])(C)C,,260.25,
3664,[*]O[Si](O[Si](O[Si](O[Si](OC1=C(c2c3c(ccc2)cccc13)[*])(C)C)(C)C)(C)C)(C)C,-43.0,,
9488,[*]c1ccc(-c2ccc(-c3nc4cc(Oc5ccc6nc(-c7ccccc7)c([*])nc6c5)ccc4nc3-c3ccccc3)cc2)cc1,,,3.1965
6379,[*]Nc1cc(ccc1)NC(=O)c1ccc(cc1)C(=O)Nc1cc(ccc1)NC(=S)NC(=O)CCCCCCCCC(=O)NC(=S)[*],248.0,,
5582,[*]c1cc2c(C(=O)N(C2=O)c2ccc(cc2)Oc2ccc(cc2)N2C(=O)c3c(C2=O)cc(cc3)C(=O)c2cc(cc(c2)C(C)(C)C)C(=O)[*])cc1,252.5,,
4410,[*]Oc1ccc(cc1)CC(NC(=O)CCc1ccc(cc1)OC(=O)CCCC(=O)[*])C(=O)OCC,67.67,,
10436,[*]CC([*])C(=O)NCCC,,,6.0177
662,[*]Oc1ccc(cc1)S(=O)(=O)c1ccc(cc1)[*],223.95,,
23,[*]C(C[*])CCCCCC,-56.48,0.54,
8657,[*]S(=O)(=O)NCCCCCCNS(=O)(=O)c1ccc(cc1)[*],,245.0,
1755,[*]N1C(=O)c2c(C1=O)cc(cc2)Oc1ccc(cc1)Oc1cc2c(C(=O)N(C2=O)c2cc(ccc2)[*])cc1,255.0,,
6399,[*]C1C(=O)OC(=O)C1C1C2CC(C(C1[*])C2)COCCC,209.0,,
7523,[*]NC(=O)c1ccc(cc1)C(=O)NCC[*],,400.0,
7253,[*]N1C(CN(C(C1)C)C(=O)C1C(CCCC1)C(=O)[*])C,,307.5,
9193,[*]CC([*])(C)C(=O)OCC,,,6.4148
7191,[*]N(CC[*])C(=O)CCC(C(C(C(C(C(C(C(C(C(F)(F)F)(F)F)(F)F)(F)F)(F)F)(F)F)(F)F)(F)F)(F)F)(F)F,,226.0,
4241,[*]Oc1ccc(cc1)C1(c2ccccc2c2ccccc12)c1ccc(cc1)OC(=O)CCCCCCCCCC(=O)[*],136.0,,
3605,[*]Oc1ccc(cc1)NC(=O)c1c(ccc(c1)c1cc(c(cc1)C(=O)OCC)C(=O)Nc1ccc(cc1)[*])C(=O)OCC,190.15,,
9662,[*]CCCOC(=O)CCCCCCCCCC(=O)O[*],,,6.7744
278,[*]C(C[*])OC(=O)c1ccc(cc1)[Si](C)(C)C,125.25,329.6666667,
6169,[*]N1C(=O)C(CC1=O)Nc1ccc(cc1)NC1C(=O)N(C(=O)C1)c1ccc(cc1)Oc1c(cc(cc1C)C(c1cc(c(c(c1)C)Oc1ccc(cc1)[*])C)c1cnccc1)C,229.0,,
10804,[*]OC(=O)OCCOCCOC(=O)OC1COC2C([*])COC12,,,6.7329
1206,[*]OC(=O)CCC(CC[*])C,-53.0,,
7773,[*]OC(=O)CCCCCC(=O)OCCC[*],,43.16666667,
5428,[*]c1cc2c(C(=O)N(C2=O)c2cc(ccc2)Oc2ccc(cc2)S(=O)(=O)c2ccc(cc2)Oc2cc(ccc2)N2C(=O)c3c(C2=O)cc(cc3)C([*])(C(F)(F)F)C(F)(F)F)cc1,209.5,,
2140,[*]C(C[*])c1cc(ccc1)NC(=O)C,163.0,,
1207,[*]OC(CCCC(C(=O)[*])C)C,-33.0,,
8144,[*]OC(C([*])C)C,,114.5416667,
6190,[*]N1C(=O)c2c(C1=O)cc(cc2)NC(=O)OCCOc1ccc(cc1)C(c1ccc(cc1)OCCOC(=O)Nc1cc2c(C(=O)N(C2=O)c2cc(ccc2)P(=O)(c2cc(ccc2)[*])c2ccccc2)cc1)(C)C,220.0,,
2407,[*]C(C[*])C(=O)OCCCCCCCCCOC(=O)c1ccc(cc1)OC(=O)c1ccc(cc1)C#N,15.0,,
9735,[*]CC(CBr)(CBr)COC(=O)CCCCC(=O)O[*],,,6.0899
7260,[*]N1C(CN(C(C1)C)SC(=O)OCCCCOC(=O)S[*])C,,110.0,
1057,[*]SCCCCC(=O)NCc1ccc(cc1)CNC(=O)CCCC[*],70.0,242.0,
11608,[*]CC(c1ccccc1)C1C(=O)N(c2ccc(C(=O)Oc3ccc(C=O)cc3)cc2)C(=O)C1[*],,,4.2954
4337,[*]Oc1ccc(cc1)C(=O)Nc1c(ccc(c1)C(c1cc(c(cc1)C)NC(=O)c1ccc(cc1)OC(=O)c1cc(ccc1)C(=O)[*])(C(F)(F)F)C(F)(F)F)C,214.0,,
5791,[*]N1C(=O)c2c(C1=O)cc(cc2)Oc1ccc(cc1)C1(CCC(CC1)c1ccccc1)c1ccc(cc1)Oc1cc2c(C(=O)N(C2=O)c2ccc(cc2)Cc2ccc(cc2)[*])cc1,232.0,,
6492,[*]Oc1ccc(cc1)C(c1ccc(cc1)OC(=O)Oc1ccc(cc1)Cc1ccc(cc1)OC(=O)[*])(C)C,107.8,,
10302,[*]CC1CC([*])CN(c2nc(N)nc(N)n2)C1,,,5.1254
11127,[*]Oc1ccc(CC(NC(=O)CCc2ccc(OC(=O)CCCCCCC([*])=O)cc2)C(=O)OCC)cc1,,,5.0929
7417,[*]NC(=O)CCCCCCC(=O)NCCCCCCCC[*],,216.7,
2729,[*]C1C2C(C(C(C1[*])C2)C(=O)OCCc1ccccc1)C(=O)OCCc1ccccc1,254.0,,
6825,[*]c1c(cc(c(c1)OC)C=C[*])OCCCC,65.0,,
7106,[*]C1C(CC1)[*],,166.6666667,
11359,[*]CCCCCCCNC(=O)CCCCCCCCCCCCCCCCCCC(=O)N[*],,,5.9137
3811,[*]Oc1ccc(cc1)C1(c2ccccc2c2ccccc12)c1ccc(cc1)OCCOC(=O)NC1CCC(CC1)CC1CCC(CC1)NC(=O)OCC[*],140.0,,
11501,[*]C(=O)Nc1ccc(Cc2ccc(N3C(=O)c4ccc([*])cc4C3=O)cc2)cc1,,,3.1109
11286,[*]CCCCCCNC(=O)CC(=O)N[*],,,5.7541
10617,[*]CC(CO[*])(CSC(C)C)CSC(C)C,,,4.6686
306,[*]C(C(C(C[*])OC)C(=O)O)C(=O)O,134.67,,
33,[*]C(C[*])CCCCCCCCCCCCCC,-24.0,55.58076923,
5848,[*]N1C(=O)C2C(C1=O)CC(CC2)C1CC2C(C(=O)N(C2=O)c2ccc(cc2)Oc2ccc(cc2)[*])CC1,257.0,,
5270,[*]Oc1ccc(cc1)C(c1ccc(cc1)OC(=O)NC(=O)c1cc(cc(c1)C(C)(C)C)C(=O)NC(=O)[*])(C)C,123.5,,
1347,[*]NC1CCC(CC1)CC1CCC(CC1)NC(=O)CCCCCCCCCCC(=O)[*],139.67,287.6,
1537,[*]OC(=O)NCCCCCCNC(=O)OCCCCCCCC[*],58.0,157.0,
7183,[*]N(C(=O)c1ccc(cc1)C(=O)N(CCCCCC[*])C)C,,260.0,
3271,[*]Oc1ccc(cc1)C(=O)c1ccc(cc1)OCCCCCCOC(=O)OCCCCOC(=O)OCCCCCC[*],2.1,,
9115,[*]CC([*])c1cc(C)ccc1F,,,4.5949
11335,[*]N=Nc1ccc(NC(=O)CCC(=O)Nc2ccc([*])cc2)cc1,,,2.9351
7359,[*]NC(=O)C(C(=O)NCCCCCCCCC[*])CCCCCCCCCCCC,,127.0,
8689,[*]SC(=O)CCCCCCC(=O)SCCC[*],,104.6666667,
6463,[*]Oc1ccc(cc1)C(c1ccc(cc1)OC(=O)OC1C(C(C1(C)C)OC(=O)[*])(C)C)(C(F)(F)F)C(F)(F)F,142.0,,
10126,[*]CCCCCCCCCCCCNC(=O)NCCCCCCCCCCNC(=O)N[*],,,5.6621
12029,[*]CC(C=C1)=CC=C1C(C=C2)=CC=C2C(S3)=CC=C3[*],,,3.5671
7434,[*]NC(=O)CCCCCCCCC(=O)NCCCCCCC[*],,197.6666667,
4326,[*]Oc1ccc(cc1)OC(=O)c1c(cc(cc1)C(=O)[*])Oc1ccc(cc1)Br,112.5,318.0,
11044,[*]CCCCCOC(=O)CCC(C)CC(=O)O[*],,,6.7005
11404,[*]CCOC(=O)Nc1c(C)c(C)c(NC(=O)O[*])c(C)c1C,,,5.3419
2144,[*]C(C[*])c1ccc(cc1)C[Si](C)(C)C,82.0,,
6985,[*]C(C[*])(C(=O)OCC)CO,,262.0,
9358,[*]CCCCCCCCC(=O)NCCCCCOCCCCCNC(=O)CCCO[*],,,5.9383
5973,[*]c1cc2c(C(=O)N(C2=O)c2ccc(cc2)Oc2ccc(cc2)N2C(=O)c3c(C2=O)cc(cc3)C(=O)N2C(=S)N(C(C(=C2C)C(=O)OCC)c2c(cc(cc2)OC)OC)C(=O)[*])cc1,165.0,,
3602,[*]Oc1c(cc(cc1OC)/C=C/c1ccc(cc1)/C=C/c1ccc(cc1)/C=C/c1cc(c(c(c1)OC)OCCCCCCCC[*])OC)OC,78.7,,
948,[*]N1C(=O)c2c(C1=O)cc(cc2)Oc1cc2c(cc1)cc(cc2)Oc1cc2c(C(=O)N(C2=O)c2ccc(cc2)C(c2ccc(cc2)[*])(C(F)(F)F)C(F)(F)F)cc1,218.0,,
5290,[*]N1C(=O)c2c(C1=O)cc(cc2)Oc1c(cccc1)Oc1cc2c(C(=O)N(C2=O)c2ccc(cc2)Oc2c(cccc2)Oc2ccc(cc2)[*])cc1,193.0,,
2787,[*]c1cc2Oc3c(C4(c2cc1)c1ccccc1c1ccccc41)ccc(c3)OC(=O)O[*],295.0,,
6857,[*]c1cc2C(c3c(c2cc1)ccc(c3)c1ccc(cc1)[*])(CCCCCCC#N)CCCCCCC#N,90.0,,
11161,[*]CC(=O)NCC(=O)O[*],,,6.011
3869,[*]c1nc2c(nc1c1ccccc1)cc(cc2)Oc1cc2c(nc(c(n2)c2ccccc2)c2ccc(cc2)OCCN(CCOc2ccc(cc2)[*])c2ccc(cc2)N=Nc2ccc(cc2)[N+](=O)[O-])cc1,199.0,,
5782,[*]N1C(=O)c2c(C1=O)cc(cc2)c1cc2c(C(=O)N(C2=O)CCCCCCOC(=O)CCCCCCCCCCN2C(=O)c3c(C2=O)cc(cc3)c2ccc(cc2)c2cc3c(C(=O)N(C3=O)CCCCCCCCCCC(=O)OCCCCCC[*])cc2)cc1,45.0,78.0,
11440,[*]Nc1cc(NC(=O)Nc2ccc(NC([*])=O)cc2)cc(C(=O)Nc2cccc3c2C(=O)c2ccccc2C3=O)c1,,,2.5826
6640,[*]N(CC[*])C(=O)c1c(c(c(c(c1F)F)F)F)F,136.0,,
9130,[*]CC([*])O,,,6.3648
4347,[*]C1CCN(CC1)C(=C(c1ccc(cc1)C(=O)OCC[*])C#N)c1ccc(cc1)OC,171.5,,
514,[*]C(C[*])(C(=O)OCCN(c1ccc(cc1)N=Nc1ccc(cc1)[N+](=O)[O-])CC)C,125.25,,
5485,[*]N1C(=O)c2c(C1=O)cc(cc2)Oc1ccc(cc1)C(=O)Nc1ccc(cc1)Cc1ccc(cc1)[*],250.0,,
1526,[*]OC(=O)NCCCCCCNC(=O)OCC[*],56.0,,
168,[*]C(C[*])c1ccc(cc1)C(=O)CCN1CCOCC1,41.0,,
11773,[*]Nc1ccc([*])c2cc3ccccc3cc12,,,2.1612
5544,[*]C1C2C(C(=O)N(C2=O)c2ccccc2)C(C1)C=C[*],220.0,,
2481,[*]C(C[*])(C(=O)Oc1ccc(cc1)C(=O)Oc1ccc(cc1)Oc1ccccc1)C,74.0,94.0,
270,[*]C(C[*])OC(=O)c1c(cccc1)OC,65.0,,
11446,[*]C(=O)c1ccc2c(c1)C(=O)N(c1cccc(Nc3nc(Nc4cccc(N5C(=O)c6ccc([*])cc6C5=O)c4)nc(-c4ccccc4)n3)c1)C2=O,,,2.3845
10298,[*]c1ccc(-c2nc3cc(-c4ccc5nc([*])c(-c6ccccc6)nc5c4)ccc3nc2-c2ccccc2)cc1,,,2.983
3102,[*]C1OC(OC1COC(=O)OC[*])(C)C,51.38,,
6136,[*]c1cc2c(C(=O)N(C2=O)c2cc(c(cc2)Oc2ccc(cc2)C(=O)c2nc(ccc2)C(=O)c2ccc(cc2)Oc2c(cc(cc2)N2C(=O)c3c(C2=O)cc(cc3)C([*])(C(F)(F)F)C(F)(F)F)C(F)(F)F)C(F)(F)F)cc1,206.4,,
4405,[*]c1nc2c(cc1)cccc2OC(=O)c1ccc(cc1)C(=O)Oc1ccc(cc1)C=C[*],112.0,165.0,
4414,[*]Oc1ccc(cc1)CC(NC(=O)CCc1ccc(cc1)OC(=O)CCCC(=O)[*])C(=O)OCCCCCCCCCCCC,27.5,,
4649,[*]c1cc2c(cc1OC(=O)COc1ccc3c(c1)oc(=O)cc3)oc(=O)c(c2)C(=O)Nc1cc(ccc1)NC(=O)c1c(=O)oc2c(cc(c(c2)OC(=O)COc2ccc3c(c2)oc(=O)cc3)C[*])c1,240.0,,
6437,[*]OC(=O)OCC(C(C[*])OC(=O)C(=O)OCC)OC(=O)C(=O)OCC,51.38,,
1091,[*]OC(=O)c1ccc(cc1)C(=O)OCC[*],77.74,251.9070339,
11280,[*]CCCCCCCCCCCC(=O)NCC(=O)N[*],,,6.1662
4255,[*]Oc1ccc(cc1)C(=O)c1ccc(cc1)OC(=O)c1ccc(cc1)C(c1ccc(cc1)C(=O)[*])(C)C,126.0,,
6125,[*]N1C(=O)c2c(C1=O)cc(cc2)Oc1ccc(cc1)C(c1ccc(cc1)Oc1cc2c(C(=O)N(C2=O)c2ccc(cc2)Oc2c(c(ccc2)Oc2ccc(cc2)[*])C#N)cc1)(C)C,213.0,,
8999,[*]c1sc(cc1)c1sc(cc1)[Si](c1sc(cc1)c1sc(cc1)[SiH]([*])C)(C)C,,49.0,
9875,[*]CCCCNC(=O)CCCCCCCCCCC(=O)N[*],,,5.9492
2633,[*]C(C[*])(C(=O)OCCN(c1ccc(cc1)N=Nc1ccc(cc1)S(=O)(=O)C)CC)C,144.0,,
8366,[*]Oc1c(cc(cc1)C=C1C(=O)C(=Cc2cc(c(cc2)OCCCCCCCC[*])OC)CC(C1)C(C)(C)C)OC,,100.0,
9015,[*]c1sc(cc1CCCCCCCCCCCC)c1sc(cc1)[*],,126.7647059,
920,[*]N1C(=O)c2c(C1=O)cc(cc2)Oc1c2c(ccc1)c(ccc2)Oc1cc2c(C(=O)N(C2=O)c2ccc(cc2)Oc2ccc(cc2)[*])cc1,240.0,,
3894,[*]C1(OC(C(O1)(F)F)(F)C(F)(F)F)C([*])(F)F,135.0,,
11159,[*]Oc1ccc(OC(=O)c2ccc(OC(=O)CCCCCCC([*])=O)cc2)cc1,,,4.1613
12399,[*]c1cc(CCCCCCO[Si](C)(C)C)c([*])s1,,,2.5263
7500,[*]NC(=O)NCCCCCCCCCCNC(=O)NCCCCCCCCCCCC[*],,190.0,
4971,[*]OC(=O)Nc1c(ccc(c1)NC(=O)OCCN(CC[*])c1ccc(cc1)c1oc2c(n1)ccc(c2)[N+](=O)[O-])C,156.0,,
12079,[*]CC(=O)CC(=S)[*],,,2.8292
12008,[*]CC(S1)=CC=C1C(S2)=CC=C2C(S3)=CC=C3[*],,,3.0602
10777,[*]Oc1ccc(Oc2ccc(C=NCCN=Cc3ccc([*])cc3)cc2)cc1,,,4.266
2487,[*]C(C[*])(C(=O)OCCCCCOc1ccc(cc1)OC(=O)c1ccc(cc1)OC)C,38.0,,
10517,[*]CCCCCC(=O)NCCCCCCNC(=O)CCCCO[*],,,5.8874
6781,[*]S(=O)(=O)c1ccc(cc1)C(=O)c1ccc(cc1)C(=O)c1ccc(cc1)[*],213.5,415.0,
2885,[*]c1oc2c(n1)ccc(c2)c1ccc2c(oc(n2)CCCCCCCCC[*])c1,64.0,193.0,
4494,[*]Oc1ccc(cc1)OC(=O)c1c(cc(c(c1)OCCCCCOCC1N(CCC1)c1ccc(cc1)[N+](=O)[O-])C(=O)[*])OCCCCCOCC1N(CCC1)c1ccc(cc1)[N+](=O)[O-],63.0,,
11980,[*]C(S1)=CC=C1C(S2)=CC=C2OC(=S)[*],,,2.4847
3057,[*]Oc1c(cc(cc1)C1(c2ccccc2c2ccccc12)c1cc(c(cc1)Oc1ccc(cc1)C(=O)c1cc(ccc1)C(=O)c1ccc(cc1)[*])C)C,217.0,,
3191,[*]c1c([nH]c(n1)c1cc(ccc1)c1[nH]c(c(n1)c1ccc(cc1)Oc1ccc(cc1)C(=O)c1ccc(cc1)Oc1ccc(cc1)[*])c1ccccc1)c1ccccc1,279.0,,
5688,[*]N1C(=O)c2c(C1=O)c(ccc2)c1cc2c(C(=O)N(C2=O)c2ccc(cc2)OCCCOc2ccc(cc2)[*])cc1,237.5,,
11291,[*]NC(CC([*])=O)C(=O)OC,,,5.61
5122,[*]c1cc2c(C(=O)N(C2=O)c2ccc(cc2)Oc2c(cc(cc2)Oc2ccc(cc2)N2C(=O)c3c(C2=O)cc(cc3)C(=O)Nc2ccc(cc2)Oc2ccc(cc2)C2(c3c(C(=O)N2)cccc3)c2ccc(cc2)Oc2ccc(cc2)NC(=O)[*])C)cc1,293.0,,
7491,[*]NC(=O)Cc1ccc(cc1)CC(=O)NCCCCCCCCCCCC[*],,256.0,
5940,[*]N1C(=O)c2c(C1=O)c(ccc2)Oc1cc2c(C(=O)N(C2=O)c2ccc(cc2)Oc2ccc(cc2)Oc2ccc(cc2)[*])cc1,249.0,,
4359,[*]Oc1c(cc(c(c1)C(c1ccccc1)(C)C)OC(=O)c1cc(ccc1)C(=O)[*])C(c1ccccc1)(C)C,180.0,,
120,[*]C(C[*])c1ccc(cc1)C(=O)OCC(C)C,90.0,,
8525,[*]Oc1ccc(cc1)C(c1ccc(cc1)OC(=S)c1cc(ccc1)C(=S)[*])(C)C,,152.0,
1682,[*]c1cc2c(C(=O)N(C2=O)c2cc(ccc2)C(=O)c2ccc(cc2)Cc2ccc(cc2)N2C(=O)c3c(C2=O)cc(cc3)C(=O)[*])cc1,290.0,,
3562,[*]c1oc(nc1)c1cc(c(cc1)Oc1ccc(cc1)S(=O)(=O)c1ccc(cc1)Oc1c(cc(cc1)[*])C(F)(F)F)C(F)(F)F,210.0,,
8337,[*]Oc1c(cc(c(c1)OC(=O)c1ccc(cc1)OCC)OC(=O)c1ccc(cc1)OC(=O)CCCCCCC(=O)Oc1ccc(cc1)C(=O)[*])OC(=O)c1ccc(cc1)OCC,,142.3,
11004,[*]c1ccc(-c2ccc(-c3nc(CCCCCCCCCCCC)c(-c4sc([*])nc4CCCCCCCCCCCC)s3)s2)s1,,,2.2184
3009,[*]c1c2c(c(nn1)c1ccc(cc1)Oc1ccc(cc1)C1(c3ccccc3c3ccccc13)c1ccc(cc1)Oc1ccc(cc1)[*])c(c(c(c2c1ccc(cc1)F)c1ccc(cc1)F)c1ccc(cc1)F)c1ccc(cc1)F,311.33,,
1691,[*]c1cc2c(C(=O)N(C2=O)c2ccc(cc2)C(=O)c2ccc(cc2)C(=O)c2ccc(cc2)N2C(=O)c3c(C2=O)cc(cc3)C(=O)[*])cc1,286.0,,
4002,[*]C1=CC(=C(C#N)C#N)C=C(O1)C=Cc1sc(c(c1CCCCCC)CCCCCC)c1sc(cc1)c1sc(c(c1CCCCCC)CCCCCC)C=C[*],114.0,,
1296,[*]C1(c2c(C(=O)N1C)cccc2)c1ccc(cc1)OC(=O)c1ccc(cc1)C(=O)Oc1ccc(cc1)[*],282.0,400.0,
6789,[*]S(=O)(=O)NCCNS(=O)(=O)c1cc(ccc1)[*],107.0,216.0,
96,[*]C(C[*])c1ccc(cc1)C(CCC)(O)C,130.0,,
6010,[*]c1cc2c(C(=O)N(C2=O)c2ccc(cc2)NC(=O)Nc2ccc(cc2)N2C(=O)c3c(C2=O)cc(cc3)C(=O)Nc2cc3Cc4c(c3cc2)ccc(c4)NC(=O)[*])cc1,224.0,,
11886,[*]N=NNc1ccc(NN=Nc2ccc([*])cc2)cc1,,,1.9731
2525,[*]C(C[*])C(=O)OCCCCCCOc1cc(c(cc1)C=Nc1ccc(cc1)OCCCCC)O,36.0,,
4438,[*]OC(=O)CCCCCCCCC(=O)OCC#CC(=Cc1ccc(cc1)C#Cc1ccc(cc1)C=C(C#Cc1ccccc1)C#Cc1ccccc1)C#CC[*],60.0,,
1998,[*]O[Si]([*])(CCC(F)(F)F)C,-69.94,16.7,
2163,[*]C(C(CCCCC[*])c1ccc(cc1)O)c1c(cc(cc1)O)C,16.0,,
11657,[*]CC(OC(=O)OCC)C(COC(=O)O[*])OC(=O)OCC,,,7.1757
128,[*]C(C[*])c1ccc(cc1)C(=O)c1ccccc1,98.0,,
3886,[*]Oc1c(cc(cc1)Oc1ccc(cc1)C(=O)c1ccc(cc1)[*])c1ccc(cc1)Oc1ccccc1,146.0,,
6685,[*]O[Si]([*])(OCCOCCOCCOCCOCCOCCOCCOCCOC)C,-78.0,,
5062,[*]c1cc2c(C(=O)N(C2=O)c2c(cc(c(c2)N2C(=O)c3c(C2=O)cc(cc3)C(=O)[*])O)O)cc1,324.0,,
7714,[*]OC(=O)CC(CC(=O)OCCCCCCCCCCCCCCCCCCCC[*])c1ccc(cc1)[N+](=O)[O-],,44.0,
3676,[*]Oc1ccc(cc1)C(=O)OCCN(CCOC(=O)c1ccc(cc1)OCC#CC#CC[*])c1ccc(cc1)[N+](=O)[O-],100.0,,
6724,[*][Si](CCC[*])(O[Si](CCCOc1ccc(cc1)C#N)(C)C)C,-45.5,,
3540,[*]Oc1ccc(cc1)S(=O)(=O)c1ccc(cc1)Oc1ccc(cc1)C1(CCCCCC1)c1ccc(cc1)Oc1ccc(cc1)S(=O)(=O)c1ccc(cc1)Oc1ccc(cc1)C=C1C(=O)C(=Cc2ccc(cc2)[*])CCCC1,196.0,,
11794,[*]Nc1ccc([*])cc1OCCCCS(=O)(=O)O,,,3.2606
10380,[*]C=C([*])c1cccc(Br)c1,,,0.2843
9686,[*]CCCCCCCCCCCCCCCCCCCCOC(=O)CCCC(=O)O[*],,,6.5682
8036,[*]OC(=O)c1ccc(cc1)C(=O)NCCCCCCCCCCCCNC(=O)c1ccc(cc1)C(=O)OCCCCCCCCCCCC[*],,196.925,
8495,[*]Oc1ccc(cc1)C(=O)OCCCCCCOC(=O)C[*],,50.0,
224,[*]C(C([*])(F)F)(OC(C(C(C(F)(F)F)(F)F)(F)F)(F)F)F,-10.0,,
7037,[*]C(C[*])CC(F)(F)F,,263.0,
3732,[*]Oc1c(cc(cc1)Oc1ccc(cc1)C(=O)c1ccc(cc1)C(=O)c1ccc(cc1)[*])c1cc(c(cc1)Cl)C(F)(F)F,147.0,,
3961,[*]Oc1ccc(cc1)Oc1ccc(cc1)NC(=O)c1cc(cc(c1)C(C)(C)C)C(=O)Nc1ccc(cc1)[*],195.5,,
553,[*]C(C[*])C(C(C(F)(F)F)(F)F)(F)F,58.0,,
12199,[*]NC(=O)C(S1)=CC=C1O[*],,,4.3505
5216,[*]N1C(=O)c2c(C1=O)cc(cc2)Oc1ccc(cc1)c1ccc(cc1)Oc1cc2c(C(=O)N(C2=O)c2ccc(cc2)Oc2ccc(cc2)Oc2ccc(cc2)Oc2ccc(cc2)[*])cc1,212.0,290.0,
10995,[*]c1ccc(-c2ccc(-c3ccc([*])n3-c3c(F)c(F)c(F)c(F)c3F)s2)s1,,,2.5698
5133,[*]c1cc2c(C(=O)N(C2=O)c2ccc(cc2)C(=O)OCCCCCCOC(=O)[*])cc1,80.5,221.425,
4378,[*]Oc1cc(ccc1)NC(=O)c1ccc(cc1)[Si](c1ccc(cc1)C(=O)[*])(C)C,220.0,,
645,[*]Oc1ccc(cc1)C(=O)OC(=O)c1ccc(cc1)OCCC[*],95.0,265.75,
11088,[*]CCCCCCCCCOC(=O)c1ccc(NC(=O)CCCCCCCCC(=O)Nc2ccc(C(=O)O[*])cc2)cc1,,,4.1632
7907,[*]OC(=O)NCCCCCC(=O)OCCCC[*],,83.0,
5253,[*]c1cc2c(C(=O)N(C2=O)c2cc(cc(c2)C(=O)c2ccccc2)N2C(=O)c3c(C2=O)cc(cc3)C(=O)[*])cc1,282.0,,
9512,[*]C1OC(C(F)(F)F)(C(F)(F)F)OC1([*])F,,,8.2782
9703,[*]CCOC(=O)c1ccc(C(=O)NCCCCCCCCCCCCNC(=O)c2ccc(C(=O)O[*])cc2)cc1,,,4.4904
11472,[*]C(=O)c1ccc2c(c1)C(=O)N(c1ccc(OCC(C)(C)COc3ccc(N4C(=O)c5ccc([*])cc5C4=O)cc3)cc1)C2=O,,,2.7216
6336,[*]N1C(=O)c2c(C1=O)cc(cc2)Oc1ccc(cc1)Oc1cc2c(C(=O)N(C2=O)c2ccc(cc2)Oc2ccc(cc2)S(=O)(=O)c2ccc(cc2)Oc2ccc(cc2)[*])cc1,201.0,,
3320,[*]Oc1ccc(cc1)S(=O)(=O)c1ccc(cc1)Oc1ccc(cc1)NC(=O)c1cc(cc(c1)NC(=O)c1ccncc1)C(=O)Nc1ccc(cc1)[*],283.0,,
9726,[*]CCC(=O)Oc1ccc(OC(=O)CCN2CCN([*])C(C)C2)cc1,,,4.6472
12434,[*]CCCCCCCCCC[n+]1ccc(-c2cc[n+]([*])cc2)cc1,,,2.5264
6465,[*]OC(=O)OCC(C[*])OCCOc1ccc(cc1)C=Cc1ccc(cc1)[N+](=O)[O-],53.0,,
10767,[*]c1cc(CCCCCCCCCCCC)c(-c2sc([*])c3c2OCCO3)s1,,,2.3785
9346,[*]CCOc1ccc(C(=O)OCCCCCCOC(=O)c2ccc(O[*])cc2)cc1,,,4.6906
1039,[*]SC(C[*])COCC=C,-59.0,,
9637,[*]Oc1ccc(OC(=O)c2ccc(C([*])=O)cc2)cc1CCC(C)CC,,,3.5259
2165,[*]C(C(CCCCCCC[*])c1ccc(cc1)O)c1c(cc(cc1)O)C,4.0,,
11383,[*]C(=O)Nc1ccc(C(=O)Nc2ccc(NC(=O)c3ccc4[nH]c(-c5cccc(-c6nc7cc([*])ccc7[nH]6)c5)nc4c3)cc2)cc1,,,2.9934
4617,[*]Oc1c(cccc1)C(=O)OC(=O)c1c(cccc1)OC(=O)CCCCCCCCC(=O)[*],28.0,,
7765,[*]OC(=O)CCCCC(=O)OCCCCCCCCCCCCCC[*],,80.0,
6894,[*]C1C(C(C(C1)(O)C(F)(F)F)(F)F)(C(C[*])(F)F)F,152.0,,
10755,[*]OC(=O)CCCCCCCCC(=O)OC1COC2C([*])COC12,,,6.5166
7259,[*]N1C(CN(C(C1)C)SC(=O)OCC(COC(=O)S[*])(C)C)C,,129.5,
2755,[*]C(=C([*])C)CCCCC,180.0,,
9850,[*]CCCCNC(=O)CCC=CCCC(=O)N[*],,,5.5356
9011,[*]c1sc(cc1CCCCCCCC)c1sc(cc1CCCCCCCCCCCC(C(C(C(F)(F)F)(F)F)(F)F)(F)F)[*],,207.0,
6409,[*]Oc1ccc(cc1)C(c1ccc(cc1)OC(=O)OCCN(CCOC(=O)[*])c1ccccc1)(C)C,70.0,,
8977,[*]c1sc(cc1)[SiH]([*])C,,47.0,
1394,[*]NC(=O)CCCCCCCCCC(=O)NCc1ccc(cc1)C[*],108.8,262.6666667,
4839,[*]Nc1ccc(cc1)C(c1ccc(cc1)NC(=O)c1cc(cc(c1)NC(=O)CCCN1C(=O)c2c(C1=O)cccc2)C(=O)[*])(C(F)(F)F)C(F)(F)F,240.0,,
6129,[*]c1cnc(s1)N1C(=O)c2c(C1=O)cc(cc2)C(c1cc2c(C(=O)N(C2=O)c2ccc(cc2)Oc2ccc(cc2)[*])cc1)(C(F)(F)F)C(F)(F)F,268.2,,
202,[*]C(C[*])OC(=O)c1ccccc1,70.29,,
1637,[*]N1C(=O)c2c(C1=O)cc(cc2)Oc1cc2c(C(=O)N(C2=O)c2cc(ccc2)C(C(C(c2cc(ccc2)[*])(F)F)(F)F)(F)F)cc1,183.0,,
8930,[*]c1oc(cc1)C(=O)NCCCCCCCCCCNC(=O)[*],,130.0,
10544,[*]ON(C(F)(F)F)C(F)(Cl)C([*])(F)F,,,6.7405
8456,[*]Oc1ccc(cc1)C(=Cc1ccc(cc1)OCCCC[*])C,,182.0,
8204,[*]OC(COC(=O)CCCCCCCC(=O)[*])C,,-42.0,
6315,[*]c1cc2c(C(=O)N(C2=O)C2C(=O)N(C(=O)C2)c2ccc(cc2)Cc2ccc(cc2)NC(=O)[*])cc1,123.0,,
8673,[*]S(=O)(=O)c1ccc(cc1)NC(=O)CCCCCCC(=O)Nc1ccc(cc1)[*],,192.0,
6979,[*]C(C[*])(C(=O)OCC(C(C(C(C(C(C(C(C(C(C(F)(F)F)(F)F)(F)F)(F)F)(F)F)(F)F)(F)F)(F)F)(F)F)(F)F)(F)F)F,,198.85,
382,[*]C(C[*])(C(=O)OCCBr)C,52.0,,
6079,[*]N1C(=O)c2c(C1=O)cc(cc2)Oc1ccc(cc1)C(c1ccc(cc1)Oc1cc2c(C(=O)N(C2=O)c2c(cc(cc2C)c2cc(c(c(c2)C)[*])C)C)cc1)(C)C,280.0,,
10229,[*]OC(=O)CCCCCCCCCCCC([*])=O,,,6.2745
3180,[*]Oc1ccc(cc1)C(c1ccc(cc1)Oc1ccc(cc1)C(=O)c1ccc(cc1)C(c1ccc(cc1)C(=O)c1ccc(cc1)[*])(C)C)(C(F)(F)F)C(F)(F)F,179.0,,
8483,[*]Oc1ccc(cc1)C(=O)OC(=O)c1c(cccc1)C(=O)OC(=O)c1ccc(cc1)OCC[*],,90.0,
8578,[*]Oc1ccc(cc1)OC(=O)CCC(=O)[*],,300.0,
11248,[*]c1ccc(C)c(N2CC(=O)N([*])CC2=O)c1,,,5.1153
6245,[*]c1cc2c(C(=O)N(C2=O)c2ccc(cc2)Oc2cc(ccc2)c2nc(cc(c2)c2ccccc2)c2cc(ccc2)Oc2ccc(cc2)N2C(=O)c3c(C2=O)cc(cc3)C(=O)[*])cc1,260.0,,
2581,[*]C(C[*])(C(=O)OCCCCCCCCCCOc1ccc(cc1)N=Nc1ccc(cc1)C1OCC2(CO1)CC1C=CC2C1)C,103.2,,
6020,[*]c1cc2c(C(=O)N(C2=O)c2cc(cc(c2)C(F)(F)F)Oc2c(cc(cc2C)c2cc(c(c(c2)C)Oc2cc(cc(c2)C(F)(F)F)N2C(=O)c3c(C2=O)cc(cc3)C(=O)[*])C)C)cc1,265.4,,
5867,[*]c1cc2c(C(=O)N(C2=O)c2cc(c(cc2)c2c(cc(cc2)N2C(=O)c3c(C2=O)cc(cc3)C(=O)[*])C)C)cc1,385.0,,
9238,[*]CC([*])(C#N)C(=O)OCCCCCCC,,,6.3455
9435,[*]CCCOCCOCCOC(=O)Nc1ccc(C)c(NC(=O)O[*])c1,,,5.0994
1790,[*]c1cc2c(C(=O)N(C2=O)c2ccc(cc2)Oc2ccc(cc2)N2C(=O)c3c(C2=O)cc(cc3)C(CCCCC([*])(C)C)(C)C)cc1,168.25,,
6422,[*]Oc1ccc(cc1)C1(CC(CC(C1)C)(C)C)c1ccc(cc1)OC(=O)[*],234.25,,
9606,[*]CCCCCCOC(=O)C1CCC(C(=O)O[*])CC1,,,6.5806
3650,[*]C1COC2C1OCC2OC(=O)C(NC(=O)CCCCCCC(=O)NC(C(=O)O[*])C)C,57.0,,
2734,[*]C1C2C(C(C(C1[*])C2)C(=O)OCCC1C2CCC(C1)C2)C(=O)OCCC1C2CCC(C1)C2,260.0,,
10034,[*]OC1CCC(NC([*])=O)CC1,,,6.28
5901,[*]c1cc2c(C(=O)N(C2=O)c2ccc(cc2)Oc2cc(ccc2)Oc2ccc(cc2)N2C(=O)c3c(C2=O)cc(cc3)C(=O)Nc2ccc(cc2)Oc2c(cccc2)c2c(cccc2)Oc2ccc(cc2)NC(=O)[*])cc1,229.0,317.0,
2288,[*]C(=C([*])c1ccccc1)c1ccc(cc1)[Si](C)(C)C,200.0,,
12039,[*]CC(C=C1)=CC=C1C(=S)C(S2)=CC=C2[*],,,2.7917
9349,[*]CCCCC(=O)NCCCCCCNC(=O)CCCCO[*],,,5.8826
7693,[*]OC(=O)C(C[*])(CCl)CCl,,298.5,
2719,[*]C(C[*])(C(=O)OCCCCCCN1CCN(CC1)c1ccc(cc1)N=Nc1ccc(cc1)[N+](=O)[O-])C,60.0,118.0,
5943,[*]c1cc2c(C(=O)N(C2=O)c2cc(c(cc2)c2c(cc(cc2)N2C(=O)c3c(C2=O)cc(cc3)C(=O)Oc2cc(c(cc2)c2c(cc(cc2)OC(=O)[*])C)C)C)C)cc1,177.0,,
936,[*]N1C(=O)c2c(C1=O)cc(cc2)Oc1cc2c(cc1Oc1cc3c(C(=O)N(C3=O)c3ccc(cc3)Oc3ccc(cc3)c3ccc(cc3)Oc3ccc(cc3)[*])cc1)cccc2,222.5,,
6168,[*]N1C(=O)C(CC1=O)Nc1cc(ccc1)NC1C(=O)N(C(=O)C1)c1ccc(cc1)Oc1c(cc(cc1C)C(c1cc(c(c(c1)C)Oc1ccc(cc1)[*])C)c1cnccc1)C,217.0,,
570,[*]C1(C(C(C(C1(F)F)(F)F)(C([*])(F)F)F)(F)F)F,117.0,,
7789,[*]OC(=O)CCCCCCC(=O)OCCCCCCCCCCCCCCCCCCCC[*],,86.5,
10247,[*]Oc1ccc(C2(c3ccc(OC([*])=O)cc3)c3ccccc3-c3ccccc32)cc1,,,4.4035
9598,[*]Oc1ccc(Cc2ccc(OC(=O)c3cccc(C([*])=O)c3)cc2)cc1,,,3.7336
4832,[*]Nc1ccc(cc1)C1(c2ccccc2c2ccccc12)c1ccc(cc1)NC(=O)c1cc(ccc1)C(=O)[*],277.0,,
2133,[*]C(C[*])c1ccc(cc1)C(=O)OCCN(CC)CC,74.0,,
6139,[*]N1C(=O)c2c(C1=O)cc(cc2)NC(=O)Nc1nc(ccc1)NC(=O)Nc1cc2c(C(=O)N(C2=O)c2ccc(cc2)Oc2c(c3c(cc2)cccc3)c2c3c(ccc2Oc2ccc(cc2)[*])cccc3)cc1,283.0,,
3195,[*]c1cc2c(oc(n2)c2nc(ccc2)c2oc3c(n2)cc(cc3)C([*])(C(F)(F)F)C(F)(F)F)cc1,329.0,,
9980,[*]NC(COC(C)=O)C([*])=O,,,5.9781
8856,[*]c1ccc(cc1)/C=C/c1c(cc(c(c1)CCCCCCCCCCCC)/C=C/[*])CCCCCCCCCCCC,,197.0,
6296,[*]c1cc2c(C(=O)N(C2=O)c2cc(cc(c2)c2oc3c(n2)cccc3)N2C(=O)c3c(C2=O)cc(cc3)C(=O)Nc2ccc(cc2)S(=O)(=O)c2ccc(cc2)NC(=O)[*])cc1,367.0,,
5982,[*]C1C(=O)N(C(=O)C1[*])c1cc(c(c(c1)Br)O[Si](CC)(CC)CC)Br,160.0,,
1156,[*]OC(=O)C(C[*])(CC)CC,60.0,244.175,
10031,[*]NNC(=S)c1ccc(C([*])=S)cc1,,,3.4154
3725,[*]c1sc(nn1)c1ccc(cc1)OCCCCCCCCCCCOC(=O)CCCCC(=O)OCCCCCCCCCCCOc1ccc(cc1)[*],69.0,129.0,
6942,[*]C#CC(=C([*])CCCCOC(=O)NCCCCCCCC)CCCCOC(=O)NCCCCCCCC,,186.85,
7848,[*]OC(=O)CCCCSCCCCC(=O)OCCCC[*],,37.5,
5548,[*]c1cc2c(C(=O)N(C2=O)c2ccc(cc2)C(=O)NCCN(CCNC(=O)[*])c2ccc(cc2)C=Cc2ccc(cc2)[N+](=O)[O-])cc1,178.0,,
7598,[*]NNC(=O)c1cc(ccc1)C(=O)NNC(=O)C(CCCCCCCCC(C(=O)[*])Oc1cc(ccc1)C=O)Oc1cc(ccc1)C=O,,205.0,
4180,[*]c1sc(cc1CCCCCCOC(=O)COC)[*],37.0,,
1751,[*]N1C(=O)c2c(C1=O)c(ccc2)Oc1cc(ccc1)Oc1c2c(C(=O)N(C2=O)c2cc(ccc2)[*])ccc1,241.0,,
1234,[*]OC(=O)c1c(ccc(c1)C(=O)OCC(C(C(C[*])(F)F)(F)F)(F)F)OCCCCC,9.0,,
11572,[*]c1ccc(C(=O)Nc2ccc(-c3ccc(NC(=O)c4ccc(-n5c(=O)c6sc7c(=O)n([*])c(=O)c7sc6c5=O)cc4)cc3)cc2)cc1,,,1.2847
11163,[*]C(=O)OC1CC([*])N(C(=O)OCc2ccccc2)C1,,,5.588
6642,[*]c1ccc2n(c3c(c2c1)cc(cc3)Nc1ccc(cc1)C(=O)c1ccc(cc1)C(=O)c1ccc(cc1)N[*])CC(CCCC)CC,213.0,,
386,[*]C(C[*])(C(=O)Oc1c(c(c(c(c1Cl)Cl)Cl)Cl)Cl)C,110.0,,
1624,[*]c1cc2c(C(=O)N(C2=O)c2cc(ccc2)C(C(C(C(C(c2cc(ccc2)N2C(=O)c3c(C2=O)cc(cc3)C(C(C(C([*])(F)F)(F)F)(F)F)(F)F)(F)F)(F)F)(F)F)(F)F)(F)F)cc1,144.0,,
6709,[*]O[Si]([*])(CCCCCCn1c2ccccc2c2ccccc12)C,-5.0,,
1613,[*]c1[nH]c(nc1c1ccc(cc1)NC(=O)Nc1ccc(cc1)NC(=O)Nc1ccc(cc1)[*])c1ccc(cc1)[N+](=O)[O-],292.0,,
9994,[*]NC(CCC(=O)OCCC)C([*])=O,,,5.8843
423,[*]C(C[*])C(=O)OC12CC3(CC(CC(C1)C3)(C2)C)C,103.43,,
5123,[*]c1cc2c(C(=O)N(C2=O)c2ccc(cc2)Oc2ccc(cc2)S(=O)(=O)c2ccc(cc2)Oc2ccc(cc2)N2C(=O)c3c(C2=O)cc(cc3)C(=O)Nc2ccc(cc2)Oc2ccc(cc2)C2(c3c(C(=O)N2)cccc3)c2ccc(cc2)Oc2ccc(cc2)NC(=O)[*])cc1,283.0,,
9010,[*]c1sc(cc1CCCCCCCC)c1sc(cc1CCCCCCCCC(C(C(C(F)(F)F)(F)F)(F)F)(F)F)[*],,193.0,
2130,[*]C1C(C2CC(C1C2)[*])CCCCCC,237.33,,
1109,[*]OC(=O)CCCCC(=O)OCCCCC[*],-70.33,37.7,
3111,[*]c1nc(ccc1)Oc1ccc(cc1)Oc1ccc(cc1)S(=O)c1ccc(cc1)Oc1ccc(cc1)O[*],138.0,,
2733,[*]C1C2C(C(C(C1[*])C2)C(=O)OCC1C2CCC(C1)C2)C(=O)OCC1C2CCC(C1)C2,320.0,,
1836,[*]OC(=O)c1ccc(cc1)CCCCCCc1ccc(cc1)C(=O)[*],20.0,151.0,
7681,[*]OC(=O)C(=O)OCCCCCCCCCC[*],,77.25,
2282,[*]C(=C[*])c1c(cc(cc1C)C(C)(C)C)C,200.0,,
804,[*]Oc1cc(ccc1)NC(=O)CCCCC(=O)Nc1ccc(cc1)[*],153.33,225.0,
834,[*]Oc1ccc(cc1)Oc1ccc(cc1)OC(=O)c1cc(cc(c1)OCCCCC)C(=O)[*],126.0,278.0,
6663,[*]N(CC(C[*])O)c1ccc(cc1)N=Nc1c(cc(cc1)[N+](=O)[O-])C,156.0,,
9372,[*]CCOCCOC(=O)NCCCCCCNC(=O)O[*],,,6.0376
8577,[*]Oc1ccc(cc1)OC(=O)C1C(C1)C(=O)[*],,233.3333333,
7840,[*]OC(=O)CCCCS(=O)(=O)CCCCC(=O)OCCCCC[*],,86.0,
522,[*]C(C[*])(C(=O)NC(=O)OCCOc1c(cc(cc1Br)S(=O)(=O)c1cc(c(c(c1)Br)OCCO)Br)Br)C,110.0,,
6937,[*]C#CC(=C([*])CCCCOC(=O)NCCC)CCCCOC(=O)NCCC,,230.85,
6644,[*]Nc1ccc(cc1)C(c1cc(ccc1)C(c1ccc(cc1)Nc1ccc(cc1)C(=O)c1ccc(cc1)C(=O)c1ccc(cc1)[*])(C)C)(C)C,177.0,,
9626,[*]CCCCCCCCCCCCOC(=O)CCCCC(=O)O[*],,,6.8209
8941,[*]c1oc(nn1)C1CC(CCC1)[*],,290.0,
752,[*]OC(=O)NCCCCCCNC(=O)OCCOCCOCCOCC[*],-18.5,83.0,
1791,[*]N1C(=O)c2c(C1=O)cc(cc2)c1cc2c(C(=O)N(C2=O)c2ccc(cc2)Oc2c3c(ccc2)c(ccc3)Oc2ccc(cc2)[*])cc1,305.0,,
7190,[*]N(CC[*])C(=O)CCC(C(C(C(C(C(C(C(C(C(C(C(F)(F)F)(F)F)(F)F)(F)F)(F)F)(F)F)(F)F)(F)F)(F)F)(F)F)(F)F)(F)F,,236.0,
6588,[*]Nc1c(cc(cc1)[*])OCCCCCCCCCCOc1ccc(cc1)C1CCC(CC1)CCCCC,54.0,,
289,[*]C(C[*])OC(=O)CCCC(=O)c1ccc(cc1)C,40.0,,
1677,[*]c1cc2c(C(=O)N(C2=O)c2ccc(cc2)NC(=O)c2cc(ccc2)N2C(=O)c3c(C2=O)cc(cc3)C(=O)[*])cc1,308.0,,
10678,[*]C(=O)c1ccc2c(c1)C(=Nc1ccc(Oc3cccc(N=C4OC(=O)c5ccc([*])cc54)c3)cc1)OC2=O,,,2.5722
3252,[*]Oc1ccc(cc1)N=C(c1ccc(cc1)Oc1ccc(cc1)C(c1ccc(cc1)Oc1ccc(cc1)C(=Nc1ccc(cc1)[*])C)(C)C)C,141.0,,
4548,[*]OC(=O)c1ccc(cc1)C(=O)OCCOC(=O)CCCCCCCCCCC(=O)OCC[*],-8.0,68.0,
9118,[*]CC([*])c1cc(Br)ccc1OC(C)C,,,4.6199
8450,[*]Oc1ccc(cc1)C(=Cc1ccc(cc1)OC(=O)CCCCCCCCCC(=O)[*])C,,434.0,
12053,[*]CCC(C=C1)=CC=C1O[*],,,4.9179
6194,[*]N1C(=O)c2c(C1=O)cc(cc2)S(=O)(=O)c1cc2c(C(=O)N(C2=O)C2CCC(CC2)[*])cc1,363.0,,
10363,[*]CC([*])OC(=O)OCC(Cl)(Cl)Cl,,,6.5923
4859,[*]Nc1c(cc(cc1)c1cc(c(cc1)NC(=O)c1cc(ccc1)C(=O)[*])OC)OC,218.2,,
11306,[*]CCCCCCCNC(=O)C(OC)C(OC)C(=O)N[*],,,5.7148
11362,[*]Nc1ccc(NC(=O)c2ccc(C(=O)c3ccc(C([*])=O)c(C(=O)O)c3)cc2C(=O)O)cc1,,,3.0554
1278,[*]c1cc2c(C(=O)N(C2=O)c2ccc(cc2)C(=O)Nc2ccc(cc2)C(=O)OCCCCOC(=O)[*])cc1,130.0,310.0,
4141,[*]SSC(C[*])c1ccccc1,4.8,,
7257,[*]N1C(CN(C(C1)C)C(=O)Oc1ccc(cc1)OC(=O)[*])C,,350.0,
7204,[*]N(CC[*])C(=O)CCCCCO,,300.0,
10336,[*]C1CC2CC1C([*])C2CCCC,,,6.1498
5202,[*]c1cc2c(C(=O)N(C2=O)c2ccc(cc2)C(=O)Nc2ccc(cc2)NC(=O)[*])cc1,297.5,,
2115,[*]C(C[*])C1C(CCCC1)C,186.0,,
11350,[*]CCNC(=O)CCCCCCCCCCCCCCC(=O)N[*],,,5.9522
11584,[*]C=CC1CC([*])C2C(=O)N(CCC)C(=O)C12,,,5.2391
5944,[*]c1cc2c(C(=O)N(C2=O)c2cc(c(cc2)c2c(cc(cc2)N2C(=O)c3c(C2=O)cc(cc3)C(=O)Oc2c(ccc(c2)OC(=O)[*])C23CC4CC(CC(C2)C4)C3)C)C)cc1,225.0,,
6521,[*]c1nc2c([nH]1)ccc(c2)[*],398.0,450.0,
10905,[*]c1ccc(-c2ccc(-c3cc(SCCCCCCCCCC)c([*])s3)cc2)cc1,,,3.0684
1275,[*]Oc1ccc(cc1)OC(=O)/C=C/c1ccc(cc1)/C=C/C(=O)[*],210.0,,
12025,[*]CC(S1)=CC=C1OC(=S)[*],,,3.7579
8434,[*]Oc1cc(ccc1)OC(=O)c1c(cccc1)C=Cc1ccc(cc1)C=Cc1c(cccc1)C(=O)[*],,300.0,
7560,[*]NC(CCCCNC(=O)CCCCC(=O)[*])C(=O)O,,92.75,
10716,[*]C=Cc1sc([*])c2c1OC(CCCCCC)CO2,,,1.0146
6632,[*]N(CC[*])C(=O)c1c(cc(c(c1)F)F)F,105.0,,
1644,[*]N1C(=O)c2c(C1=O)cc(cc2)c1cc2c(C(=O)N(C2=O)c2ccc(cc2)Oc2ccc(cc2)[*])cc1,281.03,450.0,
3966,[*]Oc1ccc(cc1)C(c1ccc(cc1)OCC(CN(CC(C[*])O)c1ccc(cc1)N=Nc1ccc(cc1)[N+](=O)[O-])O)(C)C,59.0,,
2153,[*]C(C[*])c1ccc(cc1)[Si](O[Si](C)(C)C)(C)C,35.5,,
11526,[*]c1cccc(Oc2cccc(-n3c(=O)c4cc5c(=O)n([*])c(=O)c5cc4c3=O)c2)c1,,,2.5671
126,[*]C(C[*])c1ccc(cc1)C(=O)CCCCCCC,50.0,,
1095,[*]OC(=O)c1ccc(cc1)C(=O)OCCCCC[*],20.39,134.0,
11090,[*]Oc1ccc2cc(C([*])=O)ccc2c1-c1ccccc1,,,3.7414
1276,[*]Oc1ccc(cc1)c1ccc(cc1)OC(=O)/C=C/c1ccc(cc1)/C=C/C(=O)[*],243.0,,
2590,[*]C(C[*])C(=O)Oc1cc(cc(c1)C)C,54.0,,
5233,[*]N1C(=O)c2c(C1=O)c(c(c(c2c1ccccc1)c1ccccc1)c1ccc(cc1)c1c(c2c(C(=O)N(C2=O)c2ccc(cc2)[*])c(c1c1ccccc1)c1ccccc1)c1ccccc1)c1ccccc1,418.5,,
8787,[*][Si](CCC[*])(c1ccccc1)c1ccccc1,,55.0,
9183,[*]CC([*])C(=O)OCCCCCCCCCCCCCC,,,6.5079
11766,[*]N=C1c2ccccc2C(=Nc2ccc([*])cc2)c2ccccc21,,,1.6985
12110,[*]CNC(C=C1)=CC=C1C(=O)[*],,,3.6383
10026,[*]Nc1ccc(-c2ccc(NC(=O)c3cc(C([*])=O)cc(S(=O)(=O)c4ccccc4)c3)cc2)cc1,,,3.1781
7634,[*]Nc1cc(ccc1)NC(=O)CCC(=O)[*],,232.0,
8517,[*]Oc1ccc(cc1)C(c1ccc(cc1)OC(=O)[*])(CCCCCCC)C,,180.0,
9895,[*]CCCCCCCCCCCNC(=O)CCCCC(=O)N[*],,,6.1376
10357,[*]C=CC(CN)C([*])C(=O)O,,,5.3681
704,[*]OC(C[*])CCCCCCCCCC,-41.0,102.5,
7905,[*]OC(=O)NCCC(CCCNC(=O)OCC[*])OC,,170.0,
4798,[*]c1c2c(c(=O)n(n1)c1ccc(cc1)S(=O)(=O)c1ccc(cc1)[*])cccc2,422.0,,
10391,[*]C=CC(C)(C)CC(C#N)C[*],,,5.6628
11176,[*]CC#CCOC(=O)CCCCCCCCCCC(=O)O[*],,,6.5433
1227,[*]Oc1c(cc(cc1C)C(c1cc(c(c(c1)C)OC(=O)CCCCCCCCC(=O)[*])C)(C)C)C,45.0,,
10136,[*]c1ccc(Oc2ccc(-n3c(=O)c4cc5c(=O)n([*])c(=O)c5cc4c3=O)cc2)cc1,,,2.3733
10295,[*]c1ccc(-n2ccc(-c3ccc(-c4ccn([*])n4)cc3)n2)cc1,,,3.3335
4838,[*]Nc1ccc(cc1)Cc1ccc(cc1)NC(=O)c1cc(cc(c1)NC(=O)CCCN1C(=O)c2c(C1=O)cccc2)C(=O)[*],220.0,,
1759,[*]N1C(=O)c2c(C1=O)c(ccc2)Oc1ccc(cc1)Oc1ccc(cc1)Oc1c2c(C(=O)N(C2=O)c2ccc(cc2)Oc2ccc(cc2)[*])ccc1,239.0,,
8189,[*]OC(CCOC(=O)COCC(=O)[*])C,,5.5,
4674,[*]NC(=O)c1ccc(cc1)C(=O)NCC(CC(CC[*])CC)C,139.0,200.0,
2371,[*]C(C[*])(CC(=O)OC1CCCCCCC1)C(=O)OC1CCCCCCC1,124.0,,
7788,[*]OC(=O)CCCCCCC(=O)OCCCCCCCCCCCCCC[*],,82.0,
3829,[*]Oc1ccc(cc1)C(=O)Nc1cc(cc(c1)c1nc2c([nH]1)cccc2)NC(=O)c1ccc(cc1)OCCOCCOCC[*],165.0,,
179,[*]C(C[*])n1nc2c(c1)cccc2,41.5,,
8508,[*]Oc1ccc(cc1)C(=O)OCCOC(=O)c1ccc(cc1)OCC[*],,249.6333333,
3739,[*]Oc1ccc(cc1)N1ON1c1ccc(cc1)OCCCCCCOC(=O)C(C(=O)OCCCCCC[*])CCCCCBr,7.0,,
4065,[*]Oc1ccc(cc1)C(=O)c1cc(ccc1)[*],145.0,,
11071,[*]CCCCCCOC(=O)C1C(=O)C2CCC1C(=O)C2C(=O)O[*],,,5.2747
6075,[*]N1C(=O)c2c(C1=O)c(ccc2)Oc1c(c(cc(c1)C(C)(C)C)C(C)(C)C)Oc1c2c(C(=O)N(C2=O)c2ccc(cc2)Oc2ccc(cc2)[*])ccc1,238.0,,
6411,[*]Oc1ccc(cc1)C(c1ccc(cc1)OC(=O)OCCN(CCOC(=O)[*])c1ccc2[nH]c3c(c2c1)cccc3)(C)C,90.0,,
6107,[*]N1C(=O)C2C3C4C(C(C2C1=O)C=C3)C(=O)N(C4=O)CCCC[*],211.0,350.0,
11493,[*]c1ccc(Cc2ccccc2-n2c(=O)c3cc4c(=O)n([*])c(=O)c4cc3c2=O)cc1,,,2.9239
9054,[*]n1c(=O)c2cc3c(cc2c1=O)c(=O)n(c3=O)CCCCCC(=O)Oc1c(cc(cc1)OC(=O)CCCCC[*])Cl,,225.0,
982,[*]Oc1c(cc(cc1)Oc1ccc(cc1)C(=O)Nc1ccc(cc1)Oc1ccc(cc1)NC(=O)c1ccc(cc1)[*])c1ccccc1,219.0,,
5766,[*]N1C(=O)c2c(C1=O)cc(cc2)C(c1cc2c(C(=O)N(C2=O)CC(=O)Nc2ccc(cc2)Oc2ccc(cc2)Oc2ccc(cc2)NC(=O)C[*])cc1)(C(F)(F)F)C(F)(F)F,242.0,,
7199,[*]N(CC[*])C(=O)CCCCCCCCCCCC,,145.0,
6600,[*]c1ccc2n(c3c(c2c1)cc(cc3)c1cc2C(c3c(c2cc1)ccc(c3)[*])(CCCCCC)CCCCCC)c1ccc(cc1)OC,174.0,,
11085,[*]OC(CCc1ccccc1)CC([*])=O,,,5.4818
7720,[*]OC(=O)CC(CCC(=O)OCCCCCC[*])C,,-44.5,
8908,[*]c1nc(sc1)c1nc(cs1)c1ccc(cc1)CCCCCCc1ccc(cc1)[*],,305.1666667,
3597,[*]Oc1c2c(c(cc1)c1c3c(c(cc1)Oc1ccc(cc1)Oc1ccc(cc1)S(=O)(=O)c1ccc(cc1)Oc1ccc(cc1)[*])cccc3)cccc2,214.0,,
1266,[*]Oc1c(cc(cc1)c1ccc(cc1)OC(=O)c1ccc(cc1)C(=O)[*])c1ccccc1,132.0,323.0,
9206,[*]CC([*])(Cl)C(=O)OC,,,5.8077
8107,[*]OC(=O)c1ccc(cc1)C[*],,180.0,
6084,[*]N1C(=O)c2c(C1=O)cc(cc2)Oc1c(cc(cc1C)Cc1cc(c(c(c1)C)Oc1cc2c(C(=O)N(C2=O)c2c(cc(cc2C)Cc2cc(c(c(c2)C)[*])C)C)cc1)C)C,264.0,,
583,[*]OC(C[*])CBr,-14.0,112.0,
1676,[*]c1cc2c(C(=O)N(C2=O)c2cc(ccc2)NC(=O)c2cc(ccc2)N2C(=O)c3c(C2=O)cc(cc3)C(=O)[*])cc1,285.67,,
6816,[*]c1c(ccc(c1)[*])c1oc2c(n1)cccc2,229.0,,
9659,[*]OC(CC([*])=O)C(Cl)(Cl)Cl,,,5.7388
11112,[*]CCCCCCCCCCCCCCCCOC(=O)CCC=CCCC(=O)O[*],,,6.0336
7774,[*]OC(=O)CCCCCC(=O)OCCCC[*],,39.5,
2803,[*]Oc1c(cc(cc1C)C(c1cc(c(c(c1)C)OCC(C[*])O)C)(C)C)C,130.0,,
4403,[*]c1nc(ccc1)C=Cc1c2c(ccc1OC(=O)c1ccc(cc1)C(=O)Oc1c(c3c(cc1)cccc3)C=C[*])cccc2,145.0,230.0,
7275,[*]N1CCN(CC1)C(=O)CCN1C(CN(CC1)CCC(=O)[*])C,,218.0,
7012,[*]C(C[*])C(=O)OCCCCCCCCCCCCCC,,26.875,
8590,[*]Oc1ccc(cc1)OCC(=O)OC(=O)COc1ccc(cc1)C(c1ccc(cc1)OCC(=O)OC(=O)C[*])(C)C,,224.0,
10010,[*]CCCCCNC(=O)CCCCCCCCC(=O)NCCCCCNC(=O)C(=O)N[*],,,5.7501
206,[*]C#CC(=C([*])COS(=O)(=O)c1ccc(cc1)C)COS(=O)(=O)c1ccc(cc1)C,-73.0,,
855,[*]OCC(C[*])(CC)C,-47.0,44.925,
413,[*]C(C[*])C(=O)OCCSC,-60.0,,
5455,[*]N1C(=O)c2c(C1=O)cc(cc2)Oc1cc2c(C(=O)N(C2=O)c2cc(ccc2)C(c2cc(ccc2)[*])O)cc1,252.0,,
9499,[*]CC(CO[*])(COC=O)COC=O,,,6.4753
3900,[*]Oc1c(c2c(cc1)cccc2)Sc1c2c(ccc1OCC(=O)Nc1c3c(ccc1)c(ccc3)NC(=O)C[*])cccc2,264.0,,
10095,[*]C(=O)OCC(C)(C)COC(=O)N1CC(C)N([*])CC1C,,,5.8365
4881,[*]Nc1ccc(cc1)c1ccc(cc1)NC(=O)c1cc(cc(c1)NC(=O)c1ccc(cc1)NC(=O)C(N1C(=O)c2c(C1=O)cccc2)C)C(=O)[*],202.0,,
5164,[*]c1cc2c(C(=O)N(C2=O)c2cc(ccc2)Cc2ccc(cc2)N2C(=O)c3c(C2=O)cc(cc3)C(=O)[*])cc1,265.6,,
11915,[*]c1cc([*])cc(C23CC4CC(CC(C4)C2)C3)c1,,,4.4178
3147,[*]Oc1ccc(cc1)C(c1ccc(cc1)Oc1ccc(cc1)C(=O)C(=O)c1ccc(cc1)[*])(C(F)(F)F)C(F)(F)F,157.0,,
4706,[*]OC(=O)NNC(=O)CCCCCCCCC(=O)NNC(=O)OCCCCC[*],20.0,,
7406,[*]NC(=O)CCCCCC(=O)NCC1CCC(CC1)C[*],,240.5,
2402,[*]C(C[*])C(=O)OCCCCOC(=O)c1ccc(cc1)OC(=O)c1ccc(cc1)C#N,40.0,,
411,[*]C(C[*])C(=O)OCF,15.0,,
7233,[*]N1C(=O)C(CC1=O)SCCOCCSC1C(=O)N(C(=O)C1)c1ccc(cc1)C(=O)OCCCCCCOC(=O)c1ccc(cc1)[*],,83.0,
8547,[*]Oc1ccc(cc1)C=NC1CCC(CC1)CC1CCC(CC1)N=Cc1ccc(cc1)OC(=O)CCCCC(=O)[*],,170.0,
11838,[*]c1ccc([*])c2nc(CCCCCCC)c(CCCCCCC)nc12,,,3.0414
8865,[*]c1ccc(cc1)CCCC[*],,405.0,
1769,[*]c1cc2c(C(=O)N(C2=O)c2ccc(cc2)C(=O)NC2CCC(CC2)CC2CCC(CC2)NC(=O)[*])cc1,275.0,,
6669,[*]S(=O)(=O)c1ccc(cc1)Nc1ccc(cc1)Nc1ccc(cc1)[*],145.0,,
11036,[*]OC(C)CCOC(=O)CCCCCCCC([*])=O,,,6.6793
4222,[*]c1sc(cc1)C(=O)Oc1ccc(cc1)[Si](c1ccc(cc1)OC(=O)[*])(CC)C,-51.0,67.0,
9779,[*]OC(C)COC(=O)CCCCCCCCC([*])=O,,,6.952
4691,[*]Nc1ccc(cc1)Cc1ccc(cc1)NC(=O)c1cc(cc(c1)N1C(=O)C=CC1=O)C(=O)[*],287.0,,
1770,[*]N1C(=O)c2c(C1=O)cc(cc2)c1cc2c(C(=O)N(C2=O)c2ccc(cc2)C2(c3ccccc3c3ccccc23)c2ccc(cc2)[*])cc1,388.0,,
5589,[*]c1cc2c(C(=O)N(C2=O)c2ccc(cc2)OCCN(CCOc2ccc(cc2)N2C(=O)c3c(C2=O)cc(cc3)C([*])(C(F)(F)F)C(F)(F)F)c2ccccc2)cc1,170.0,,
9046,[*]n1c(=O)c2cc3c(cc2c1=O)c(=O)n(c3=O)CC(=O)OCCCCCCCCCCCCOC(=O)C[*],,173.0,
10848,[*]C1C=C(C)C([*])S1,,,5.0392
1308,[*]NC(=O)CCCCCCCCC(=O)NCCCCCC[*],43.11,223.1222222,
12219,[*]NC(=S)C(=O)O[*],,,2.4947
2853,[*]c1ccc2c3n(c4ccc(cc4n3)Oc3cc4n5c(nc4cc3)c3cccc4c(ccc(c5=O)c34)Oc3cc(ccc3)O[*])c(=O)c3cccc1c23,369.5,,
2469,[*]C(C[*])(C(=O)OCCCCCc1ccc(cc1)N=Nc1ccc(cc1)OC(F)(F)F)C,202.5,,
6095,[*]N1C(=O)c2c(C1=O)cc(cc2)Oc1cc2c(C(=O)N(C2=O)c2c(cc(cc2C)C(c2cc(c(c(c2)C)[*])C)c2cc(ccc2)C(F)(F)F)C)cc1,264.1,,
3731,[*]Oc1c(cc(cc1)C(C)(C)C)Oc1ccc(cc1)S(=O)(=O)c1ccc(cc1)[*],175.6,,
7912,[*]OC(=O)NCCCCCCCCCCNC(=O)OCCCCCCCC[*],,137.0,
7610,[*]Nc1c(cc(cc1)[*])C,,182.19,
5871,[*]c1nc(ccc1)N1C(=O)N(C(=O)C1=O)CCCCCCN1C(=O)N(C(=O)C1=O)[*],169.67,,
8088,[*]OC(=O)c1ccc(cc1)C(=O)OCCCC(=O)NCCCCCCNC(=O)CCC[*],,140.0,
4281,[*]Oc1ccc(cc1)c1ccc(cc1)OC(=O)c1c(cc(cc1)C(=O)[*])Sc1cc2c(cc1)cccc2,141.0,259.0,
10715,[*]c1sc([*])c2c1OCC(CCCCCC)O2,,,3.3322
2736,[*]C(C[*])(C(=O)OCCC1CC[N+](CC1)(CCCCCCOc1ccc(cc1)N=Nc1ccc(cc1)[N+](=O)[O-])C)C,57.8,,
7650,[*]Nc1ccc(cc1)NC(=O)CCC(=O)[*],,400.0,
8928,[*]c1nccc(c1)C(=O)NCCCCCCNC(=O)[*],,162.5,
4226,[*]Oc1ccc(cc1)C(c1ccc(cc1)OC(=O)c1ccc(cc1)C(c1ccc(cc1)C(=O)[*])(C)C)(C)C,227.5,,
8597,[*]Oc1ccc(cc1)OCc1ccc(cc1)COc1ccc(cc1)OCCCCCCCCC[*],,176.85,
11487,[*]C(=O)c1ccc2c(c1)C(=O)N(c1ccc(Oc3cccc(Oc4ccc(N5C(=O)c6ccc([*])cc6C5=O)cc4)c3)cc1)C2=O,,,2.514
1942,[*]c1nc2c(nc1c1ccccc1)cc(cc2)S(=O)(=O)c1cc2c(nc(c(n2)c2ccccc2)c2ccc(cc2)[*])cc1,345.0,,
1711,[*]c1cc2c(C(=O)N(C2=O)c2ccc(cc2)OCCOCCOc2ccc(cc2)N2C(=O)c3c(C2=O)cc(cc3)C(=O)[*])cc1,235.0,406.0,
436,[*]C(C[*])C(=O)Oc1cc(ccc1)C(=O)OCC,24.0,,
4330,[*]Oc1ccc(cc1)OC(=O)c1c(cc(cc1)C(=O)[*])Oc1ccc(cc1)C1CCCCC1,113.0,368.0,
1855,[*]Oc1ccc(cc1)C(c1ccc(cc1)OC(=O)[*])(C)C,144.87,238.9081707,
3313,[*]c1nc(nc(n1)c1ccc(cc1)Oc1ccc(cc1)Oc1ccc(cc1)[*])c1ccccc1,244.0,290.0,
8116,[*]OC(=O)c1ccc(cc1)Cc1ccc(cc1)C(=O)OCC[*],,320.0,
5450,[*]c1cc2c(C(=O)N(C2=O)c2ccc(cc2)Oc2ccc(cc2)N2C(=O)c3c(C2=O)cc(cc3)C([*])O[Si](C)(C)C)cc1,210.0,,
8427,[*]Oc1cc(ccc1)C(=O)OC(=O)C[*],,131.0,
10342,[*]CC([*])c1ccc(C=O)cc1,,,1.6275
3075,[*]Oc1ccc(cc1)C1(c2ccccc2c2ccccc12)c1ccc(cc1)Oc1ccc(cc1)C(=O)c1ccc(cc1)Oc1ccc(cc1)C(=O)c1ccc(cc1)[*],231.0,,
10313,[*]C=Cc1ccc([*])cc1,,,3.3285
2087,[*]c1c(cc(c(c1)C)CC[*])C,95.0,268.75,
8403,[*]Oc1c(cc(cc1Cl)C(c1cc(c(c(c1)Cl)OC(=O)c1cc(ccc1)C(=O)[*])Cl)(CCC(=O)O)C)Cl,,213.0,
8883,[*]c1n(c(nn1)CCCCCCCCCC[*])N,,242.0,
2420,[*]C(C[*])C(=O)OCCCCC,-57.0,,
4991,[*]OC(=O)NCCCCNC(=O)OCCCC[*],7.0,,
4705,[*]OC(=O)NNC(=O)CCCCCCCCC(=O)NNC(=O)OCCCC[*],56.0,,
5931,[*]N1C(=O)c2c(C1=O)cc(cc2)Oc1cc2c(C(=O)N(C2=O)c2ccc(cc2)Oc2ccc(cc2)C(=O)c2ccc(cc2)Oc2ccc(cc2)[*])cc1,243.0,,
4492,[*]OC(C#CC#CC(OC(=O)c1ccc(cc1)C(=O)[*])C)C,133.0,156.0,
4312,[*]OC(=O)c1ccc(cc1)c1ccc(cc1)c1ccc(cc1)C(=O)OCC(C[*])(CC)CC,-20.0,,
9799,[*]CCCCCCNC(=O)CCCCCCC(=O)N[*],,,5.7328
9879,[*]CCCCCNC(=O)CCCCCCCCC(=O)N[*],,,5.6828
8849,[*]c1ccc(cc1)/C(=C(/[*])\OC)/OC,,165.0,
8760,[*]Sc1ccc(cc1)N=Cc1ccc(cc1)C=Nc1ccc(cc1)[*],,300.0,
1508,[*]Nc1ccc(cc1)Cc1ccc(cc1)NC(=O)c1cc(cc(c1)S(=O)(=O)c1ccccc1)C(=O)[*],270.0,,
3283,[*]Oc1ccc(cc1)S(=O)(=O)c1c2c(ccc1)c(ccc2)S(=O)(=O)c1ccc(cc1)Oc1ccc(cc1)c1ccc(cc1)[*],248.0,,
9395,[*]CCOCCOC(=O)CC(=O)O[*],,,6.2374
1655,[*]N1C(=O)c2c(C1=O)cc(cc2)Oc1cc2c(C(=O)N(C2=O)CCCCCC[*])cc1,164.0,,
2173,[*]C(C[*])c1cc(c(cc1)O)OC,142.0,,
5464,[*]N1C(=O)c2c(C1=O)cc(cc2)C(=O)Oc1cc2c(cc1)cc(cc2)OC(=O)c1cc2c(C(=O)N(C2=O)CCCOCCCCOCCC[*])cc1,68.0,200.0,
1270,[*]Oc1ccc(cc1)OC(=O)c1ccc(cc1)[Si](c1ccc(cc1)C(=O)[*])(C)C,176.0,296.0,
1692,[*]c1cc2c(C(=O)N(C2=O)c2ccc(cc2)C(=O)c2ccc(cc2)Cc2ccc(cc2)C(=O)c2ccc(cc2)N2C(=O)c3c(C2=O)cc(cc3)C(=O)[*])cc1,285.5,,
6149,[*]N1C(=O)c2c(C1=O)cc(cc2)NC(=O)Nc1c2c(ccc1)c(ccc2)NC(=O)Nc1cc2c(C(=O)N(C2=O)c2ccc(cc2)c2nc(cc(c2)c2ccc(cc2)c2ccccc2)c2ccc(cc2)[*])cc1,254.0,,
5096,[*]N1C(=O)c2c(C1=O)c(ccc2)c1cc2c(C(=O)N(C2=O)c2cc(ccc2)C(=O)Nc2ccc(cc2)Oc2ccc(cc2)NC(=O)c2cc(ccc2)[*])cc1,291.0,,
5429,[*]N1C(=O)c2c(C1=O)cc(cc2)Oc1cc2c(C(=O)N(C2=O)c2ccc(cc2)C(c2ccc(cc2)[*])(C)C)cc1,265.0,,
5622,[*]c1cc2c(C(=O)N(C2=O)c2cc(c(cc2)Oc2ccc(cc2)N2C(=O)c3c(C2=O)cc(cc3)C([*])(C(F)(F)F)C(F)(F)F)OCCN(c2ccc(cc2)N=Nc2ccc(cc2)[N+](=O)[O-])CC)cc1,202.0,,
11043,[*]CCCCOC(=O)CCC(C)CC(=O)O[*],,,6.6786
11427,[*]CC(C)(COC(=O)NCCCCCCNC(=O)O[*])C(=O)O,,,6.2179
10409,[*]CC([*])OCCOc1ccc(C=C(C#N)C(=O)OC)cc1,,,3.1988
916,[*]Oc1ccc(cc1)OC(=O)c1ccc(cc1)OCCOCCOCCOc1ccc(cc1)C(=O)Oc1ccc(cc1)OCCCCCCCCCC[*],64.0,146.5,
1430,[*]S(=O)(=O)c1cc(ccc1)NC(=O)CCCCCCCCCCC(=O)Nc1cc(ccc1)[*],107.0,,
7605,[*]NNC(=O)c1cc2c(cc1)cc(cc2)C(=O)NNC(=O)c1cc(ccc1)C(=O)[*],,375.0,
11901,[*]CC(=O)C(C)C([*])c1ccc(O)c2ncccc12,,,3.5354
9739,[*]CC(C)(C)COC(=O)CCCCCCCC(=O)O[*],,,6.5848
12372,[*]OC3=CC=CC(C(C2=CC=CC(OC1=CC=CC([*])=C1)=C2)=O)=C3,,,3.6547
10596,[*]c1ccc(Oc2ccc(P(=O)(c3ccccc3)c3ccc(Oc4ccc(-c5cc([*])[nH]n5)cc4)cc3)cc2)cc1,,,4.1018
8047,[*]OC(=O)c1ccc(cc1)C(=O)NCCCCCNC(=O)c1ccc(cc1)C(=O)OCCCCCC[*],,238.0,
3520,[*]c1nc(ccc1)c1cc(c(cc1)Oc1ccc(cc1)C(c1ccc(cc1)Oc1c(cc(cc1)[*])C(F)(F)F)(C)C)C(F)(F)F,121.0,,
114,[*]C(C[*])c1ccc(cc1)C(=O)N1CCOCC1,127.0,,
9316,[*]Oc1c(-c2ccccc2)cc([*])cc1-c1ccccc1,,,3.9085
8741,[*]SCSCCCC[*],,72.5,
1401,[*]Nc1c2c(ccc1)c(ccc2)NC(=O)c1ccc(cc1)C(=O)[*],305.0,,
4783,[*]c1nc2c(nc1c1ccc(cc1)C(=O)NCCCCCCCCCCCCNC(=O)c1ccc(cc1)[*])cccc2,154.0,,
268,[*]C(C[*])OC(=O)c1ccc(cc1)C(C)C,65.65,,
4701,[*]Nc1c(cc(cc1)c1cc(c(cc1)NC(=O)c1cc(ccc1)C(=O)[*])O)O,386.0,545.0,
2345,[*]C=CCCCCCCCCCC(CCCCCCCCC[*])COCCOCCOCCOCCOCc1c2ccc3cccc4ccc(cc1)c2c34,-36.0,,
7050,[*]C(C[*])CCCN(CC(C)C)CC(C)C,,112.0,
10144,[*]C(=O)Nc1ccc(NC(=O)c2ccc3c(c2)C(=O)N(c2ccc(S(=O)(=O)c4ccc(N5C(=O)c6ccc([*])cc6C5=O)cc4)cc2)C3=O)cc1,,,2.7403
7748,[*]OC(=O)CCCC(=O)OCCCCCCCCCCCCCCCCCCCC[*],,78.125,
4579,[*]OC(=O)c1cc(cc(c1)C(C)(C)C)C(=O)OCC[*],94.0,228.5,
193,[*]C(C[*])C[Si](C)(C)C,114.0,,
3634,[*]O[Si](O[Si](O[Si](O[Si](Oc1c2ccccc2c2ccccc2c1[*])(C)C)(C)C)(C)C)(C)C,-35.0,,
7595,[*]NNC(=O)c1cc(cc(c1)Cl)C(=O)NNC(=O)c1cc(ccc1)C(=O)[*],,350.0,
7929,[*]OC(=O)NCCSCCCCCCSCCNC(=O)OCCCCC[*],,92.0,
11210,[*]C(=O)NCCCCCCNC(=O)c1cnn([*])c1,,,5.1584
10203,[*]c1ccc(C(c2ccc(N3C(=O)c4ccc(-c5ccc6c(c5)C(=O)N([*])C6=O)cc4C3=O)cc2)(C(F)(F)F)C(F)(F)F)cc1,,,3.3278
12263,[*]C(F)(F)C(F)(F)CC(=S)[*],,,3.089
321,[*]C(C[*])C(=O)c1ccc(cc1)Br,101.5,,
2215,[*]C(C[*])c1ccc(cc1)COc1ccc(cc1)c1c2c(nsn2)c(cc1)c1sc(cc1)c1sc(cc1)CCCCCC,122.0,,
3141,[*]c1n(c(nn1)c1ccc(cc1)Oc1ccc(cc1)C(c1ccc(cc1)Oc1ccc(cc1)[*])(C)C)c1ccc(cc1)S(=O)(=O)c1ccccc1,198.0,,
8251,[*]OCCCC(=O)NCCCCCCNC(=O)CCCCC[*],,152.0,
9236,[*]CC([*])(C#N)C(=O)OCC(C)C,,,6.6162
615,[*]OCOCCSSCC[*],-57.5,,
11341,[*]Cc1cccc(CNC(=O)C2=C(C(=O)N[*])C3C=CC2C3)c1,,,3.5629
2946,[*]Oc1ccc(cc1)NC(=O)CCCCC(=O)Nc1ccc(cc1)OCC(COc1ccc(cc1)C(c1ccc(cc1)OCC(C[*])O)(C)C)O,112.0,,
10491,[*]C1C2CC(=CC)C(C2)C1[*],,,5.1841
8343,[*]Oc1c(cc(cc1)C(=O)[*])Cl,,500.0,
11841,[*]c1ccc(-c2ccc(N(c3ccccc3)c3ccc4ccc(N([*])c5ccccc5)cc4c3)cc2)cc1,,,3.0933
12234,[*]CCOC(=S)NC(=S)C(C=C1)=CC=C1N[*],,,2.7606
12300,[*]C(C=C1)=CC=C1C(=S)C(S2)=CC=C2C(S3)=CC=C3[*],,,2.1031
5649,[*]c1[nH]c(nc1c1ccc(cc1)NC1C(=O)N(C(=O)C1)c1ccc(cc1)Cc1ccc(cc1)N1C(=O)C(CC1=O)Nc1ccc(cc1)[*])c1ccc(cc1)C=Cc1ccc(cc1)[N+](=O)[O-],250.0,,
7581,[*]NNC(=O)C(=O)NNC(=O)CCCCCCCCC(=O)[*],,300.0,
3916,[*]Oc1c(cccc1)C(=O)NCC[*],84.0,,
6388,[*]C1(C(=O)OC(=O)C1(C(C[*])OCC)C)C,244.0,,
6275,[*]N1C(=O)c2c(C1=O)cc(cc2)C(c1cc2c(C(=O)N(C2=O)CCCCCCCCC[*])cc1)(C(F)(F)F)C(F)(F)F,122.5,,
9034,[*]c1sc2cc3c(cc2n1)sc(n3)CCCCCCCC[*],,301.0,
8118,[*]OC(=O)c1ccc(cc1)N1ON1c1ccc(cc1)C(=O)OCCOCC[*],,85.0,
4655,[*]Oc1ccc(cc1)C1(CC2C(CC1)CCCC2)c1ccc(cc1)OC(=O)c1ccc(cc1)C(=O)[*],275.0,,
2038,[*]N=P([*])(OCCCCCC)OCCCCCC,-104.0,,
1813,[*]N1C(=O)c2c(C1=O)cc(cc2)c1cc2c(C(=O)N(C2=O)c2ccc(cc2)Oc2cc3c(cc2Oc2ccc(cc2)[*])cccc3)cc1,254.17,,
11489,[*]c1ccc(C(=O)c2cccc(-n3c(=O)c4cc5c(=O)n([*])c(=O)c5cc4c3=O)c2)cc1,,,3.1782
4295,[*]Oc1c(cc(cc1)OC(=O)c1c(cc(cc1)c1ccc(cc1)C(=O)[*])c1ccccc1)C(c1ccccc1)(C)C,146.0,,
9044,[*]n1c(=O)c2cc3c(cc2c1=O)c(=O)n(c3=O)C(COC(=O)NCCCCCCNC(=O)OCC([*])CC)CC,,218.0,
4982,[*]OC(=O)NCCCCCCNC(=O)OCCN(CC[*])c1ccccc1,31.9,,
6098,[*]c1cc2c(C(=O)N(C2=O)c2c(cc(cc2C)C(c2cc(c(c(c2)C)N2C(=O)c3c(C2=O)cc(cc3)C(=O)[*])C)c2cc(cc(c2)C(F)(F)F)C(F)(F)F)C)cc1,301.1,,
7854,[*]OC(=O)CCCCSCCCCC(=O)OCCOCCOCC[*],,-38.0,
1792,[*]c1cc2c(C(=O)N(C2=O)c2ccc(cc2)Oc2c3c(ccc2)c(ccc3)Oc2ccc(cc2)N2C(=O)c3c(C2=O)cc(cc3)C(=O)[*])cc1,229.5,,
7371,[*]NC(=O)C1C(C1)C(=O)NCC1C(C1)C[*],,220.0,
6784,[*]c1ccc(cc1)C=C1C(=O)C(=Cc2ccc(cc2)C(=O)c2cc(ccc2)C(=O)[*])CC1,190.0,466.95,
1872,[*]Oc1ccc(cc1)C(c1ccc(cc1)OC(=O)[*])(C(F)(F)F)C(F)(F)F,173.55,,
3379,[*]C1COC2C1OCC2OC(=O)Oc1ccc(cc1)OC(=O)c1ccc(cc1)OC(=O)O[*],112.5,232.0,
10663,[*]Oc1ccc(C=Nc2ccc(N=Cc3ccc(Oc4ccc(C(c5ccccc5)(c5ccccc5)c5ccc([*])cc5)cc4)cc3)cc2)cc1,,,2.9337
1026,[*]Oc1ccc(cc1)C=CC(=O)c1ccc(cc1)Oc1ccc(cc1)C(c1ccc(cc1)[*])(c1ccccc1)C,167.0,,
9301,[*]CCCO[*],,,6.2459
5340,[*]c1cc2c(C(=O)N(C2=O)c2c(cc(cc2CC)Cc2cc(c(c(c2)CC)N2C(=O)c3c(C2=O)cc(cc3)C([*])(C(F)(F)F)C(F)(F)F)CC)CC)cc1,266.0,,
5105,[*]C1C(=O)N(C(=O)C1C(C[*])c1ccccc1)CCCN(c1cc(c(cc1)N=Nc1ccc(cc1)[N+](=O)[O-])C)CC,137.0,,
10629,[*]Oc1ccc(Oc2ccc(C(=O)c3ccc([*])cc3)cc2)cc1C(Br)Br,,,3.947
6468,[*]OC(=O)OCC(C[*])OCCCCCCCCCCCOc1ccc(cc1)C=Cc1ccc(cc1)[N+](=O)[O-],21.0,,
7525,[*]NC(=O)c1ccc(cc1)C(=O)NCCCCCCCCCC[*],,278.0,
14,[*]C(CCC[*])(C)C,45.5,,
2849,[*]Oc1ccc(cc1)NC(=O)c1cc(cc(c1)NC(=O)c1ccccc1)C(=O)Nc1ccc(cc1)[*],294.5,,
3583,[*]Oc1ccc(cc1)NC(=O)Nc1c(cccc1)CCc1ccc(cc1)NC(=O)Nc1ccc(cc1)[*],200.0,,
4635,[*]OC(=O)CCCCCCCCCCC(=O)OCC#CC[*],-27.0,70.0,
4517,[*]OC(=O)c1c(ccc(c1)N=Nc1ccc(cc1)OCC)c1c(cc(cc1)N=Nc1ccc(cc1)OCC)C(=O)OCCCCCC[*],83.0,193.0,
2324,[*]C1C(CC(C1)C=C[*])([Si](O[Si](C)(C)C)(C)C)C#N,88.0,,
9539,[*]CC1CCC(COC(=O)NCCSCCCSCCNC(=O)O[*])CC1,,,5.5784
1615,[*]c1cc2c(C(=O)N(C2=O)c2ccc(cc2)Oc2ccc(cc2)N2C(=O)c3c(C2=O)cc(cc3)C(=O)Oc2ccc(cc2)OC(=O)[*])cc1,267.5,,
10718,[*]C#Cc1sc(-c2sc([*])c3c2OCCO3)c2c1OCCO2,,,1.7209
9439,[*]c1ccc(-c2nnc(-c3cccc(-c4nnc([*])o4)c3)o2)cc1,,,3.4013
4647,[*]c1cc2c(cc1OC(=O)COc1ccc3c(c1)oc(=O)cc3)oc(=O)c(c2)C(=O)Nc1ccc(cc1)S(=O)(=O)c1ccc(cc1)NC(=O)c1c(=O)oc2c(cc(c(c2)OC(=O)COc2ccc3c(c2)oc(=O)cc3)C[*])c1,233.0,,
4540,[*]Oc1ccc(cc1)CC(NC(=O)CCc1ccc(cc1)OC(=O)CCC(CC(=O)[*])C)C(=O)OC,53.0,,
4442,[*]Oc1ccc(cc1)N=Nc1c(cc(c(c1C)[N+](=O)[O-])Cc1c(c(c(c(c1)C)N=Nc1ccc(cc1)OC(=O)c1ccc(cc1)C(=O)[*])C)[N+](=O)[O-])C,203.0,,
12239,[*]COCOCCCO[*],,,6.5721
2280,[*]C(=C[*])c1c(cccc1)C(F)(F)F,130.0,,
12331,[*]CCC([2H])C([*])([2H])C,,,6.8414
4807,[*]Nc1cc(cc(c1)C(=O)OCCCN(c1ccc(cc1)N=Nc1ccc(cc1)S(=O)(=O)C)C)NC(=O)c1cc(cc(c1)OCCCN(c1ccc(cc1)N=Nc1ccc(cc1)S(=O)(=O)C)C)C(=O)[*],168.0,,
10571,[*]CCCCCc1nnc([*])o1,,,6.1707
11324,[*]Nc1cccc(C#Cc2cccc(C([*])=O)c2)c1,,,3.7438
4609,[*]OC(=O)c1ccc(cc1)c1ccc(cc1)C(=O)OCC(C[*])(C)C,101.0,,
11894,[*]CC(O)CN([*])c1cc(C)c(N=Nc2ccc(Cl)cc2)c(C)c1,,,2.6365
9754,[*]Cc1ccc(COC(=O)c2cccc(C(=O)O[*])c2)cc1,,,4.5912
7757,[*]OC(=O)CCCCC(=O)OCC(C[*])(CCl)CI,,81.5,
7742,[*]OC(=O)CCCC(=O)OCC(C(C(C[*])(F)F)(F)F)(F)F,,40.0,
2243,[*]C(C[*])OC(=O)OCC(F)(F)F,57.0,,
3032,[*]Oc1cc(c(cc1)CCc1ccc(cc1)OCCCCCCCCCCC[*])C,3.9,,
12104,[*]CNC(S1)=CC=C1C(C=C2)=CC=C2[*],,,3.738
9215,[*]CC([*])C(=O)OCCCCSC,,,4.571
10023,[*]CCCCCCCCCCCCCCCCCC(=O)N[*],,,6.0841
2796,[*]Oc1ccc(cc1)C(c1ccc(cc1)OCC(COc1ccc(cc1)C(=O)c1ccc(cc1)OCC(C[*])O)O)(C)C,120.0,,
2273,[*]C(C[*])c1cc2c(OCO2)cc1,138.0,,
5438,[*]c1cc2c(C(=O)N(C2=O)c2ccc(cc2)c2sc(c(c2c2ccccc2)c2ccccc2)c2ccc(cc2)N2C(=O)c3c(C2=O)cc(cc3)C(=O)Nc2cc(ccc2)S(=O)(=O)c2cc(ccc2)NC(=O)[*])cc1,320.0,,
11615,[*]c1ccc(N2C(=O)c3ccc(-c4cccc5c4C(=O)N(c4ccc6[nH]c([*])nc6c4)C5=O)cc3C2=O)cc1,,,2.9114
10813,[*]c1ccc(NC(=O)c2cc(NC(=O)c3ccc(OC(C)=O)cc3)cc(C(=O)Nc3ccc(-c4nnc([*])o4)cc3)c2)cc1,,,3.4669
10129,[*]CCCCCCCCCCNC(=O)NCCCCCCCCNC(=O)N[*],,,5.9409
11345,[*]Nc1c(Br)cc(C([*])=O)cc1Br,,,3.8726
3846,[*]Oc1c(cc(c(c1)C(C)(C)C)Oc1ccc(cc1)C(=O)Nc1ccc(cc1)C(c1ccc(cc1)NC(=O)c1ccc(cc1)[*])(C(F)(F)F)C(F)(F)F)C(C)(C)C,268.0,,
2493,[*]C(C[*])(C(=O)OCCCCCCOc1ccc(cc1)OC(=O)c1ccc(cc1)c1ccc(cc1)OC)C,57.0,,
9864,[*]CCCCC(=O)N[*],,,5.9658
470,[*]C(C[*])(C(=O)OCC1(COC(OC1)(C)C)C)C,104.0,,
12044,[*]CC(C=C1)=CC=C1NC(=S)[*],,,3.793
11399,[*]Nc1cc(NC(=O)c2ccccc2C([*])=O)cc(-c2nnc(-c3ccccn3)o2)c1,,,3.5021
7928,[*]OC(=O)NCCSCCCCCCSCCNC(=O)OCCCC[*],,114.5,
8212,[*]OC(COC(=O)c1ccc(cc1)c1ccc(cc1)C(=O)[*])C,,135.0,
707,[*]OCC(C[*])C,-55.0,,
11269,[*]NC(C=C)CC([*])=O,,,5.5439
6643,[*]N=Nc1ccc(cc1)Nc1ccc(cc1)C(=O)c1ccc(cc1)C(=O)c1ccc(cc1)Nc1ccc(cc1)[*],203.0,,
10919,[*]c1ccc(Nc2cc(C)c([*])s2)cc1,,,3.2402
428,[*]C(C[*])C(=O)Oc1cc(ccc1)C,24.5,,
70,[*]C(C[*])c1c(cccc1)Cl,112.63,,
8808,[*][Si](c1ccc(cc1)[*])(c1ccc(cc1)Br)C,,209.5,
6958,[*]C(=C[*])c1ccc(cc1)C(=O)c1ccc(cc1)[N+](=O)[O-],,300.0,
6856,[*]c1cc2C(c3c(c2cc1)ccc(c3)c1ccc(cc1)[*])(CCCCCCBr)CCCCCCBr,117.2,,
7732,[*]OC(=O)CCC(=O)OCC(C[*])(CCl)CCl,,73.0,
2113,[*]C1C2C(C(C1)CC[*])C1C(CC2C1)C,150.0,,
6119,[*]c1cc2c(C(=O)N(C2=O)c2ccc(cc2)Oc2ccc(cc2)C(=O)c2nc(ccc2)C(=O)c2ccc(cc2)Oc2ccc(cc2)N2C(=O)c3c(C2=O)cc(cc3)C(=O)[*])cc1,314.5,,
4976,[*]OC(=O)Nc1c(cc(cc1)c1cc(c(cc1)NC(=O)OCCN(CC[*])c1ccc(cc1)N=Nc1ccc(cc1)[N+](=O)[O-])C)C,119.5,,
550,[*]C(C([*])(F)F)(C(F)(F)F)F,158.5,124.5,
10592,[*]CCCCCCCc1nc2ccc(-c3ccc4nc([*])oc4c3)cc2o1,,,4.0726
2731,[*]C1C2C(C(C(C1[*])C2)C(=O)OCC12CC3CC(CC(C1)C3)C2)C(=O)OCC12CC3CC(CC(C1)C3)C2,328.0,,
6798,[*]S(=O)(=O)NCCCCCNS(=O)(=O)c1cc(ccc1)[*],74.0,160.0,
10116,[*]CCCCCCCCCCNC(=O)N[*],,,5.6429
12185,[*]NC(C=C1)=CC=C1C(C=C2)=CC=C2C(=S)[*],,,2.813
9966,[*]C(=O)CCC=CCCC(=O)N1CCN([*])CC1,,,5.4878
1145,[*]OC(=O)c1cc(ccc1)C(=O)OCCCCC[*],7.0,77.5,
9782,[*]CCOC(=O)CCCCS(=O)(=O)CCCCC(=O)O[*],,,6.7001
297,[*]C(C[*])OC(=O)C1CCCC1,36.0,,
6030,[*]c1cc2c(C(=O)N(C2=O)c2cc(ccc2)P(=O)(c2cc(ccc2)N2C(=O)c3c(C2=O)cc(cc3)C([*])(C(F)(F)F)C(F)(F)F)c2ccc(cc2)Oc2ccc(cc2)C23CC4CC(CC(C2)C4)C3)cc1,298.0,,
9530,[*]CCCCCOC(=O)NCCSCCCCSCCNC(=O)O[*],,,5.2673
10019,[*]Cc1ccc(CNC(=O)CCCCCCCCCCCCCCCCCCCCC(=O)N[*])cc1,,,5.5873
5616,[*]c1cc2c(C(=O)N(C2=O)c2ccc(cc2)S(=O)(=O)c2ccc(cc2)N2C(=O)c3c(C2=O)cc(cc3)C(=O)Oc2ccc(cc2)OCCCCCCCCCCCCOc2ccc(cc2)OC(=O)[*])cc1,140.0,,
6078,[*]N1C(=O)c2c(C1=O)c(ccc2)Oc1ccc(cc1)C(c1ccc(cc1)Oc1c2c(C(=O)N(C2=O)c2ccc(cc2)Oc2ccc(cc2)c2ccc(cc2)Oc2ccc(cc2)[*])ccc1)(C(F)(F)F)C(F)(F)F,234.0,,
828,[*]c1nc2c(c(c1c1ccccc1)c1ccccc1)cc(cc2)Oc1cc2c(nc(c(c2c2ccccc2)c2ccccc2)c2ccc(cc2)c2ccc(cc2)[*])cc1,351.0,480.0,
51,[*]C(C[*])c1c(cccc1)COCCC(C)C,78.0,,
6744,[*][Si](CC(C[*])Cc1ccc(cc1)c1ccccc1)(C)C,28.0,,
4759,[*]Nc1ccc(cc1)c1ccc(cc1)NC(=O)Cc1c(cc(c(c1)CC(=O)[*])C)C,230.0,,
4008,[*]c1oc(nn1)c1ccc(cc1)C(=O)OCCCCCCCCOc1ccc(cc1)C=C1C(=O)C(=Cc2ccc(cc2)OCCCCCCCCOC(=O)c2ccc(cc2)[*])CCCC1,98.0,,
5585,[*]c1cc2c(C(=O)N(C2=O)c2ccc(cc2)C(c2ccc(cc2)N2C(=O)c3c(C2=O)cc(cc3)C(=O)c2cc(cc(c2)c2ccccc2)C(=O)[*])(C(F)(F)F)C(F)(F)F)cc1,260.5,,
2274,[*]C(C[*])c1c2c(OCO2)ccc1,119.0,,
4734,[*]NC(=O)C(C(C(=O)NCCCCC[*])OC)OC,113.0,217.0,
5859,[*]N1C(=O)c2c(C1=O)cc(cc2)Oc1cc2c(C(=O)N(C2=O)c2c(cc(cc2)c2cc(c(cc2)[*])OCCCCCCOc2ccc(cc2)/C=C/c2ccc(cc2)F)OCCCCCCOc2ccc(cc2)/C=C/c2ccc(cc2)F)cc1,124.0,278.0,
8252,[*]OCCCC(=O)NCCCCCCNC(=O)CCCCCC[*],,149.0,
11829,[*]c1ccc(-c2ccc(-c3ccc([*])n3C)n2C)cn1,,,2.931
11263,[*]C(=O)c1ccc2c(c1)C(=O)n1c-2nc2ccc(-c3ccc4c(c3)nc3n4C(=O)c4ccc([*])cc4-3)cc21,,,2.4234
10156,[*]c1ccc(-n2c(=O)c3cc4c(=O)n([*])c(=O)c4cc3c2=O)cc1,,,2.8625
6340,[*]N1C(=O)c2c(C1=O)cc(cc2)C(=O)c1cc2c(C(=O)N(C2=O)C(=S)Nc2ccc(cc2)Oc2ccc(cc2)NC(=S)[*])cc1,262.0,,
3486,[*]Oc1ccc(cc1)CC(NC(=O)CCc1ccc(cc1)OC(=O)COCC(=O)[*])C(=O)OCCCC,64.0,,
5008,[*]Nc1c(cccc1)CCc1ccc(cc1)NC(=O)Nc1ccc(cc1)CCc1ccc(cc1)NC(=O)[*],217.0,,
7590,[*]NNC(=O)CCCCCCCCC(=O)[*],,266.0,
6567,[*]N=P([*])(OCCOCCOCCOP1(=NP(=NP(=N1)(OCCOCCOC)OCCOCCOC)(OCCOCCOC)OCCOCCOC)OCCOCCOC)OCCOCCOCCOP1(=NP(=NP(=N1)(OCCOCCOC)OCCOCCOC)(OCCOCCOC)OCCOCCOC)OCCOCCOC,-74.0,,
619,[*]OC(=O)CCCCCCCCC(=O)OCCOCC[*],-74.5,43.0,
8192,[*]OC(CCOC(=O)c1cc(ccc1)C(=O)[*])C,,51.25,
3257,[*]OC(=O)CCSCCC(=O)OCCOCCOCC[*],-44.0,,
1167,[*]OC(=O)c1cc(ccc1)C(=O)OCC1CCC(CC1)C[*],70.0,193.5,
5986,[*]C1C(=O)N(C(=O)C1C(C[*])CCCCCCCCCCCCCCCC)CCCCCCCCCCCC,30.0,-22.0,
2457,[*]C(C[*])(C(=O)OCCCCCCCCCCCn1c2ccccc2c2ccccc12)C,6.0,,
9901,[*]CCCCCCCCCCCCCCNC(=O)CCCCCCCCC(=O)N[*],,,5.9115
7029,[*]C(C[*])C(c1ccccc1)C,,360.0,
7125,[*]C1OC(CO1)COCC1OC(OC1)CCCCCCCC(=O)OCCOC(=O)CCCCCCC[*],,19.0,
8022,[*]OC(=O)c1cc(ccc1)C[*],,80.0,
9613,[*]CCCCCCCCCCC(=O)O[*],,,6.8465
5170,[*]N1C(=O)c2c(C1=O)cc(cc2)C(=O)c1cc2c(C(=O)N(C2=O)CC(=O)Nc2ccc(cc2)Oc2ccc(cc2)NC(=O)C[*])cc1,235.0,,
7268,[*]N1CCN(CC1)C(=O)C1C(C1C)C(=O)[*],,280.0,
5704,[*]C1C(=O)N(C(=O)C1[*])CCCCCCCOc1ccc(cc1)c1ccc(cc1)C#N,61.0,,
5876,[*]N1C(=O)c2c(C1=O)cc(c(c2)c1ccc(cc1)[Si](C)(C)C)c1cc2c(C(=O)N(C2=O)c2ccc(cc2)Oc2ccc(cc2)[*])cc1c1ccc(cc1)[Si](C)(C)C,348.0,,
1937,[*]c1c(nc2c(n1)cc(cc2)c1cc2c(nc(c(n2)c2cc(ccc2)[*])c2ccccc2)cc1)c1ccccc1,320.0,,
8111,[*]OC(=O)c1ccc(cc1)CCc1ccc(cc1)C(=O)[*],,340.0,
8395,[*]Oc1c(cc(cc1)OC(=O)c1ccc(cc1)OCCCCCCOc1ccc(cc1)C(=O)[*])Cl,,264.0,
5446,[*]c1cc2c(C(=O)N(C2=O)c2c(cc(cc2C)c2cc(c(c(c2)C)N2C(=O)c3c(C2=O)cc(cc3)C(=O)[*])C)C)cc1,310.0,,
7691,[*]OC(=O)C(C[*])(CC)c1ccccc1,,162.0,
2648,[*]C(C[*])(C(=O)OCCCCCCCCCCCCOc1ccc(cc1)C(=O)Oc1ccc(cc1)c1cc(ccc1)OC(=O)c1ccc(cc1)OC(=O)c1ccc(cc1)OCCCCCCCCCCCC)C,74.5,,
6968,[*]C(C([*])OC)C,,222.3333333,
11637,[*]C=Cc1ccc([*])c2c1C(=O)OC2=O,,,3.9313
6363,[*]N1C(=O)c2c(C1=O)cc(cc2)Oc1ccc(cc1)Oc1cc2c(C(=O)N(C2=O)c2cc(c(cc2)Cc2c(cc(cc2)[*])C)C)cc1,264.0,,
6868,[*]c1cc2C(c3c(c2cc1)ccc(c3)C=Cc1ccc(cc1)C=C[*])(CCCCCCOc1ccc2c(c1)oc(=O)cc2)CCCCCCOc1ccc2c(c1)oc(=O)cc2,104.0,,
9125,[*]CC([*])c1ccncc1,,,2.5368
9571,[*]C(OC)=C(OC)c1ccc([*])s1,,,2.5351
7683,[*]OC(=O)C(=O)OCCOCCOCC[*],,-12.0,
9697,[*]CCOC(=O)C1CCC(C(=O)O[*])CC1,,,6.5843
11781,[*]c1ccc([*])n1C(=O)NO,,,2.5384
3516,[*]Oc1ccc(cc1)C1(c2ccccc2c2ccccc12)c1ccc(cc1)Oc1c(cc(cc1)c1ccc(cc1)c1cc(c(cc1)[*])C(F)(F)F)C(F)(F)F,237.0,,
2081,[*]c1ccc(cc1)[*],291.5,320.625,
8100,[*]OC(=O)c1ccc(cc1)C(=O)OCCCc1ccc(cc1)CCC[*],,160.5,
9029,[*]c1sc2c(n1)ccc(c2)OCCCCCCCCCCCOC(=O)CCCCC(=O)OCCCCCCCCCCCOc1ccc(cc1)[*],,88.0,
3819,[*]C1COC2C1OCC2OC(=O)OCC(C(COC(=O)O[*])O)O,78.5,,
6080,[*]N1C(=O)c2c(C1=O)cc(cc2)Oc1ccc(cc1)C(c1ccc(cc1)Oc1cc2c(C(=O)N(C2=O)c2c(cc(cc2C)Cc2cc(c(c(c2)C)[*])C)C)cc1)(C)C,249.0,,
10299,[*]c1cccc(-c2nc3cc(-c4ccc5nc([*])c(-c6ccccc6)nc5c4)ccc3nc2-c2ccccc2)c1,,,3.3649
1666,[*]c1cc2c(C(=O)N(C2=O)c2ccc(cc2)Oc2ccc(cc2)C(=O)c2cc(ccc2)C(=O)c2ccc(cc2)Oc2ccc(cc2)N2C(=O)c3c(C2=O)cc(cc3)C([*])(C(F)(F)F)C(F)(F)F)cc1,236.0,,
7606,[*]NNC(=O)c1ccc(cc1)C(=O)[*],,400.0,
6726,[*][Si](CCC[*])(O[Si](CCCOc1ccc(cc1)C(=O)Oc1ccc(cc1)C#N)(C)C)C,-19.1,,
7465,[*]NC(=O)CCCCCCCCCCCCCCCC(=O)NCCc1ccc(cc1)CC[*],,249.0,
5804,[*]N1C(=O)c2c(C1=O)cc(cc2)Oc1ccc(cc1)C1(CCC(CC1)c1ccccc1)c1ccc(cc1)Oc1cc2c(C(=O)N(C2=O)c2ccc(cc2)Oc2ccc(cc2)C2(C3C4C(CCC4)C(C2)C3)c2ccc(cc2)Oc2ccc(cc2)[*])cc1,255.0,,
2194,[*]C(C[*])c1ccc(cc1)B(Oc1c2ncccc2c(cc1)B1OC(C(O1)(C)C)(C)C)c1ccc(cc1)C(C)(C)C,275.0,,
4521,[*]OC(=O)CCCCC(=O)OCCC(CC[*])C,-78.6,,
2398,[*]C(C[*])(CC(=O)Oc1ccc(cc1)OCC)C(=O)Oc1ccc(cc1)OCC,110.5,,
1840,[*]OC(=O)Cc1ccc(cc1)CC(=O)[*],65.0,121.5,
5275,[*]c1cc2c(C(=O)N(C2=O)c2ccc(cc2)C(=O)OCCOCCOCCOC(=O)[*])cc1,63.0,106.0,
664,[*]OC(=O)c1c(cccc1)C(=O)OCCOCC[*],-50.0,10.25,
1152,[*]OC(CC(=O)[*])C,2.01,168.5304918,
1766,[*]c1cc2c(C(=O)N(C2=O)c2ccc(cc2)C(=O)NCCNC(=O)[*])cc1,235.0,,
7893,[*]OC(=O)N(c1ccc(cc1)N(C(=O)OCCN(CC[*])CCCCCCOc1ccc(cc1)N=Nc1ccc(cc1)OC)C)C,,76.35,
11597,[*]c1ccc(C(=O)Nc2ccc(Oc3ccc(NC(=O)c4ccc(-n5c(=O)c6cc7c(=O)n([*])c(=O)c7cc6c5=O)cc4)cc3)cc2)cc1,,,1.639
11080,[*]OC(CC([*])=O)C1CCC=CO1,,,4.8999
7069,[*]C(C[*])OCCCCCCCCCCCC,,30.0,
7761,[*]OC(=O)CCCCC(=O)OCCCCCC(=O)NCCNC(=O)CCCCC[*],,140.75,
6293,[*]c1c2C(=O)N(C(=O)c2c(c2ccccc12)c1ccc(cc1)Oc1c(cc(cc1)c1nc(ccc1)c1cc(c(cc1)Oc1ccc(cc1)[*])C(F)(F)F)C(F)(F)F)c1ccccc1,298.0,,
10468,[*]CC([*])(C)C(=O)OCC(=O)N1CCOCC1,,,5.1555
1011,[*]Oc1ccc(cc1)NC(=O)c1cc(ccc1)C(=O)Nc1ccc(cc1)Oc1ccc(cc1)C(c1ccc(cc1)[*])(C(F)(F)F)C(F)(F)F,226.25,,
3083,[*]c1c(nc2c(c1c1ccccc1)cc(cc2)c1cc2c(nc(c(c2c2ccccc2)c2ccc(cc2)Oc2ccc(cc2)[*])c2ccccc2)cc1)c1ccccc1,307.5,475.0,
5249,[*]N1C(=O)c2c(C1=O)cc(cc2)Oc1ccc(cc1)Oc1ccc(cc1)Oc1cc2c(C(=O)N(C2=O)c2ccc(cc2)Oc2ccc(cc2)C(=O)c2cc(ccc2)C(=O)c2ccc(cc2)Oc2ccc(cc2)[*])cc1,192.0,,
10950,[*]c1cc(OCCOC)c([*])s1,,,1.6015
11129,[*]Oc1ccc(CC(NC(=O)CCc2ccc(OC(=O)CCCCCCC([*])=O)cc2)C(=O)OCCCCCCCCCCCC)cc1,,,5.1624
9047,[*]n1c(=O)c2cc3c(cc2c1=O)c(=O)n(c3=O)CC(=O)OCCCCCCOC(=O)C[*],,171.0,
6420,[*]Oc1ccc(cc1)Cc1ccc(cc1)Cc1ccc(cc1)OC(=O)[*],79.5,,
11864,[*]c1ccc([*])n1CCC(=O)OC,,,2.7978
10458,[*]CC([*])C(=O)NCCC(F)(F)C(F)(F)C(F)(F)C(F)(F)C(F)(F)C(F)(F)C(F)(F)C(F)(F)F,,,5.7478
5936,[*]N1C(=O)C(CC1=O)SCCOCCSC1C(=O)N(C(=O)C1)c1ccc(cc1)C(=O)Oc1ccc(cc1)C(c1ccc(cc1)OC(=O)c1ccc(cc1)[*])(C)C,143.0,,
9763,[*]CC(F)(F)C(F)(F)C(F)(F)C(F)(F)COC(=O)CC(CC(=O)O[*])C(F)(F)C(F)(F)C(F)(F)F,,,6.9563
8072,[*]OC(=O)c1ccc(cc1)C(=O)NCCCNC(=O)c1ccc(cc1)C(=O)OCCCCCCCCCCCC[*],,216.0,
5667,[*]N1C(=O)c2c(C1=O)cc(cc2)c1cc2c(C(=O)N(C2=O)c2cc(ccc2)Oc2cc(ccc2)Oc2cc(ccc2)[*])cc1,208.0,,
8929,[*]c1ncccc1C(=O)NCCCCCCNC(=O)[*],,103.0,
7347,[*]NC(=O)C(C(=O)NCCCCCC[*])CCCCCCCCC,,137.0,
1159,[*]OC(=O)C(C[*])(CC)C,-7.4,145.23125,
2186,[*]C(C[*])c1c(ccc(c1)C(=O)Oc1ccc(cc1)OC)C(=O)Oc1ccc(cc1)OC,109.67,,
9801,[*]CCCCCCNC(=O)CCCCCCCCC(=O)N[*],,,6.0268
8838,[*]c1cc2c(C(=O)N(C2=O)c2ccc(cc2)Oc2c3c(ccc2)c(ccc3)Oc2ccc(cc2)N2C(=O)c3c(C2=O)cc(cc3)C(=O)Nc2cc(ccc2)Oc2ccc(cc2)NC(=O)[*])cc1,,375.0,
7715,[*]OC(=O)CC(CC(=O)OCCCCCCCCCCCCCCCCCCCCCC[*])c1ccccc1,,39.0,
844,[*]c1nc2c(nc1)cc(cc2)c1cc2c(nc(cn2)c2ccc(cc2)Oc2ccc(cc2)c2ccc(cc2)Oc2ccc(cc2)[*])cc1,213.0,,
8468,[*]Oc1ccc(cc1)C(=O)[*],,350.5,
2875,[*]OC(=O)C1CCC(CC1)C(=O)OCCOCC[*],-10.15,,
2264,[*]C1C(CC(C1)C=C[*])[Si](C[Si](C)(C)C)(C)C,24.0,,
9623,[*]CCCCCCCCOC(=O)CCCCC(=O)O[*],,,6.8225
8810,[*][Si](c1ccc(cc1)[*])(c1ccc(cc1)C#C[SiH](C)C)C,,213.0,
4580,[*]OC(COC(=O)C12CC3(CC(CC(C1)C3)C2)C(=O)[*])COc1ccc(cc1)N=Nc1ccc(cc1)C#N,105.0,,
2870,[*]Oc1c(cc(cc1Cl)[*])Br,188.5,,
7291,[*]N1CCN(CC1)C(=O)c1ccc(cc1)C(=O)OCCCCCCOC(=O)c1ccc(cc1)C(=O)[*],,255.0,
5773,[*]c1oc(nn1)c1ccc(cc1)NC(=O)CN1C(=O)c2c(C1=O)cc(cc2)C(c1cc2c(C(=O)N(C2=O)CC(=O)Nc2ccc(cc2)[*])cc1)(C(F)(F)F)C(F)(F)F,280.0,,
11530,[*]CCCCCCOC(=O)OCCCCCCCCCCCCOC(=O)OCCCCCCn1c(=O)c2cc3c(=O)n([*])c(=O)c3cc2c1=O,,,3.821
4760,[*]NC(=C(NC(=O)c1ccc(cc1)C(=O)[*])C#N)C#N,232.0,,
10863,[*]c1ccc(-c2ccc(-c3ccc(-c4ccc([*])n4CCCCCCCCCCCC)s3)s2)s1,,,2.1465
3735,[*]Oc1ccc(cc1)C(c1ccc(cc1)OCCCCCCCC[*])(C(F)(F)F)C(F)(F)F,27.8,,
3472,[*]Oc1c(cc(cc1OC)C=Cc1ccc(cc1)C=Cc1cc(c(c(c1)OC)OCCCCCCCC[*])OC)OC,80.45,,
1518,[*]Nc1cc(cc(c1)C(=O)OCCN(c1ccc(cc1)C#N)C)NC(=O)c1cc(cc(c1)OCCN(c1ccc(cc1)C#N)C)C(=O)[*],167.0,,
487,[*]C(C[*])(CC(=O)OCc1ccccc1)C(=O)OCc1ccccc1,55.0,,
3015,[*]c1c2c(c(nn1)c1ccc(cc1)Oc1ccc(cc1)C1(c3ccccc3c3ccccc13)c1ccc(cc1)Oc1ccc(cc1)[*])c(c(c(c2c1ccccc1)c1cc2c(cc1)cccc2)c1cc2c(cc1)cccc2)c1ccccc1,327.33,,
8166,[*]OC(C[*])COc1c2c(ccc1)cccc2,,234.0,
185,[*]C(C[*])c1ccc(cc1)COCCOCCCCCCCC,-42.0,,
12020,[*]CC(S1)=CC=C1C(=S)O[*],,,3.4527
4467,[*]Oc1ccc(cc1)CC(NC(=O)CCc1ccc(cc1)OC(=O)CCCCCCC(=O)[*])C(=O)OC(CC)C,46.0,,
3677,[*]Oc1ccc(cc1)C(=O)OCCN(CCOC(=O)c1ccc(cc1)OCC#CC#CC[*])c1ccc(cc1)N=Nc1ccc(cc1)C#N,121.0,,
1195,[*]OC(=O)CCC(=O)OCC(C[*])(C)C,-18.0,85.0,
2045,[*]N=P([*])(OCc1ccccc1)OCc1ccccc1,-31.4,,
1809,[*]c1cc2c(C(=O)N(C2=O)c2c(cc(c(c2C)N2C(=O)c3c(C2=O)cc(cc3)C(=O)[*])C)C)cc1,401.33,,
6269,[*]N1C(=O)c2c(C1=O)cc(cc2)C(c1cc2c(C(=O)N(C2=O)CC[*])cc1)(C(F)(F)F)C(F)(F)F,180.0,,
6991,[*]C(C[*])(C(=O)OCCCCCCCCCCOC(=O)c1cc(cc(c1)OC(=O)c1ccc(cc1)N=Nc1ccc(cc1)OCCCCCCCC)OC(=O)c1ccc(cc1)N=Nc1ccc(cc1)OCCCCCCCC)C,,111.1,
3635,[*]c1oc(nn1)c1ccc(cc1)Oc1ccc(cc1)C=Cc1ccc(cc1)Oc1ccc(cc1)[*],215.0,,
7998,[*]OC(=O)c1c(cccc1)NC(=O)CCCCC(=O)Nc1c(cccc1)C(=O)OC(=O)c1cc(ccc1)C(=O)[*],,217.5,
8113,[*]OC(=O)c1ccc(cc1)CCc1ccc(cc1)C(=O)OCCOCC[*],,95.0,
3290,[*]c1cc2c(C(=O)OC2=Nc2ccc(cc2)Oc2ccc(cc2)C(c2ccc(cc2)Oc2ccc(cc2)N=C2OC(=O)c3c2cc(cc3)C(=O)[*])(C(F)(F)F)C(F)(F)F)cc1,248.0,,
4015,[*]OC(=O)c1ccc(cc1)N=Cc1c(cc(c(c1)OCCCCCC)C=Cc1c(cc(c(c1)OCCCCCC)C=Cc1c(cc(c(c1)OCCCCCC)C=Nc1ccc(cc1)C(=O)OCCCCOCCCCOCCCC[*])OCCCCCC)OCCCCCC)OCCCCCC,14.3,50.6,
9471,[*]CCOCCOC(=O)c1ccc(Cc2ccc(C(=O)O[*])cc2)cc1,,,4.5987
11658,[*]OC1CCC(OC(=O)OCCCCOC([*])=O)CC1,,,7.0064
3866,[*]Oc1ccc(cc1)Oc1ccc(cc1)OC(=O)c1c(cccc1)c1c(cccc1)C(=O)[*],147.0,,
1643,[*]c1cc2c(C(=O)N(C2=O)c2ccc(cc2)S(=O)(=O)c2ccc(cc2)N2C(=O)c3c(C2=O)cc(cc3)C(=O)Nc2ccc(cc2)S(=O)(=O)c2ccc(cc2)NC(=O)[*])cc1,307.0,,
10867,[*]C#Cc1cc(CCCCCC)c([*])s1,,,1.5751
3705,[*]Oc1ccc(cc1)P(=O)(c1ccc(cc1)Oc1ccc(cc1)C(c1ccc(cc1)[*])(C(F)(F)F)C(F)(F)F)c1ccccc1,210.5,,
3068,[*]OC(C[*])CS(=O)(=O)CCC,43.0,183.0,
3547,[*]Oc1ccc(cc1)NC(=O)c1ccc(cc1)C(c1ccc(cc1)C(=O)Nc1ccc(cc1)Oc1ccc(cc1)C1(C2CC3CC(CC1C3)C2)c1ccc(cc1)[*])(C(F)(F)F)C(F)(F)F,241.0,,
2982,[*]Oc1ccc(cc1)S(=O)(=O)c1ccc(cc1)Oc1c(cc(cc1C)c1cc(c(c(c1)C)[*])C)C,268.07,,
8392,[*]Oc1c(cc(cc1)OC(=O)c1ccc(cc1)C(=O)[*])OCCOCCOCC,,194.85,
7656,[*]Nc1ccc(cc1)NC(=O)c1c(cc(c(c1)SCCCCCCCC)C(=O)[*])SCCCCCCCC,,400.0,
1932,[*]c1nc2c(nc1)ccc(c2)S(=O)(=O)c1ccc2c(nc(cn2)c2ccc(cc2)[*])c1,342.0,,
10599,[*]OC(=O)c1ccc(C(=O)OC2COC3C([*])COC23)o1,,,4.3511
6348,[*]c1cc2c(C(=O)N(C2=O)c2c(ccc(c2)N2C(=O)c3c(C2=O)cc(cc3)C(=O)OCCN(CCOC(=O)[*])c2ccccc2)N=Nc2ccccc2)cc1,156.0,,
10076,[*]CCCCCCCCCCCCOC(=O)NCc1ccc(CNC(=O)O[*])cc1,,,5.664
9106,[*]CC([*])c1ccc(C(=O)CCN2CCCCC2)cc1,,,2.7084
636,[*]Oc1ccc(cc1)C(=O)NCC(CCCNC(=O)c1ccc(cc1)[*])(C)C,155.0,,
2665,[*]C(C[*])(C(=O)OCc1c(cc(cc1)Cl)Cl)C,19.4,,
4747,[*]c1n(cnc1C(=O)NCCCCCCNC(=O)[*])C,86.0,,
2740,[*]C(C[*])(C(=O)OC1CCCCCCCCC1)C,58.0,,
6616,[*]N(CC[*])C(=O)CSC,39.0,,
10643,[*]COc1ccc(C(=C(Cl)Cl)c2ccc(O[*])cc2)cc1,,,4.1966
2928,[*]OC(C[*])c1occc1,12.5,,
4327,[*]Oc1ccc(cc1)OC(=O)c1c(cc(cc1)C(=O)[*])Oc1ccc(cc1)F,106.0,332.0,
9947,[*]C(=O)NCCCCCCNC(=O)c1ccc([*])nc1,,,4.574
1087,[*]OC(=O)CCCCCCCCC(=O)OCC[*],-37.16,77.11774194,
58,[*]C(C[*])c1c(cccc1)C(=O)OC,130.0,,
5716,[*]N1C(=O)c2c(C1=O)cc(cc2)c1cc2c(C(=O)N(C2=O)c2cc(cc(c2)C(=O)NCCCCCCCC)[*])cc1,245.5,,
171,[*]C(C[*])c1ccc(cc1)C(=O)C(F)(F)F,95.0,178.0,
10625,[*]COC(=O)OCC1OC(OCC)OC1[*],,,6.8573
1341,[*]NC(=O)c1cc(cc(c1)C(C)(C)C)C(=O)NCc1cc(ccc1)C[*],192.0,261.5,
2155,[*]C(C[*])c1cc(ccc1)O,162.0,,
1502,[*]Nc1ccc(cc1)NC(=O)CCCCCC(=O)[*],133.0,372.0,
3300,[*]Oc1ccc(cc1)SC(=O)Sc1ccc(cc1)[*],117.0,,
4827,[*]NC(=O)CCCCCCCCCCCCCCC(=O)NCCCCCCCC[*],52.0,185.0,
10520,[*]CCCCCCCC(=O)OCC1COC([*])O1,,,6.6417
12159,[*]C(=O)C(=S)OC(=S)[*],,,2.6385
558,[*]C(C(CCC[*])Cl)Cl,-55.0,125.0,
6543,[*]c1nc2c(c(c1)c1ccccc1)cc(cc2)c1cc2c(nc(cc2c2ccccc2)c2ccc(cc2)C2(c3ccccc3C(=O)c3ccccc23)c2ccc(cc2)[*])cc1,417.0,,
8927,[*]c1nccc(c1)C(=O)NCCCCCCCCNC(=O)[*],,190.0,
5050,[*]N1C(=O)c2c(C1=O)cc(cc2)C(=O)Oc1ccc(cc1)c1ccc(cc1)OC(=O)CCC[*],132.0,360.0,
1535,[*]OC(=O)NCCCCCCNC(=O)OCCCCCC[*],168.0,212.6666667,
11053,[*]CCCCCCCCCCCCCCCCCCCCOC(=O)C1CCC(C(=O)O[*])CC1,,,6.484
5812,[*]c1cc2c(C(=O)N(C2=O)c2ccc(cc2)C(=O)Nc2ccc(cc2)C(c2ccc(cc2)NC(=O)c2ccc(cc2)N2C(=O)c3c(C2=O)cc(cc3)C([*])(C(F)(F)F)C(F)(F)F)(C(F)(F)F)C(F)(F)F)cc1,351.0,,
10171,[*]C(=O)c1ccc2c(c1)C(=O)N(c1cccc(C(=O)Nc3ccc(N4C(=O)c5ccc([*])cc5C4=O)cc3)c1)C2=O,,,2.497
6228,[*]N1C(=O)c2c(C1=O)c(ccc2)c1cc2c(C(=O)N(C2=O)c2ccc(cc2)Sc2ccc(cc2)Sc2ccc(cc2)Sc2ccc(cc2)[*])cc1,226.7,,
747,[*]Oc1ccc(cc1)C1(CC(CCC1)c1ccc(cc1)OCC(C[*])O)CC,140.0,,
6842,[*]c1cc2c(cc1)cc(cc2)C(=Cc1c(cc(c(c1)OC)C=C([*])c1ccccc1)OC)c1ccccc1,198.0,,
1386,[*]NC(=O)c1c(cccc1)c1c(cccc1)C(=O)NCc1cc(ccc1)C[*],159.0,,
1976,[*]O[Si](Oc1ccc(cc1)C(c1ccc(cc1)[*])(C)C)(C)C,45.0,,
5020,[*]Nc1cc(cc(c1)C(=O)Nc1ccc2C(=O)c3c(C(=O)c2c1)cccc3)NC(=O)NC1CCC(CC1)CC1CCC(CC1)NC(=O)[*],148.0,,
11418,[*]C(=O)OC1=NCCN1[*],,,5.1364
5652,[*]N1C(=O)c2c(C1=O)cc(cc2)C(c1cc2c(C(=O)N(C2=O)CCN(CC[*])c2ccc(cc2)N=Nc2ccc(cc2)C2OCCO2)cc1)(C(F)(F)F)C(F)(F)F,178.0,,
12337,[*]c1sc([*])c([2H])c1[2H],,,1.6361
5786,[*]N1C(=O)c2c(C1=O)cc(cc2)Oc1ccc(cc1)C1(CCC(CC1)c1ccccc1)c1ccc(cc1)Oc1cc2c(C(=O)N(C2=O)c2ccc(cc2)Oc2ccc(cc2)C2(CCC(CC2)C(C)(C)C)c2ccc(cc2)Oc2ccc(cc2)[*])cc1,243.0,,
12051,[*]CCC(C=C1)=CC=C1C(S2)=CC=C2[*],,,3.7098
7084,[*]C(CCCCCCCCCCCCCCCCCCCC[*])COCCOCCOCCOCCOCCCCCC,,7.5,
360,[*]C(C[*])(C(=O)OCC)C,64.96,,
5443,[*]c1cc2c(C(=O)N(C2=O)c2ccc(cc2)c2sc(c(c2c2ccccc2)c2ccccc2)c2ccc(cc2)N2C(=O)c3c(C2=O)cc(cc3)C(=O)Nc2ccc(cc2)c2sc(c(c2c2ccccc2)c2ccccc2)c2ccc(cc2)NC(=O)[*])cc1,338.0,,
2391,[*]C(C[*])(CC(=O)Oc1ccc(cc1)OC)C(=O)Oc1ccc(cc1)OC,119.5,,
8991,[*]c1sc(cc1)c1sc(cc1)[SiH]([*])C,,74.0,
2413,[*]C(C[*])(CC(=O)OCCOCCOCCOC)C(=O)OCCOCCOCCOC,-58.67,,
3771,[*]Oc1c2c(ccc1)c(ccc2)OC1(C(C(C1(F)F)(F)F)([*])F)F,124.8,,
10048,[*]CCCCCCCOC(=O)NCCCCCCNC(=O)O[*],,,6.2664
2331,[*]C(C(C(C[*])C#N)CCC(O)(C)C=C)(C)C,50.0,,
10922,[*]c1ccc(-c2ccc(-c3ccc([*])s3)s2)cc1,,,1.937
342,[*]C(C[*])C(=O)OC(C(F)(F)F)(C(F)(F)F)F,7.5,,
12241,[*]C(=O)C(S1)=CC=C1NC(=S)OC(S2)=CC=C2NC(S3)=CC=C3[*],,,2.5473
7652,[*]Nc1ccc(cc1)NC(=O)c1c(c(c(c(c1Cl)Cl)C(=O)[*])Cl)Cl,,516.0,
9022,[*]c1sc(nn1)SCC(=O)NN=Cc1cc(c(cc1)OCCCCOc1c(cc(cc1)C=NNC(=O)CS[*])OC)OC,,180.0,
1702,[*]c1cc2c(C(=O)N(C2=O)c2cc3Cc4c(c3cc2)ccc(c4)N2C(=O)c3c(C2=O)cc(cc3)C(=O)[*])cc1,341.5,,
10763,[*]C1=C(CCCCCC)C(CCCCCC)=C(c2sc(-c3sc([*])c4c3OCCO4)c3c2OCCO3)S1(=O)=O,,,1.3792
3428,[*]Oc1ccc(cc1)C1(c2ccccc2c2ccccc12)c1ccc(cc1)Oc1c(cc(cc1)C(=O)c1ccc(cc1)C(=O)c1cc(c(cc1)[*])C(F)(F)F)C(F)(F)F,229.0,,
12268,[*]C(F)(F)C(F)(F)C(=O)C(=S)[*],,,2.0268
7249,[*]N1C(=O)c2c(C1=O)cc(cc2)c1cc2c(C(=O)N(C2=O)c2ccc(cc2)OC(=O)CCCCCCCCCCCCCCC(=O)Oc2ccc(cc2)[*])cc1,,300.0,
6619,[*]c1c2n(c3c(c2cc(c1)C(C)(C)C)cc(cc3C#CC#C[*])C(C)(C)C)CCCCCCCCCCCCCCCC,67.0,,
6877,[*][Ge](C=C[*])(c1ccccc1)c1ccccc1,-36.0,,
5914,[*]C1C(=O)N(C(=O)C1CC[*])CCCC,67.9,,
6016,[*]c1cc2c(C(=O)N(C2=O)c2c(cc(cc2C)Cc2cc(c(c(c2)C)N2C(=O)c3c(C2=O)cc(cc3)C(=O)[*])C)C)cc1,331.0,,
5318,[*]c1cc2c(C(=O)N(C2=O)c2c(cc(c(c2C)N2C(=O)c3c(C2=O)cc(c(c3)Cl)C(=O)[*])C)C)cc1Cl,371.0,,
1141,[*]OC(=O)c1ccc(cc1)C(=O)OCC(C(C[*])C(C)C)C(C)C,65.0,,
10404,[*]CC([*])C(=O)CC,,,5.6211
9688,[*]CCCCCCCCCCCCCCCCCCCCOC(=O)C(=O)O[*],,,5.2426
7891,[*]OC(=O)N(c1ccc(cc1)N(C(=O)OCC(C[*])CCCCCCCCCCCCOc1ccc(cc1)c1ccc(cc1)OC)C)C,,62.85,
10250,[*]Oc1ccc(C(CC)(c2ccccc2)c2ccc(OC([*])=S)cc2)cc1,,,4.1012
7862,[*]OC(=O)CCSc1ccc(cc1)SCCC(=O)[*],,48.75,
5029,[*]c1cc2c(C(=O)N(C2=O)c2ccc(cc2)Oc2ccc(cc2)N2C(=O)c3c(C2=O)cc(cc3)C(=O)Nc2ccc(cc2)S(=O)(=O)c2ccc(cc2)NC(=O)[*])cc1,275.0,,
9526,[*]CCOC(=O)NCCSCCSCCNC(=O)O[*],,,5.2808
8021,[*]OC(=O)c1cc(ccc1)C(=O)OCCOCCOCC[*],,62.5,
3184,[*]c1c([nH]c(n1)c1ccc(cc1)c1[nH]c(c(n1)c1ccc(cc1)Oc1ccc(cc1)C(=O)c1cc2c(cc1)cc(cc2)C(=O)c1ccc(cc1)Oc1ccc(cc1)[*])c1ccccc1)c1ccccc1,281.0,,
6602,[*]N(Cc1c(c(cc(c1)C12CC3CC(CC(C1)C3)C2)C[*])O)C,188.8,,
12169,[*]NC(S1)=CC=C1C(C=C2)=CC=C2C(S3)=CC=C3[*],,,2.5627
6754,[*][Si](CCC[*])(c1c2c(ccc1)cccc2)C1CCCCC1,47.5,,
271,[*]C(C[*])OC(=O)c1cc(ccc1)OC,44.0,,
12040,[*]CC(C=C1)=CC=C1C(=S)C(C=C2)=CC=C2[*],,,2.7965
7467,[*]NC(=O)CCCCCCCCCCCCCCCC[*],,148.5,
4488,[*]OC(=O)c1ccc(cc1)C(=O)OCCN(CC[*])c1ccc(cc1)C=C(C#N)C#N,127.0,,
634,[*]OCCCCC(=O)NCc1ccc(cc1)CNC(=O)CCCC[*],70.0,243.0,
11949,[*]C=Cc1cc(CCCCCCCCCC)c(C=Cc2ccc([*])cc2)cc1CCCCCCCCCC,,,3.3187
10616,[*]CC(CO[*])(CSCC)CSCC,,,4.7171
3082,[*]c1c(nc2c(c1c1ccccc1)cc(cc2)Oc1cc2c(nc(c(c2c2ccccc2)c2ccc(cc2)c2ccc(cc2)[*])c2ccccc2)cc1)c1ccccc1,330.0,,
9412,[*]CC(CCCCCCCCCC)O[*],,,5.8339
8897,[*]c1nc(cs1)c1ccc(cc1)c1nc(sc1)CC[*],,265.0,
5014,[*]c1nc(c(nc1c1ccc(cc1)NC(=O)Nc1ccc(cc1)NC(=O)Nc1ccc(cc1)[*])C#N)C#N,248.7,,
9314,[*]Oc1c(C)cc([*])cc1C,,,4.5265
2161,[*]C(C([*])c1ccc(cc1)N(C)C)c1ccc(cc1)[N+](=O)[O-],139.0,,
3268,[*]Oc1ccc(cc1)Oc1ccc(cc1)OCCCCCCOC(=O)OCCCCCCCCCCCCOC(=O)OCCCCCC[*],-22.0,,
7570,[*]NC(CNC(=O)NCCCCCCNC(=O)[*])C,,224.5,
1474,[*]Nc1ccc(cc1)CC(NC(=O)CCC(=O)[*])(C)C,158.0,250.0,
10713,[*]c1nc2cc3nc(-c4ccc([*])o4)[nH]c3cc2[nH]1,,,2.2261
5203,[*]c1cc2c(C(=O)N(C2=O)c2ccc(cc2)C(=O)Nc2ccc(cc2)Oc2ccc(cc2)NC(=O)[*])cc1,252.67,,
5361,[*]c1c2C(=O)N(C(=O)c2c(c2ccccc12)c1ccc(cc1)Oc1ccc(cc1)C(=O)c1ccc(cc1)Oc1ccc(cc1)[*])CCCCCCCCCCCC,147.0,,
11640,[*]C1C(=O)OC(=O)C1C1C2CC(C(=O)OC3CCCCC3)C(C2)C1[*],,,6.0803
2540,[*]C(C[*])(C(=O)OCc1ccc2n(c3c(c2c1)cccc3)CCCC)C,87.0,,
11633,[*]C(=O)Nc1ccc(NC(=O)c2ccc3c(c2)C(=O)N(c2cccc(N4C(=O)c5ccc([*])cc5C4=O)c2)C3=O)cc1,,,2.9484
11149,[*]Oc1ccc(OC(=O)c2ccc(C([*])=O)cc2)cc1Cl,,,3.9402
544,[*]C(C([*])(F)F)F,31.45,196.4888889,
11429,[*]CNC(=O)N[*],,,5.4697
5174,[*]N1C(=O)c2c(C1=O)cc(cc2)C(=O)c1cc2c(C(=O)N(C2=O)CCCCCCCCCCC(=O)Nc2ccc(cc2)Oc2ccc(cc2)NC(=O)CCCCCCCCCC[*])cc1,132.0,,
10169,[*]c1ccc(-c2ccc(N3C(=O)c4ccc(Oc5ccc6c(c5)C(=O)N([*])C6=O)cc4C3=O)cc2)cc1,,,3.0187
715,[*]Oc1c(cc(cc1c1ccccc1)[*])c1c(cccc1)c1ccccc1,211.0,,
9000,[*]c1sc(cc1)c1sc(cc1)[Si](c1sc(cc1)c1sc(cc1)[Si]([*])(C)C)(C)C=C,,132.0,
2513,[*]C(C[*])(C(=O)OCCCCCCCOc1cc2c(cc1)cc(cc2)C(=O)Oc1ccccc1)C,40.0,,
5003,[*]N1C(CN(C(C1)C)C(=O)Nc1ccc(cc1)c1ccc(cc1)NC(=O)[*])C,250.0,,
9789,[*]Oc1ccc(OC(=O)C=Cc2ccc(C=CC([*])=O)cc2)cc1,,,3.0386
5642,[*]N1C(=O)c2c(C1=O)cc(cc2)Oc1cc2c(C(=O)N(C2=O)c2ccc(cc2)C(c2ccc(cc2)[*])(C(F)(F)F)C(F)(F)F)cc1,305.0,,
951,[*]Oc1ccc(cc1)C(c1ccc(cc1)OCC(CN(S(=O)(=O)c1cc(ccc1)S(=O)(=O)N(CC(C[*])O)C)C)O)(C)C,76.0,,
10037,[*]CCOC(=O)NCCCCCCCCCCNC(=O)O[*],,,6.2273
8622,[*]Oc1ccc(cc1)[Si](c1ccc(cc1)OC(=O)c1cc2Cc3c(-c2cc1)ccc(c3)C(=O)[*])(c1ccccc1)c1ccccc1,,183.0,
9990,[*]NC(CC(=O)OCc1ccccc1)C([*])=O,,,5.316
4748,[*]c1n(cnc1C(=O)NCC(CNC(=O)[*])(C)C)C,152.0,,
4212,[*]c1ncc(s1)N[*],62.0,,
2164,[*]C(C(CCCCCC[*])c1ccc(cc1)O)c1c(cc(cc1)O)C,18.0,,
11677,[*]Oc1ccc(C2(c3ccc(OC([*])=O)cc3)CCCCCC2)cc1,,,4.9619
6223,[*]N1C(=O)c2c(C1=O)cc(cc2)S(=O)(=O)c1cc2c(C(=O)N(C2=O)c2cc(c(cc2)Oc2c(cc(cc2C(C)(C)C)c2ccc(cc2)[*])C(C)(C)C)C(F)(F)F)cc1,365.5,,
1097,[*]OC(=O)c1ccc(cc1)C(=O)OCCCCCCCCCC[*],5.33,132.1666667,
5235,[*]N1C(=O)c2c(C1=O)c(c(c(c2c1ccccc1)c1ccccc1)c1ccc(cc1)c1c(c2c(C(=O)N(C2=O)c2ccc(cc2)Oc2ccc(cc2)[*])c(c1c1ccccc1)c1ccccc1)c1ccccc1)c1ccccc1,413.0,,
5872,[*]c1nc(ccc1)N1C(=O)N(C(=O)C1=O)c1ccc(cc1)Cc1ccc(cc1)N1C(=O)N(C(=O)C1=O)[*],216.67,,
2575,[*]C(C[*])(C(=O)OCCC1CCCCC1)C,76.33,,
76,[*]C(C[*])c1ccc(cc1)C(C)C,62.4,,
4572,[*]Oc1c(cc(c(c1)OCCOC)OC(=O)c1c(cc(cc1)C(=O)[*])c1ccccc1)OCCOC,92.0,207.0,
10467,[*]CC([*])(C)C(=O)Nc1cccc(-c2nnc(-c3ccccc3)o2)c1,,,3.5944
2091,[*]c1ccc(cc1)c1c(cc(c(c1c1ccccc1)c1ccccc1)c1cc(ccc1)c1c(c(c(c(c1)c1ccccc1)c1ccc(cc1)CCCC[*])c1ccccc1)c1ccccc1)c1ccccc1,180.0,,
12389,[*]O[Si](C)(C)Oc1ccc([*])cc1,,,4.9485
684,[*]c1nc2c(nc1)cc(cc2)Oc1ccc2c(nc(cn2)c2ccc(cc2)Oc2ccc(cc2)[*])c1,270.0,,
8035,[*]OC(=O)c1ccc(cc1)C(=O)NCCCCCCCCCCCCNC(=O)c1ccc(cc1)C(=O)OCC[*],,243.85,
517,[*]C(CCC[*])(C(=O)O)C,132.0,,
3352,[*]OP(=O)(OCCOc1ccc(cc1)S(=O)(=O)c1ccc(cc1)OCC[*])Oc1ccc(cc1)C,46.0,,
2895,[*]Oc1cc2c(cc1)ccc(c2)Oc1ccc(cc1)C(=O)Nc1ccc(cc1)Oc1ccc(cc1)Oc1ccc(cc1)NC(=O)c1ccc(cc1)[*],191.0,,
5954,[*]c1cc2c(C(=O)N(C2=O)c2c(cc(cc2)c2cc(c(cc2)N2C(=O)c3c(C2=O)cc(cc3)C([*])(C(F)(F)F)C(F)(F)F)OCCOc2ccc3c(c2)oc(=O)cc3C)OCCOc2ccc3c(c2)oc(=O)cc3C)cc1,132.0,,
4989,[*]OC(=O)Nc1ccc(cc1)Cc1ccc(cc1)NC(=O)OCCN(CC[*])CCCCCOc1ccc(cc1)N=Nc1ccccc1,59.6,,
9905,[*]Nc1cccc(C([*])=O)c1,,,4.1556
169,[*]C(C[*])(C(=O)OC)c1ccccc1,121.0,,
1581,[*]OC(=O)Nc1ccc(cc1)CCCCc1ccc(cc1)NC(=O)OCC[*],105.7,274.0,
10112,[*]CCCCCOC(=O)NC(=O)C1CC1C(=O)NC(=O)O[*],,,6.0047
11211,[*]C(=O)CCCCCCCCC(=O)N1CC(C)N([*])CC1C,,,5.7455
1789,[*]c1cc2c(C(=O)N(C2=O)c2cc(ccc2)C=CC(=O)OCCOC(=O)[*])cc1,230.0,,
6466,[*]OC(=O)OCC(C[*])OCCCCOc1ccc(cc1)C=Cc1ccc(cc1)[N+](=O)[O-],42.0,,
11509,[*]C(=O)c1ccc2c(c1)C(=O)N(c1cc(C(=O)OC)cc(N3C(=O)c4ccc([*])cc4C3=O)c1)C2=O,,,3.4437
5491,[*]N1C(=O)c2c(C1=O)cc(cc2)Oc1cc(ccc1)C(=O)Nc1ccc(cc1)Cc1ccc(cc1)[*],243.0,,
8775,[*][NH+]1CC=C(C=C1)C1=CC[NH+](C=C1)Cc1cc(ccc1)C[*],,133.5,
9158,[*]CC([*])OC(=O)c1ccc(OC(C)=O)cc1,,,4.6237
10001,[*]CCCCCCNC(=O)CCCCC(=O)NCCCCCCNC(=O)C(=O)N[*],,,5.2635
9687,[*]CCCCCCCCCCCCCCCCCCCCOC(=O)CC(=O)O[*],,,6.2688
11024,[*]OC(C)CCOC(=O)CCCCCCCCC([*])=O,,,6.7657
599,[*]OCC(C[*])(CO)CO,99.0,295.5,
4463,[*]Oc1ccc(cc1)CC(NC(=O)CCc1ccc(cc1)OC(=O)CCCCCCC(=O)[*])C(=O)OCc1ccccc1,47.0,,
11045,[*]CCCCCCOC(=O)CCC(C)CC(=O)O[*],,,6.8321
109,[*]C(C[*])c1ccc(cc1)COCCOCCCC,-38.0,,
4290,[*]Oc1ccc(cc1)c1ccc(cc1)OC(=O)c1c(cc(cc1)c1ccc(cc1)C(=O)[*])c1ccccc1,168.0,242.0,
11294,[*]NC(CC([*])=O)C(=O)OCCCCCC,,,6.1077
9880,[*]CCCCCNC(=O)CCCCCCCCCCCCC(=O)N[*],,,5.8927
3363,[*]c1nc2c(nc1c1ccccc1)cc(cc2)Oc1ccc(cc1)Oc1ccc(cc1)P(=O)(c1ccc(cc1)Oc1ccc(cc1)Oc1cc2c(nc(c(n2)c2ccccc2)c2ccc(cc2)[*])cc1)c1ccccc1,248.0,,
9328,[*]CCCCCCOCCCCCCOCCCCCO[*],,,5.9688
6351,[*]c1cc2c(C(=O)N(C2=O)c2c(ccc(c2)N2C(=O)c3c(C2=O)cc(cc3)C(=O)OCCN(CCOC(=O)[*])c2ccc(cc2)N=Nc2ccc(cc2)C(=C(C#N)C#N)C#N)N=Nc2ccc(cc2)C(=C(C#N)C#N)C#N)cc1,121.0,,
1226,[*]OC(=O)c1cc2c(cc1)cc(cc2)C(=O)OCCC[*],84.0,206.0,
1416,[*]NC(=O)c1ccc(cc1)C(=O)NCCCCCC[*],132.5,375.75,
12071,[*]CC(=O)C(C=C1)=CC=C1C(S2)=CC=C2[*],,,3.5141
1783,[*]c1c(nc2c(n1)cc(cc2)S(=O)(=O)c1cc2c(nc(c(n2)c2ccc(cc2)N2C(=O)c3c(C2=O)cc(cc3)C(=O)c2cc3c(C(=O)N(C3=O)c3ccc(cc3)[*])cc2)c2ccccc2)cc1)c1ccccc1,240.0,,
10117,[*]CCCCCCNC(=O)NCCNC(=O)N[*],,,6.0459
812,[*]Oc1cc(ccc1)NC(=O)CCCCCCCCC(=O)Nc1ccc(cc1)[*],125.0,165.0,
2846,[*]OP(=O)(Oc1c(c(c(c(c1Cl)Cl)[*])Cl)Cl)Oc1c(cccc1Cl)Cl,144.0,,
10269,[*]CCN[*],,,5.0274
11322,[*]CCCCCCCCCCCCNC(=O)c1cccc(C(=O)N[*])c1,,,4.8693
2244,[*]C(C[*])OC(=O)OCCC(C(C(C(C(C(F)(F)F)(F)F)(F)F)(F)F)(F)F)(F)F,37.0,,
9872,[*]CCCCNC(=O)CCCCCCC(=O)N[*],,,6.0697
3541,[*]Oc1ccc(cc1)OC(=O)c1c(cc(cc1)C(=O)Oc1ccc(cc1)OCC[*])OCCCCC,95.0,,
8891,[*]c1nc(ccc1)C(=O)NNC(=O)[*],,360.0,
2245,[*]C(=C([*])c1ccccc1)CC,200.0,,
7707,[*]OC(=O)CC(=O)OCCCC[*],,-19.5,
8193,[*]OC(CCOC(=O)c1cc(ccc1)c1cc(ccc1)C(=O)[*])C,,86.0,
2996,[*]Oc1ccc(cc1)C(c1ccc(cc1)Oc1ccc(cc1)C(=O)c1c(c(c(c(c1c1ccc(cc1)F)c1ccc(cc1)F)c1ccc(cc1)F)c1ccc(cc1)F)C(=O)c1ccc(cc1)[*])(C(F)(F)F)C(F)(F)F,253.0,,
11878,[*]CCN([*])C(=O)c1c(F)cc(F)cc1F,,,4.6328
9290,[*]CC(COCC=C)O[*],,,5.2711
471,[*]C(C[*])(C(=O)OCC(C1OCC(CO1)(C)C)(C)C)C,111.0,,
5762,[*]N1C(=O)c2c(C1=O)cc(cc2)c1ccc(cc1)c1ccc(cc1)c1ccc(cc1)c1ccc(cc1)c1cc2c(C(=O)N(C2=O)c2ccc(cc2)Cc2ccc(cc2)[*])cc1,244.0,470.0,
12279,[*]C(F)(F)CC(F)(F)N[*],,,7.1667
2101,[*]c1cc(ccc1)[*],104.93,,
1384,[*]NC1CC(CC(C1)(CNC(=O)CCCCC(=O)[*])C)(C)C,149.72,,
1532,[*]OC(=O)NCCCCCCNC(=O)OCCCCC[*],33.0,157.5,
8740,[*]SCSCC1CCC(CC1)C[*],,160.0,
5161,[*]c1cc2c(C(=O)N(C2=O)c2ccc(cc2)C=Cc2ccc(cc2)N2C(=O)c3c(C2=O)cc(cc3)C(=O)[*])cc1,303.0,,
3841,[*]Oc1c(c(c(c(c1F)F)S(=O)(=O)c1c(c(c(c(c1F)F)Oc1ccc(cc1)C(c1ccc(cc1)[*])(C(F)(F)F)C(F)(F)F)F)F)F)F,182.0,,
4520,[*]OC(=O)C=Cc1ccc(cc1)C=CC(=O)OCCN(CC[*])c1ccc(cc1)N=Nc1ccc(cc1)[N+](=O)[O-],120.0,190.0,
3575,[*]OC(=O)/C=C/C(=O)OCCOCC[*],-13.13,,
8090,[*]OC(=O)c1ccc(cc1)C(=O)OCCCCCC(=O)NCCCCCCNC(=O)CCCCC[*],,177.25,
1929,[*]c1c(nc2c(n1)cc(cc2)c1cc2c(nc(c(n2)c2ccc(cc2)[*])c2ccccc2)cc1)c1ccccc1,367.45,480.0,
2668,[*]C(C[*])(C(=O)OCc1cc(cc(c1)Cl)Cl)C,29.95,,
562,[*]C([*])(Cl)F,77.0,,
6055,[*]N1C(=O)c2c(C1=O)cc(cc2)Oc1cc(ccc1)C(c1ccc(cc1)Oc1cc2c(C(=O)N(C2=O)c2ccc(cc2)[*])cc1)(C)C,268.0,,
1794,[*]c1cc2c(C(=O)N(C2=O)c2ccc(cc2)Oc2c3c(ccc2)c(ccc3)Oc2ccc(cc2)N2C(=O)c3c(C2=O)cc(cc3)C(=O)Nc2cc(ccc2)NC(=O)[*])cc1,263.0,,
7719,[*]OC(=O)CC(CCC(=O)OCCCCC[*])C,,-44.0,
10579,[*]c1ccc(-c2nnc(-c3cccc(-c4nnc([*])o4)n3)o2)cc1,,,3.8824
461,[*]C(C[*])(C(=O)OCCNC(C)(C)C)C,41.0,,
698,[*]c1nc2c(nc1c1ccccc1)cc(cc2)Oc1cc2c(nc(c(n2)c2ccccc2)c2cc(ccc2)[*])cc1,270.0,,
322,[*]C(C[*])OC(=O)CC1CCCC1,-3.0,,
2261,[*]C(C[*])[Si](Cc1ccccc1)(C)C,-24.0,,
956,[*]Oc1ccc(cc1)C(c1ccc(cc1)OCC(CN(S(=O)(=O)c1ccc(cc1)c1ccc(cc1)S(=O)(=O)N(CC(C[*])O)C)C)O)(C)C,101.0,,
6215,[*]N1C(=O)c2c(C1=O)cc(cc2)Oc1cc2c(C(=O)N(C2=O)c2ccc(cc2)Oc2c(cc(cc2C(C)(C)C)c2ccc(cc2)[*])C(C)(C)C)cc1,342.0,,
6455,[*]Oc1ccc(cc1)C(c1ccc(cc1)OC(=O)OC1C(C(C1(C)C)OC(=O)[*])(C)C)(CC)C,124.0,,
7271,[*]N1CCN(CC1)C(=O)CCCCC(=O)[*],,355.0,
3368,[*]Oc1cc(ccc1)NC(=O)c1ccc(cc1)C(=O)Nc1cc(ccc1)OCCCCCCCC[*],122.0,284.0,
9502,[*]Oc1ccc(C(=O)c2cccc(C(=O)c3ccc([*])cc3)c2)cc1,,,3.9576
3971,[*]O[Si](Oc1ccc(cc1)C1(c2ccccc2c2ccccc12)c1ccc(cc1)[*])(c1ccccc1)c1ccccc1,166.0,,
249,[*]C(C[*])OC(=O)c1ccc(cc1)OC(=O)CCC,61.0,,
6701,[*][Si](c1c(cccc1)C[*])(c1ccccc1)c1ccccc1,122.0,,
10290,[*]c1ccc(-c2ccc(-c3nc4ccc(-c5ccc6nc([*])c(-c7ccccc7)nc6c5)cc4nc3-c3ccccc3)cc2)cc1,,,2.8449
5588,[*]c1cc2c(C(=O)N(C2=O)c2ccc(cc2)Oc2ccc(cc2)N2C(=O)c3c(C2=O)cc(cc3)C(=O)Nc2c(cc(cc2)NC(=O)[*])OCCCCCCS(=O)(=O)c2ccc(cc2)C=Cc2ccc(cc2)N(C)C)cc1,192.0,,
12197,[*]NC(=O)C(S1)=CC=C1C(=O)[*],,,3.683
7302,[*]N1COCN1C(=O)c1cc(ccc1)C(=O)[*],,400.0,
10999,[*]c1cc(CCN(CC)c2ccc(N=Nc3ccc(C=C(C#N)C#N)cc3)cc2)c([*])s1,,,1.3795
3822,[*]c1nc(nc(n1)Oc1ccc(cc1)C(=O)Nc1ccc(cc1)Cc1ccc(cc1)NC(=O)c1ccc(cc1)O[*])Sc1ccccc1,302.0,,
11091,[*]OC1CCC(C2CCC(OC(=O)CCCCCCCCC([*])=O)CC2)CC1,,,6.3469
6695,[*]O[Si](c1ccc(cc1)[Si](O[SiH]([*])C)(C)C)(C)C,-70.33,,
3838,[*]Oc1c(cc(cc1)S(=O)(=O)c1cc(c(cc1)Oc1ccc(cc1)C(c1ccc(cc1)[*])(C)C)S(=O)(=O)O)S(=O)(=O)O,188.0,,
1652,[*]N1C(=O)c2c(C1=O)cc(cc2)c1cc2c(C(=O)N(C2=O)c2ccc(cc2)Oc2ccc(cc2)C(c2ccc(cc2)Oc2ccc(cc2)[*])(C(F)(F)F)C(F)(F)F)cc1,246.0,,
11678,[*]Oc1ccc(C2(c3ccc(OC(=O)OC4C(C)(C)C(OC([*])=O)C4(C)C)cc3)CC3CCC2C3)cc1,,,4.7221
8560,[*]Oc1ccc(cc1)N=Cc1ccc(cc1)OC(=O)c1ccc(cc1)C=Nc1ccc(cc1)OCCCCCCCCCCOC(=O)NCCCCCCNC(=O)OCCCCCCCCCC[*],,180.2,
4726,[*]NNC(=O)c1c2c(c(cc1)C(=O)NNC(=O)c1ccc(cc1)[Si](c1ccc(cc1)C(=O)[*])(c1ccccc1)c1ccccc1)cccc2,271.5,,
2647,[*]C(C[*])(C(=O)OCCCCCCOc1ccc(cc1)C(=O)Oc1ccc(cc1)c1cc(ccc1)OC(=O)c1ccc(cc1)OC(=O)c1ccc(cc1)OCCCCCCCCCCCC)C,73.0,,
1126,[*]OC(=O)CCCCCCCCCCCCCC[*],-35.42,95.79090909,
9291,[*]CC(CC(C)(C)C)O[*],,,5.3855
5478,[*]N1C(=O)c2c(C1=O)cc(cc2)c1cc2c(C(=O)N(C2=O)CCCCCCOC(=O)c2cc(cc(c2)OCCCCCCOc2ccc(cc2)N=Nc2ccc(cc2)C#N)C(=O)OCCCCCC[*])cc1,93.0,,
1111,[*]OC(=O)CCCCCCCCC(=O)OCC#CC[*],-30.88,57.25,
2272,[*]C(C[*])NC=O,145.67,,
6892,[*]c1cc2C3(CCC(CC3)C(C)(C)C)c3c(c2cc1)ccc(c3)c1cc2C(c3c(c2cc1)ccc(c3)[*])(CCCCCCCC)CCCCCCCC,166.0,,
7283,[*]N1CCN(CC1)C(=O)OCC1C(C1)COC(=O)[*],,85.0,
10837,[*]c1ccc(-c2nc(-c3ccc(-c4nc([*])sc4C(=O)O)cc3)c(C(=O)O)s2)cc1,,,3.4119
2480,[*]C(C[*])(C(=O)Oc1ccc(cc1)C(=O)Oc1ccc(cc1)c1ccccc1)C,100.0,160.0,
6626,[*]N(CC[*])C(=O)c1c(cccc1F)F,121.5,,
6943,[*]C#CC(=C([*])CCCCOC(=O)NCCCCCCCCC)CCCCOC(=O)NCCCCCCCCC,,189.85,
9632,[*]CCOC(=O)C=CC(=O)O[*],,,4.8762
7079,[*]C(C[*])c1cc(c(cc1)C(=O)O)C(=O)O,,184.0,
4868,[*]Nc1cc(cc(c1)C(=O)OCCOc1ccc(cc1)C=CC(=O)c1ccccc1)NC(=O)c1cc(ccc1)C(=O)[*],216.0,,
11000,[*]c1ccc(-c2ccc([*])n2C#Cc2ccc(CCCCCC)cc2)s1,,,2.5339
3812,[*]Oc1ccc(cc1)C1(c2ccccc2c2ccccc12)c1ccc(cc1)OCCOC(=O)C1CCC(CC1)C(=O)OCC[*],148.0,,
3648,[*]C1COC2C1OCC2OC(=O)C(NC(=O)CCCCC(=O)NC(C(=O)O[*])C)C,56.0,,
6746,[*]O[Si](CC[Si]([*])(O[Si](C)(C)C)C)(C)C,-89.0,,
8686,[*]SC(=O)CCCCC(=O)SCc1ccc(cc1)Cc1ccc(cc1)C[*],,140.5,
7051,[*]C(C[*])CCCc1ccccc1,,110.0,
1193,[*]OC(CCOC(=O)c1ccc(cc1)c1ccc(cc1)C(=O)[*])C,86.83,130.0,
5237,[*]N1C(=O)c2c(C1=O)c(c(c(c2c1ccccc1)c1ccccc1)c1ccc(cc1)Oc1ccc(cc1)c1c(c2c(C(=O)N(C2=O)c2ccc(cc2)c2ccc(cc2)[*])c(c1c1ccccc1)c1ccccc1)c1ccccc1)c1ccccc1,399.0,,
734,[*]Oc1c(cc(cc1)C(c1cc(c(cc1)OCC(C[*])O)Cl)(C)C)Cl,85.0,,
2265,[*]C(=C[*])c1ccc(cc1)n1c(=O)c2cc3c(cc2c1=O)c(=O)n(c3=O)c1ccc(cc1)C#C,420.0,,
5193,[*]N1C(=O)c2c(C1=O)cc(cc2)C(=O)c1cc2c(C(=O)N(C2=O)CCCCCC(=O)Nc2ccc(cc2)NC(=O)CCCCC[*])cc1,200.0,,
3974,[*]c1ccc2N(c3c(Sc2c1)cc(cc3)c1sc(c(c1CCCCCC)CCCCCC)C=CC1=CC(=C(C#N)C#N)C=C(O1)C=Cc1sc(c(c1CCCCCC)CCCCCC)[*])CCCCCC,130.0,,
7648,[*]Nc1ccc(cc1)Cc1ccc(cc1)NC(=O)NCCCCCCCCCCCCCCNC(=O)[*],,229.0,
6117,[*]N1C(=O)c2c(C1=O)cc(cc2)Oc1cc2c(C(=O)N(C2=O)c2c(ccc(c2)C(c2cc(c(cc2)OCc2cc(cc(c2)OCCN(c2ccc(cc2)C=CC2=CC(=C(C#N)C#N)CC(C2)(C)C)C)OCCN(c2ccc(cc2)C=CC2=CC(=C(C#N)C#N)CC(C2)(C)C)C)[*])(C(F)(F)F)C(F)(F)F)OCc2cc(cc(c2)OCCN(c2ccc(cc2)C=CC2=CC(=C(C#N)C#N)CC(C2)(C)C)C)OCCN(c2ccc(cc2)C=CC2=CC(=C(C#N)C#N)CC(C2)(C)C)C)cc1,178.0,,
6021,[*]N1C(=O)c2c(C1=O)cc(cc2)Oc1cc2c(C(=O)N(C2=O)c2cc(cc(c2)C(F)(F)F)Oc2c(cc(cc2C)c2cc(c(c(c2)C)Oc2cc(cc(c2)C(F)(F)F)[*])C)C)cc1,252.2,,
3305,[*]Oc1ccc(cc1)Oc1ccc(cc1)S(=O)(=O)c1ccc(cc1)c1ccc(cc1)S(=O)(=O)c1ccc(cc1)[*],251.0,,
10808,[*]CCNC(=O)c1cccc(O[*])c1,,,4.5918
8971,[*]c1sc(cc1)C(=O)NCCCCCCCCNC(=O)[*],,304.0,
5333,[*]c1cc2c(C(=O)N(C2=O)c2ccc(cc2)Oc2cc3c(cc2)ccc(c3)Oc2ccc(cc2)N2C(=O)c3c(C2=O)cc(cc3)C(=O)Nc2ccc(cc2)Oc2ccc(cc2)C(c2ccc(cc2)Oc2ccc(cc2)NC(=O)[*])(C)C)cc1,250.0,,
11946,[*]C=Cc1cc(OCCCCCC)c([*])cc1OC,,,2.3505
808,[*]Oc1cc(ccc1)NC(=O)CCCCCCCCCCC(=O)Nc1ccc(cc1)[*],110.0,150.0,
5328,[*]c1cc2c(C(=O)N(C2=O)c2ccc(cc2)Oc2cc3c(cc2)ccc(c3)Oc2ccc(cc2)N2C(=O)c3c(C2=O)cc(cc3)C(=O)Nc2cc(ccc2)NC(=O)[*])cc1,286.0,,
3414,[*]Oc1ccc(cc1)C1(c2ccccc2c2ccccc12)c1ccc(cc1)Oc1ccc(cc1)C(=O)c1c(cccc1)c1c(cccc1)C(=O)c1ccc(cc1)[*],229.0,,
11811,[*]NC1=CC(=O)C([*])=CC1=O,,,1.9466
11093,[*]OC1CCC(C2CCC(OC(=O)CCCCCCCCCCC([*])=O)CC2)CC1,,,6.4832
1351,[*]NC(=O)CCCCCCCCCC(=O)NCCc1ccc(cc1)CC[*],96.0,275.0,
1765,[*]N1C(=O)c2c(C1=O)cc(cc2)Oc1ccc(cc1)Oc1cc2c(C(=O)N(C2=O)c2ccc(cc2)Oc2ccc(cc2)[*])cc1,248.75,,
6357,[*]C1C2C(C(=O)N(C2=O)c2ccc(cc2)Cl)C(C1)C=C[*],226.3,,
3046,[*]c1c(nc2c(n1)cc(cc2)Oc1ccc(cc1)NC(=O)c1cc(cc(c1)N1C(=O)c2c(C1=O)c(c(c(c2Cl)Cl)Cl)Cl)C(=O)Nc1ccc(cc1)Oc1cc2c(nc(c(n2)c2ccc(cc2)Oc2ccc(cc2)[*])c2ccccc2)cc1)c1ccccc1,295.0,,
1079,[*]OC(=O)CCC(=O)OCCCC[*],-22.65,114.2330556,
12170,[*]NC(S1)=CC=C1C(C=C2)=CC=C2C(=S)[*],,,3.3567
400,[*]C(C[*])C(=O)OCCCCCCCCC,-89.0,,
2542,[*]C(C[*])(C(=O)OCc1ccc2n(c3c(c2c1)cccc3)CCCCCCCC)C,45.0,,
4684,[*]NC(=O)CCC(c1ccc(cc1)C(CCC(=O)NCCCCCC[*])(C)C)(C)C,92.0,,
12262,[*]C(F)(F)C(F)(F)CC(=O)[*],,,5.5534
149,[*]C(C[*])c1c(ccc(c1)Br)OC,86.0,,
3665,[*]Oc1c(cc(cc1)Oc1ccc(cc1)NC(=O)c1cc(ccc1)C(=O)Nc1ccc(cc1)[*])C(C)(C)C,208.0,,
7142,[*]C=CCCCC[*],,51.0,5.7726
799,[*]C1OCC(CO1)(COC(=O)CCCCCCC[*])C,-26.0,81.0,
12259,[*]C(F)(F)C(F)(F)C(C=C1)=CC=C1C(=S)[*],,,3.118
5764,[*]c1cc2c(C(=O)N(C2=O)c2ccc(cc2)Oc2ccc(cc2)c2ccc(cc2)Oc2ccc(cc2)N2C(=O)c3c(C2=O)cc(cc3)c2ccc(cc2)c2ccc(cc2)c2ccc(cc2)c2ccc(cc2)[*])cc1,232.0,470.0,
2999,[*]Oc1ccc(cc1)C1(c2ccccc2c2ccccc12)c1ccc(cc1)Oc1ccc(cc1)C(=O)c1c(c(c(c(c1c1ccc(cc1)F)c1ccc(cc1)F)c1ccc(cc1)F)c1ccc(cc1)F)C(=O)c1ccc(cc1)[*],293.0,,
10855,[*]c1csc([*])c1,,,3.5591
8863,[*]c1ccc(cc1)C[*],,156.0,
1034,[*]SCC[*],-5.5,198.4428571,
478,[*]C(C[*])(CC(=O)OCCCC)C(=O)OCCCC,22.38,,
7593,[*]NNC(=O)c1c(cc(c(c1)Cl)C(=O)NNC(=O)c1cc(ccc1)C(=O)[*])Cl,,395.0,
2549,[*]C(C[*])(C(=O)OC1(C2CC3CC(CC1C3)C2)C)C,165.0,,
4137,[*]c1sc(nn1)c1ccc(cc1)C(=O)OCCCCCCCCCCOC(=O)c1ccc(cc1)[*],79.0,293.0,
7790,[*]OC(=O)CCCCCCC(=O)OCCNC(=O)c1ccc(cc1)c1ccc(cc1)C(=O)NCC[*],,283.5,
7436,[*]NC(=O)CCCCCCCCC(=O)NCCCCCCCCCCCC[*],,182.725,
4813,[*]Nc1c2c(ccc1)c(ccc2)NC(=O)c1ccc(cc1)NC(=O)c1ccc(cc1)[Si](c1ccc(cc1)C(=O)Nc1ccc(cc1)C(=O)[*])(C)C,378.0,,
955,[*]Oc1ccc(cc1)c1ccc(cc1)OCC(CN(S(=O)(=O)c1cc(ccc1)S(=O)(=O)N(CC(C[*])O)C)C)O,58.0,,
10692,[*]CC(O)COC(=O)CCCCC(=O)OCC(O)COc1ccc(O[*])cc1,,,5.0285
7294,[*]N1CCN(CC1)CCC(=O)NCCNC(=O)CC[*],,231.0,
578,[*]OC([*])C,-21.07,165.0,6.9003
3380,[*]OP(=O)(OC(COc1ccc(cc1)S(=O)(=O)c1ccc(cc1)OCC([*])CCl)CCl)Oc1ccccc1,48.0,,
8520,[*]Oc1ccc(cc1)C(c1ccc(cc1)OC(=O)C1C(C1C)C(=O)[*])(C)C,,130.0,
5085,[*]N1C(=O)c2c(C1=O)cc(cc2)c1cc2c(C(=O)N(C2=O)c2cc(ccc2)C(=O)Nc2ccc(cc2)Oc2cc(ccc2)Oc2ccc(cc2)NC(=O)c2cc(ccc2)[*])cc1,253.0,,
4105,[*]c1sc(cc1)c1sc(cc1)[Si]([Si]([*])(CCCC)CCCC)(CCCC)CCCC,-20.0,,
5341,[*]c1cc2c(C(=O)N(C2=O)c2c(cc(cc2C)Cc2cc(c(c(c2)C(C)C)N2C(=O)c3c(C2=O)cc(cc3)C([*])(C(F)(F)F)C(F)(F)F)C)C(C)C)cc1,276.0,,
11928,[*]C#CC#Cc1ccc([*])cc1,,,2.0489
435,[*]C(C[*])C(=O)Oc1cc(ccc1)C(=O)OC,38.0,,
4192,[*]c1sc(nn1)c1ccc(cc1)OC(=O)CCCCCCCCC(=O)Oc1ccc(cc1)C=C[*],30.0,218.0,
2253,[*]C(=C([*])C)[Si](CC[Si](C)(C)C)(C)C,200.0,,
5190,[*]N1C(=O)c2c(C1=O)cc(cc2)C(=O)c1cc2c(C(=O)N(C2=O)CC(=O)Nc2ccc(cc2)NC(=O)C[*])cc1,250.0,,
247,[*]C(C[*])OC(=O)c1cc(ccc1)Br,57.5,,
11826,[*]c1ccc2c(c1)c1cc([*])ccc1n2C=C,,,3.4876
8523,[*]Oc1ccc(cc1)C(c1ccc(cc1)OC(=O)c1cc(ccc1)C(=O)[*])(CCC(=O)OCC)C,,170.0,
83,[*]C(C[*])c1ccc(cc1)CCCCCCCCCCCC,-52.0,,
1342,[*]NC(=O)c1cc(cc(c1)C(C)(C)C)C(=O)NCc1ccc(cc1)C[*],204.0,283.0,
1477,[*]Nc1ccc(cc1)CC(NC(=O)c1ccc(cc1)C(=O)[*])(C)C,175.0,360.0,
1375,[*]NC(=O)c1ccc(cc1)C(c1ccc(cc1)C(=O)NCCCC[*])(CC)C,177.5,,
767,[*]Oc1ccc(cc1)S(=O)(=O)c1ccc(cc1)Oc1ccc(cc1)C(c1ccc(cc1)[*])(C(F)(F)F)C(F)(F)F,197.73,255.0,
1203,[*]O[Sn](OC(=O)CCCCC(=O)[*])(CCCC)CCCC,110.0,235.85,
10399,[*]C=C([*])c1cc(C(F)(F)F)oc1C(F)(F)F,,,1.9958
3950,[*]c1oc(nn1)c1ccc(cc1)C(=O)OCCCCCCCCCCOc1ccc(cc1)C=C1C(=O)C(=Cc2ccc(cc2)OCCCCCCCCCCOC(=O)c2ccc(cc2)[*])CC1,58.0,123.0,
11786,[*]c1ccc2c(c1)c1cc([*])ccc1n2C(=O)NO,,,3.8619
66,[*]C(C[*])c1c(cccc1)C(=O)OCCCCCC,45.0,,
10143,[*]c1ccc2c(c1)Cc1cc(-n3c(=O)c4cc5c(=O)n([*])c(=O)c5cc4c3=O)ccc1-2,,,2.1333
11483,[*]C(=O)Nc1ccc(NC(=O)c2ccc(N3C(=O)c4ccc([*])cc4C3=O)cc2)cc1,,,2.9178
7851,[*]OC(=O)CCCCSCCCCC(=O)OCCCCCCCCCC[*],,55.5,
10740,[*]C=Nc1ccccc1N=Cc1ccc(Sc2ccc([*])o2)o1,,,2.7375
1828,[*]C1C(=O)N(C(=O)C1C(C[*])(C)C)c1c(cccc1CC)CC,210.0,,
3451,[*]Oc1cc(ccc1)NC(=O)c1ccc(cc1)C(=O)Nc1cc(ccc1)OCCOCC[*],140.0,273.0,
6678,[*]c1ccc2n(c3c(c2c1)cc(cc3)c1c2cc(ccc2c(c2cc(ccc12)C=Cc1ccc(cc1)N(CCCCCC)CCCCCC)[*])C=Cc1ccc(cc1)N(CCCCCC)CCCCCC)CCCCCCCC,131.0,,
7722,[*]OC(=O)CC(CCC(=O)OCCCCCCCCCCCCCCCCCCCC[*])C,,58.5,
2767,[*]c1cc2C(c3c(c2cc1)ccc(c3)[*])(CC(CCCC)CC)CC(CCCC)CC,27.64,,
8005,[*]OC(=O)c1c(cccc1)Nc1c(cccc1)C(=O)OC(=O)c1ccc(cc1)C(=O)[*],,251.5,
8295,[*]OCCCCCOCCCCCCCCCCOCCCCCCCCCC[*],,72.3,
12388,[*]O[Si](C)(Oc1ccc([*])cc1)c1ccccc1,,,4.1409
39,[*]C1CC(CC1)C=C[*],39.97,202.0,
9825,[*]CCC(C)C(C)CCNC(=O)c1cccc(C(=O)N[*])c1,,,4.994
1661,[*]N1C(=O)c2c(C1=O)cc(cc2)Oc1cc2c(C(=O)N(C2=O)c2c(cccc2)Oc2ccc(cc2)[*])cc1,264.0,,
4946,[*]OC(=O)Nc1c(ccc(c1)NC(=O)OCCN(CC[*])c1c(cc(cc1)[N+](=O)[O-])C)C,98.0,,
4287,[*]Oc1c(cc(cc1)OC(=O)c1c(cc(cc1)C(=O)[*])Sc1ccccc1)C,130.0,259.0,
4619,[*]Oc1c(cccc1)C(=O)OC(=O)c1c(cccc1)OC(=O)c1cc(ccc1)C(=O)[*],105.0,,
385,[*]C(C[*])(C(=O)OC(C(F)(F)F)C(F)(F)F)C,73.0,,
4146,[*]c1sc(c(c1c1ccccc1)c1ccccc1)c1ccc(cc1)CC(=O)Nc1ccc(cc1)S(=O)(=O)c1ccc(cc1)NC(=O)Cc1ccc(cc1)[*],252.0,,
9370,[*]C(=O)COCCOCC(=O)N1CCN([*])CC1,,,5.6095
10410,[*]CC([*])N,,,5.222
10071,[*]CCCCCCCCCOC(=O)Nc1ccc(C)c(NC(=O)O[*])c1,,,4.9708
8755,[*]SSCCSSCCCCCCCCCC[*],,61.5,
5948,[*]c1cc2c(C(=O)N(C2=O)c2cc(c(cc2)c2c(cc(cc2)N2C(=O)c3c(C2=O)cc(cc3)C(=O)Oc2ccc(cc2)C2(CCC(CC2)C(C)(C)C)c2ccc(cc2)OC(=O)[*])C)C)cc1,217.0,,
10506,[*]CC(O)COc1ccc(C(C)(C)c2ccc(OCC(O)COc3ccc(S(=O)(=O)c4ccc(O[*])cc4)cc3)cc2)cc1,,,4.067
7687,[*]OC(=O)C(C(C(=O)OCCCC[*])OC)OC,,92.0,
7918,[*]OC(=O)NCCCNC(=O)OCCCCCC[*],,142.0,
10476,[*]C(F)(F)C(F)(F)C(F)(F)C([*])(F)C(F)(F)F,,,8.4323
3490,[*]Oc1ccc(cc1)CC(NC(=O)CCc1ccc(cc1)OC(=O)COCC(=O)[*])C(=O)OCCOCCOCC,27.0,,
5568,[*]N1C(=O)c2c(C1=O)cc(cc2)c1cc2c(C(=O)N(C2=O)c2cc(c(c(c2)C(=O)OCCCCCCCCCCCCCCCC)c2c(cc(cc2Br)[*])C(=O)OCCCCCCCCCCCCCCCC)Br)cc1,92.0,,
8298,[*]OCCOCCCNC(=O)CCCCC(=O)NCCC[*],,177.5,
7408,[*]NC(=O)CCCCCC(=O)NCCCCC[*],,209.9375,
5486,[*]N1C(=O)c2c(C1=O)cc(cc2)Oc1ccc(cc1)C(=O)Nc1ccc(cc1)Oc1ccc(cc1)Oc1ccc(cc1)[*],242.0,,
2588,[*]C(C([*])(C(=O)OC(C([2H])([2H])[2H])([2H])[2H])C([2H])([2H])[2H])([2H])[2H],94.0,,
8851,[*]c1ccc(cc1)/C=C/c1c(cc(c(c1)CCCCCCC)/C=C/[*])CCCCCCC,,224.0,
7507,[*]NC(=O)NCCCCCCNC(=O)NCCCCCCCCCCCCCCCCCC[*],,192.0,
10305,[*]OS(=O)(=O)c1ccc([*])cc1,,,4.9308
9950,[*]C(=O)NCCCCCCNC(=O)c1cncc([*])c1,,,4.9388
4431,[*]OC(=O)C(NC(=O)C[*])C,54.6,235.0,
1420,[*]NC(CCC(CCCNC(=O)c1ccc(cc1)C(=O)[*])(C)C)C,150.0,,
2677,[*]C(C[*])(C(=O)OCCOc1ccc(cc1)N=Nc1ccc(cc1)OC)C,109.0,,
152,[*]C(C[*])c1c(ccc(c1)Br)OCCCCC,49.0,,
5348,[*]c1cc2c(C(=O)N(C2=O)c2c(cc(cc2C)C2(c3ccccc3c3ccccc23)c2cc(c(c(c2)C)N2C(=O)c3c(C2=O)cc(cc3)C([*])(C(F)(F)F)C(F)(F)F)C)C)cc1,361.0,,
11137,[*]Oc1ccc(C(=O)NNC(=O)c2cccc(C(=O)NNC(=O)c3ccc(OC(=O)c4cccc(C([*])=O)c4)cc3)c2)cc1,,,3.7359
7429,[*]NC(=O)CCCCCCCCC(=O)NC[*],,265.925,
10188,[*]c1cccc(N2C(=O)c3ccc(Oc4ccc(C(C)(C)c5ccc(Oc6ccc7c(c6)C(=O)N([*])C7=O)cc5)cc4)cc3C2=O)c1,,,3.1735
6402,[*]Oc1c(cc(cc1Cl)C1(C2CCC(C1)C2)c1cc(c(c(c1)Cl)OC(=O)[*])Cl)Cl,290.0,,
5103,[*]C1C(=O)N(C(=O)C1C(C[*])(C)C)C1CCCCC1,192.0,,
10093,[*]C(=O)OCC(C)(C)COC(=O)N1CCN([*])CC1,,,5.8163
7197,[*]N(CC[*])C(=O)CCCCCCCCC=C,,129.2,
3080,[*]c1c(nc2c(c1c1ccccc1)cc(cc2)Oc1cc2c(nc(c(c2c2ccccc2)c2ccc(cc2)Oc2ccc(cc2)[*])c2ccccc2)cc1)c1ccccc1,252.5,,
11554,[*]C(=O)Oc1ccc(OC(=O)c2ccc3c(c2)C(=O)N(c2ccc(Oc4ccc(N5C(=O)c6ccc([*])cc6C5=O)cc4)cc2)C3=O)c(C)c1,,,2.6804
10806,[*]OC(=O)OCCOCCOCCOCCOC(=O)OC1COC2C([*])COC12,,,6.2534
6659,[*]N(c1ccc(cc1)c1ccc(cc1)[*])c1ccc(cc1)C(F)(F)F,225.0,,
8667,[*]S(=O)(=O)c1ccc(cc1)C(=O)NCC(CNC(=O)c1ccc(cc1)[*])(C)C,,284.0,
12238,[*]CNC(=O)ONC(=O)NO[*],,,6.8117
4981,[*]OC(=O)Nc1ccc(cc1)Cc1ccc(cc1)NC(=O)OCCN(CC[*])c1ccccc1,31.9,,
2805,[*]Oc1ccc(cc1)C(c1ccc(cc1)OC(=O)c1cc(ccc1)Oc1cc(ccc1)C(=O)[*])(C)C,85.0,,
4921,[*]Nc1cc(cc(c1)C(=O)Oc1ccc(cc1)Oc1cc(c(cc1)C#N)C#N)NC(=O)c1cc(ccc1)C(=O)[*],305.0,,
1280,[*]c1cc2c(C(=O)N(C2=O)c2ccc(cc2)C(=O)Nc2ccc(cc2)C(=O)OCCCCCCOC(=O)[*])cc1,107.0,315.0,
3164,[*]c1sc(cc1)Oc1ccc(cc1)C(c1ccc(cc1)Oc1sc(cc1)C(=O)[*])(C)C,124.0,,
10099,[*]C(=O)OCCCCCCOC(=O)N1CCN([*])CC1,,,5.9678
10431,[*]C=CC1CC([*])C(C(=O)OCCNC(C)(C)C)C1,,,5.2249
1815,[*]c1cc2c(C(=O)N(C2=O)c2ccc(cc2)Oc2cc3c(cc2Oc2ccc(cc2)N2C(=O)c4c(C2=O)cc(cc4)C(=O)[*])cccc3)cc1,246.0,,
5961,[*]c1cc2c(C(=O)N(C2=O)c2cc(ccc2)P(=O)(c2cc(ccc2)N2C(=O)c3c(C2=O)cc(cc3)C(=O)Nc2ccc(cc2)c2nc(cc(c2)c2ccccc2)c2ccc(cc2)NC(=O)[*])c2ccccc2)cc1,258.0,,
7112,[*]C1CC(CC1)C[*],,134.0,
622,[*]OC(=O)c1cc(ccc1)C(=O)OCCOCC[*],16.0,66.66666667,
12280,[*]C(F)(F)CC(F)(F)O[*],,,9.1417
1587,[*]OC(=O)Nc1ccc(cc1)Cc1ccc(cc1)NC(=O)OCC1CCC(CC1)C[*],134.0,212.3333333,
2826,[*]Oc1c(c(c(c(c1)C)[*])C)Br,280.15,,
10656,[*]CCCCCCCCCOc1ccc(C=CC=Cc2ccc(O[*])cc2)cc1,,,3.5795
4553,[*]Oc1ccc(cc1)N=Nc1cc(c(cc1)S(=O)(=O)c1c(cc(cc1)N=Nc1ccc(cc1)OC(=O)c1ccc(cc1)N=Nc1ccc(cc1)C(=O)[*])[N+](=O)[O-])[N+](=O)[O-],150.0,,
2152,[*]C(C[*])c1ccc(cc1)COCCC(C(C(C(C(C(C(C(F)(F)F)(F)F)(F)F)(F)F)(F)F)(F)F)(F)F)(F)F,53.33,83.5,
5360,[*]c1c2C(=O)N(C(=O)c2c(c2ccccc12)c1ccc(cc1)Oc1ccc(cc1)C(=O)c1ccc(cc1)Oc1ccc(cc1)[*])C,283.0,,
3361,[*]Oc1c(cc(cc1)OC(=O)c1ccc(cc1)OCCCCCCOc1ccc(cc1)C(=O)[*])S(=O)(=O)c1ccccc1,112.6,,
3773,[*]Oc1ccc(cc1)SSc1ccc(cc1)[*],74.9,,
10378,[*]C=C([*])c1cccc(C#C)c1,,,0.069
12065,[*]CCON[*],,,5.6784
7295,[*]N1CCN(CC1)CCC(=O)OCC(COC(=O)CC[*])(CC)COC(=O)CC[*],,44.32333333,
917,[*]N1C(=O)c2c(C1=O)cc(cc2)Oc1cc2c(cc1Oc1cc3c(C(=O)N(C3=O)c3cc(ccc3)[*])cc1)cccc2,228.75,,
937,[*]N1C(=O)c2c(C1=O)cc(cc2)Oc1cc2c(cc1)cc(cc2)Oc1cc2c(C(=O)N(C2=O)c2ccc(cc2)Oc2ccc(cc2)c2ccc(cc2)Oc2ccc(cc2)[*])cc1,230.0,,
1469,[*]Nc1ccc(cc1)NC(=O)c1ccc(cc1)P(=O)(c1ccc(cc1)C(=O)[*])c1ccccc1,252.0,,
10339,[*]CC([*])(C)c1ncncn1,,,4.5942
7209,[*]N(CC[*])C(=O)c1ccc(cc1)OCC=C,,240.5,
3159,[*]Oc1cc(ccc1)OCC(C[*])O,65.0,,
4202,[*]c1ccc2N(c3c(Sc2c1)cc(cc3)c1sc(cc1)c1sc(cc1)[*])CCCCCCCCCC,142.0,,
2814,[*]C1OCC(OC1)CNC(=O)CCCCCCCCC(=O)NC[*],73.0,262.0,
4630,[*]OC(=O)CCCCCCCCC(=O)OCC(=O)NCCCCCCNC(=O)C[*],2.0,114.0,
2259,[*]C(C[*])N1C(=S)CCC1,80.0,,
8915,[*]c1ncc(cc1)C(=O)NCCCCCCCCNC(=O)[*],,232.0,
11771,[*]c1cc(CCCCCCCC)c([*])[nH]1,,,2.9335
3386,[*]c1oc(nn1)c1c2c(c(cc1)Oc1ccc(cc1)C(c1ccc(cc1)Oc1c3c(c(cc1)[*])cccc3)(C(F)(F)F)C(F)(F)F)cccc2,220.0,,
4158,[*]c1sc(cc1SCCCCCCCC)c1sc(c(c1)SCCCCCCCC)c1ccc(cc1)[*],60.35,,
8861,[*]c1ccc(cc1)C(=C([*])c1ccccc1)c1ccccc1,,210.0,
1005,[*]Oc1ccc(cc1)C(c1cc(ccc1)C(c1ccc(cc1)Oc1ccc(cc1)C(=O)Nc1ccc(cc1)Cc1ccc(cc1)NC(=O)c1ccc(cc1)[*])(C)C)(C)C,149.0,,
4569,[*]OC(=O)CNC(=O)C[*],67.0,199.0,
4412,[*]Oc1ccc(cc1)CC(NC(=O)CCc1ccc(cc1)OC(=O)CCCC(=O)[*])C(=O)OCCCCCC,43.0,,
3500,[*]Oc1ccc(cc1)CC(NC(=O)CCc1ccc(cc1)OC(=O)COCCOCC(=O)[*])C(=O)OCC,53.0,,
5683,[*]N1C(=O)c2c(C1=O)c(ccc2)c1cc2c(C(=O)N(C2=O)c2cc(ccc2)OCCCCCCOc2cc(ccc2)[*])cc1,157.0,,
2869,[*]C1c2c(OC1[*])cccc2,65.2,,
6268,[*]N1C(=O)c2c(C1=O)c(ccc2)c1cc2c(C(=O)N(C2=O)c2cc(ccc2)Oc2cc(ccc2)Oc2cc(ccc2)[*])cc1,213.0,,
2773,[*]OC(=O)CCCCCCCCCCC(=O)OCCOCC[*],-71.0,,
3907,[*]Oc1c(cc(cc1)OC(=O)c1ccc(cc1)OCCCCCCCCCCCCOc1ccc(cc1)C(=O)[*])C=Cc1ccncc1,91.35,,
12073,[*]CC(=O)C(C=C1)=CC=C1C(=O)[*],,,4.4703
6044,[*]N1C(=O)c2c(C1=O)cc(cc2)c1cc2c(C(=O)N(C2=O)c2ccc(cc2)N(c2ccc(cc2)[*])c2ccc(cc2)C#N)cc1,358.0,,
453,[*]C(C[*])(C(=O)OCC(CCCC)CC)C,-10.0,,
4533,[*]OC(C(=O)[*])CC,15.0,,
5307,[*]c1cc2c(C(=O)N(C2=O)c2ccc(cc2)OCCOCCOc2ccc(cc2)N2C(=O)c3c(C2=O)cc(cc3)C([*])(C(F)(F)F)C(F)(F)F)cc1,187.5,,
4908,[*]c1ccc2c(nc([nH]2)c2cc(ccc2)c2nc3c([nH]2)ccc(c3)C(=O)Nc2nc(ccc2)NC(=O)[*])c1,302.0,,
11165,[*]Oc1ccc(C2(c3ccc(OC(=O)c4ccc(C([*])=O)cc4)cc3)CCC(C(C)(C)C)CC2)cc1,,,3.1462
7599,[*]NNC(=O)c1cc(ccc1)C(=O)NNC(=O)C1CC(CCC1)C(=O)[*],,315.0,
3610,[*]C1COC2C1OCC2OC(=O)C(NC(=O)CCCCCCC(=O)NC(C(=O)O[*])Cc1ccccc1)Cc1ccccc1,91.0,,
11970,[*]CC([*])(F)C(=O)OCCC,,,6.5259
9934,[*]C(=O)C1CCCN1[*],,,5.5773
4570,[*]O[Si](CCCC(=O)Oc1ccc(cc1)C=Nc1ccc(cc1)N=Cc1ccc(cc1)OC(=O)CCC[Si]([*])(C)C)(C)C,60.0,126.0,
2328,[*]C1C(CC(C1)C=C[*])([Si]([Si](C)(C)C)(C)C)C#N,120.0,,
10215,[*]OC(=O)c1ccc(CCCCCCc2ccc(C([*])=O)cc2)cc1,,,4.5994
7343,[*]NC(=O)C(C(=O)NCCCCCC[*])CCCCC,,151.0,
2866,[*]c1ccc2c3n(c4ccc(cc4n3)c3cc4n5c(nc4cc3)c3cccc4c(ccc(c5=O)c34)Oc3ccc(cc3)C3(c4ccccc4C(=O)c4ccccc34)c3ccc(cc3)O[*])c(=O)c3cccc1c23,428.0,,
8902,[*]c1nc(sc1)N=Cc1cc(c(cc1)OCCCCCCCCOc1c(cc(cc1)C=Nc1nc(cs1)c1ccc(cc1)Oc1ccc(cc1)[*])OC)OC,,175.0,
3397,[*]OP(=O)(N=Nc1ccc(cc1)Oc1ccc(cc1)N=NP(=O)(OCCOCC[*])OC)OC,32.0,,
10241,[*]Oc1ccc(C(C)(C)c2ccc(OC([*])=O)cc2)cc1,,,5.2059
8683,[*]SC(=O)CCCC[*],,117.5,
8582,[*]Oc1ccc(cc1)OC(=O)c1cc(ccc1)Oc1ccc(cc1)c1ccc(cc1)Oc1cc(ccc1)C(=O)[*],,326.0,
11938,[*]C=Cc1cc(OC)c([*])cc1Br,,,1.9302
9893,[*]CCCCCCCCCCNC(=O)CCCCCCCCCCCCCCCCC(=O)N[*],,,5.9174
8307,[*]OCOCCCCCCCCC[*],,54.5,
11531,[*]c1ccc(-c2ccc(N3C(=O)c4ccc(S(=O)(=O)c5ccc6c(c5)C(=O)N([*])C6=O)cc4C3=O)cc2C(F)(F)F)c(C(F)(F)F)c1,,,3.252
2567,[*]C(C[*])(C(=O)OCCCCCCCCCCCOc1ccc(cc1)N=Nc1ccc(cc1)OC(=O)c1cc2c(OCCOCCOCCOCCO2)cc1)C,59.0,,
1580,[*]OC(=O)Nc1ccc(cc1)CCCc1ccc(cc1)NC(=O)OCC[*],74.1,207.0,
1646,[*]N1C(=O)c2c(C1=O)cc(cc2)c1cc2c(C(=O)N(C2=O)c2ccc(cc2)Cc2ccc(cc2)[*])cc1,298.0,,
8215,[*]OC1C=CC(CC1)[*],,218.5,
42,[*]C1(CCCCC1)C[*],100.0,210.0,
9208,[*]CC([*])C(N)=O,,,6.3386
2619,[*]C(C[*])(C(=O)OCC(=O)N1CCOCC1)C,128.0,,
1367,[*]NC(=O)c1cc(ccc1)C(=O)NCC1CC(CC(C1)C(C)(C)C)C[*],209.0,,
1656,[*]N1C(=O)c2c(C1=O)cc(cc2)Oc1cc2c(C(=O)N(C2=O)CCCCCCCC[*])cc1,145.0,211.0,
8633,[*]Oc1ccc(cc1)c1ccc(cc1)OCCCCCCCCCCCOC(=O)c1cc(cc(c1)OCCCCCCCCOc1ccc(cc1)N=Nc1ccc(cc1)[N+](=O)[O-])C(=O)OCCCCCCCCCCC[*],,77.0,
12196,[*]NC(=O)C(S1)=CC=C1C(C=C2)=CC=C2[*],,,2.9223
7872,[*]OC(=O)CS(=O)(=O)CCS(=O)(=O)CC(=O)[*],,185.0,
7718,[*]OC(=O)CC(CCC(=O)OCCCC[*])C,,-40.5,
3621,[*]Oc1ccc(cc1)NC(=C(C#N)C#N)c1ccc(cc1)C(=C(C#N)C#N)Nc1ccc(cc1)[*],274.0,,
5162,[*]c1cc2c(C(=O)N(C2=O)c2ccc(nc2)Sc2ncc(cc2)N2C(=O)c3c(C2=O)cc(cc3)C(=O)[*])cc1,246.0,,
9616,[*]CCCCCCC(=O)O[*],,,6.5222
5240,[*]N1C(=O)c2c(C1=O)c(c(c(c2c1ccccc1)c1ccccc1)c1ccc(cc1)Oc1ccc(cc1)c1c(c2c(C(=O)N(C2=O)c2ccc(cc2)Cc2ccc(cc2)[*])c(c1c1ccccc1)c1ccccc1)c1ccccc1)c1ccccc1,356.0,,
277,[*]C(C[*])OC(=O)c1cc(ccc1)[Si](C)(C)C,80.0,,
10730,[*]OC1C(COC)OC([*])C(OC)C1OC,,,5.6468
7933,[*]OC(=O)NCCSCCCCCSCCNC(=O)OCCC[*],,106.0,
4365,[*]Oc1ccc(cc1)CC(NC(=O)CCc1ccc(cc1)OC(=O)CCCCC(=O)[*])C(=O)OCC,58.8,,
9394,[*]CCOCCOC(=O)C(=O)O[*],,,5.9165
4302,[*]OC(CC(=O)[*])CCc1ccccc1,14.5,61.5,
2721,[*]C(C[*])(C(=O)OCC#CO[Si](C)(C)C)C,57.0,,
8106,[*]OC(=O)c1ccc(cc1)C(=O)OCc1ccc(cc1)C[*],,266.75,
4812,[*]S(=O)(=O)c1ccc(cc1)NC(=O)c1ccc(cc1)NC(=O)c1ccc(cc1)[Si](c1ccc(cc1)C(=O)Nc1ccc(cc1)C(=O)Nc1ccc(cc1)[*])(C)C,315.0,,
10567,[*]c1cccc(-c2nc3cc(-c4ccc5oc([*])nc5c4)ccc3o2)c1,,,3.5152
971,[*]Oc1ccc(cc1)c1ccc(cc1)OCCCCCCOC(=O)Nc1c(ccc(c1)NC(=O)OCCCCCC[*])C,85.68,,
6748,[*]O[Si]([*])(CCCOc1ccc(cc1)C(=O)OC1CC2=CCC3C(CCC4(C(CCC34)C(CCCC(C)C)C)C)C2(CC1)C)C,72.08,110.1,
11516,[*]c1cc(-c2nc3ccccc3o2)cc(-n2c(=O)c3cc4c(=O)n([*])c(=O)c4cc3c2=O)c1,,,2.4745
8381,[*]Oc1c(cc(cc1)OC(=O)Oc1ccc(cc1)OC(=O)[*])Cl,,317.0,
2858,[*]c1ccc2c3n(c4ccc(cc4n3)c3cc4n5c(nc4cc3)c3cccc4c(ccc(c5=O)c34)Oc3ccc(cc3)S(=O)(=O)c3ccc(cc3)O[*])c(=O)c3cccc1c23,415.0,,
943,[*]N1C(=O)c2c(C1=O)cc(cc2)Oc1c2c(ccc1)c(ccc2)Oc1cc2c(C(=O)N(C2=O)c2cc(cc(c2)C(F)(F)F)[*])cc1,250.0,,
5665,[*]c1cc2c(C(=O)N(C2=O)c2ccc(cc2)Oc2c(cc(cc2C)C(c2cc(c(c(c2)C)Oc2ccc(cc2)N2C(=O)c3c(C2=O)cc(cc3)C([*])(C(F)(F)F)C(F)(F)F)C)c2c3c(ccc2)cccc3)C)cc1,282.0,,
1423,[*]Nc1ccc(cc1)Cc1ccc(cc1)NC(=O)c1ccc(cc1)C(=O)[*],294.5,500.0,
6841,[*]c1ccc(cc1)c1ccc(cc1)C(=Cc1c(cc(c(c1)OC)C=C([*])c1ccccc1)OC)c1ccccc1,223.0,,
1049,[*]SSSSCCCCCCCCCC[*],-76.0,,
5492,[*]N1C(=O)c2c(C1=O)cc(cc2)Oc1cc(ccc1)C(=O)Nc1ccc(cc1)Oc1ccc(cc1)Oc1ccc(cc1)[*],213.0,,
12338,[*]Nc1ccc(NC(=O)c2ccc(NC(=O)c3ccc([Si](C)(C)c4ccc(C(=O)Nc5ccc(C([*])=O)cc5)cc4)cc3)cc2)cc1,,,3.1752
9579,[*]CCCOC(=O)CCCC(=O)O[*],,,6.7627
3535,[*]Oc1ccc(cc1)S(=O)(=O)c1ccc(cc1)Oc1ccc(cc1)C=C1C(=O)C(=Cc2ccc(cc2)[*])CCCC1,186.0,,
11058,[*]CCCCCCCCCCCCCCCCOC(=O)CCCCCCCCC(=O)O[*],,,6.641
8506,[*]Oc1ccc(cc1)C(=O)OCCOC(=O)CCCCCCCCCC[*],,65.0,
4816,[*]N(c1ccc(cc1)/C=C(/C(=O)Nc1cc(ccc1)NC(=O)/C(=C/c1ccc(cc1)N(Cc1c(cccc1)C[*])CC)/C#N)\C#N)CC,188.0,,
12030,[*]CC(C=C1)=CC=C1C(C=C2)=CC=C2C(C=C3)=CC=C3[*],,,3.7798
7413,[*]NC(=O)CCCCCCC(=O)NCC1CCC(CC1)C[*],,261.0,
3830,[*]Oc1ccc(cc1)C(=O)Nc1cc(cc(c1)c1nc2c([nH]1)cccc2)NC(=O)c1ccc(cc1)OCCOCCOCCOCC[*],163.0,,
8327,[*]OP(=O)(OCCCCOc1ccc(cc1)C=Cc1ccc(cc1)OCCCC[*])Oc1ccc(cc1)c1ccccc1,,266.0,
9157,[*]CC([*])C(=O)c1ccc(CC)cc1,,,4.27
9944,[*]NC(C)C(=O)NC(C)C(=O)NCC([*])=O,,,5.7884
1418,[*]NC(=O)c1ccc(cc1)C(=O)NCc1c(cc(c(c1)C)C[*])C,225.0,400.0,
10800,[*]Oc1cc(Oc2ccc(C(C)(C)c3ccc([*])cc3)cc2)cc(C(=O)Oc2ccc(N=Nc3ccc(C#N)cc3)cc2)c1,,,3.1481
839,[*]c1nc2c(nc1c1ccccc1)cc(cc2)Oc1cc2c(nc(c(n2)c2ccc(cc2)[*])c2ccccc2)cc1,326.0,,
10956,[*]c1cc2c(s1)-c1sc([*])cc1C2CCCCCCN,,,2.6725
1352,[*]NC(=O)CCCCCCCCC(=O)NCCc1ccc(cc1)CC[*],105.0,292.5,
11599,[*]c1ccc(N(c2ccc(C#N)cc2)c2ccc(N3C(=O)c4ccc(-c5ccc6c(c5)C(=O)N([*])C6=O)cc4C3=O)cc2)cc1,,,2.0474
1050,[*]SCCC(=O)NCCCCCCNC(=O)CC[*],20.5,215.5,
3743,[*]Oc1ccc(cc1)N1ON1c1ccc(cc1)OCCCCCCOC(=O)C(C(=O)OCCCCCC[*])CCCCCP(=O)(OCC)OCC,12.0,,
1883,[*]Oc1ccc(cc1)C(c1ccc(cc1)OC(=S)[*])C(CC)CC,148.0,,
4782,[*]c1nc2c(nc1c1ccc(cc1)C(=O)NCCCCCCCCCCNC(=O)c1ccc(cc1)[*])cccc2,166.0,,
8907,[*]c1nc(sc1)c1cc(ccc1)c1nc(cs1)c1ccc(cc1)Oc1ccc(cc1)[*],,340.0,
9933,[*]C(=O)C1CC(OC(C)=O)CN1[*],,,4.1614
2904,[*]C1(c2c(C(=O)O1)cccc2)c1ccc(cc1)Oc1c(c(c(c(c1F)F)C(=O)c1c(c(c(c(c1F)F)Oc1ccc(cc1)[*])F)F)F)F,215.0,,
4851,[*]Nc1ccc(cc1)C(c1ccc(cc1)NC(=O)c1ccc(cc1)C(c1ccc(cc1)C(=O)[*])(C(F)(F)F)C(F)(F)F)(P1(=O)c2ccccc2c2ccccc2O1)P1(=O)c2ccccc2c2ccccc2O1,235.0,,
10186,[*]C(=O)c1ccc2c(c1)C(=O)N(c1ccc(OCCOCCOCCOc3ccc(N4C(=O)c5ccc([*])cc5C4=O)cc3)cc1)C2=O,,,2.5902
11510,[*]c1ccc(Cc2ccc(N3C(=O)C(=O)N([*])C3=O)cc2)cc1,,,3.5238
687,[*]Oc1ccc(cc1)Oc1ccc(cc1)Oc1ccc(cc1)C(=O)c1ccc(cc1)[*],150.5,316.0,
9490,[*]c1ccc(Oc2ccc(-c3nc4cc(-c5ccc6nc([*])c(-c7ccccc7)nc6c5)ccc4nc3-c3ccccc3)cc2)cc1,,,2.9993
3444,[*]Oc1ccc(cc1)c1ccc(cc1)OCCCCCCCCOC(=O)Nc1c(cc(cc1)NC(=O)OCCCCCCCC[*])C,81.0,171.0,
746,[*]Oc1cc2c(C(CC2(C)C)(c2ccc(cc2)OCC(C[*])O)C)cc1,120.0,,
5463,[*]N1C(=O)c2c(C1=O)cc(cc2)C(=O)Oc1ccc(cc1)OC(=O)c1cc2c(C(=O)N(C2=O)CCCOCCCCOCCC[*])cc1,56.0,184.0,
3870,[*]c1nc2c(nc1c1ccccc1)cc(cc2)Oc1cc2c(nc(c(n2)c2ccccc2)c2ccc(cc2)OCCN(CCOc2ccc(cc2)[*])c2ccc(cc2)N=Nc2c(cc(cc2)[N+](=O)[O-])C)cc1,188.0,,
317,[*]C1C(CC(C1)C[*])OC(=O)CCCCCCCCCCOc1ccc(cc1)c1ccc(cc1)C#N,30.5,,
8909,[*]c1nc(sc1)c1nc(cs1)c1ccc(cc1)Cc1ccc(cc1)[*],,520.0,
606,[*]Oc1c(cc(cc1C)[*])C(CCC)C,100.0,,
3538,[*]Oc1ccc(cc1)S(=O)(=O)c1ccc(cc1)Oc1ccc(cc1)C1(CCCC1)c1ccc(cc1)Oc1ccc(cc1)S(=O)(=O)c1ccc(cc1)Oc1ccc(cc1)C=C1C(=O)C(=Cc2ccc(cc2)[*])CC1,240.0,,
3209,[*]c1[nH]c(nc1c1ccc(cc1)Oc1ccc(cc1)P(=O)(c1ccc(cc1)Oc1ccc(cc1)[*])c1ccccc1)c1ccccc1,318.0,,
10778,[*]Oc1ccc(Oc2ccc(C=NCCCCN=Cc3ccc([*])cc3)cc2)cc1,,,4.1246
4338,[*]Oc1ccc(cc1)C(c1ccc(cc1)OC(=O)c1cc2c(C(CC2(c2ccc(cc2)C(=O)[*])C)(C)C)cc1)(C)C,265.0,,
4417,[*]Oc1ccc(cc1)CC(NC(=O)CCc1ccc(cc1)OC(=O)CCCCCCC(=O)[*])C(=O)OC,55.5,,
11449,[*]C(=O)c1ccc2c(c1)C(=O)N(c1ccc(-c3nc(-c4ccccc4)nc(-c4ccc(N5C(=O)c6ccc([*])cc6C5=O)cc4)n3)cc1)C2=O,,,2.8991
2720,[*]C(C[*])(C(=O)OCCCCCCN1CCN(CC1)c1ccc(cc1)N=Nc1ccc(cc1)C=C(C#N)C#N)C,83.0,,
7308,[*]NC(=O)C(=O)NCC1CCC(CC1)CNC(=O)CCCCCCCCC(=O)NCC1CCC(CC1)C[*],,304.5,
1542,[*]OC(=O)NCCCCCCNC(=O)OCCCCCCCCCCCCCCCC[*],39.0,134.0,
8292,[*]OCCCCCNC(=O)CCCCCCCCOCCCCCCCCC(=O)NCCCCC[*],,128.0,
3253,[*]Oc1ccc(cc1)N=C(c1ccc(cc1)Oc1ccc(cc1)C(c1ccc(cc1)Oc1ccc(cc1)C(=Nc1ccc(cc1)[*])C)(c1ccccc1)c1ccccc1)C,150.0,,
6339,[*]N1C(=O)c2c(C1=O)cc(cc2)Oc1cc(ccc1)Oc1cc2c(C(=O)N(C2=O)c2ccc(cc2)Oc2ccc(cc2)C(=O)c2ccc(cc2)Oc2ccc(cc2)[*])cc1,201.0,,
4677,[*]NC(=O)CC(CCCCCC(=O)NCc1c(c(c(c(c1C)C)C[*])C)C)C,211.0,,
575,[*]C(=CCC[*])C(C)(C)C,20.0,106.0,
1113,[*]Oc1cc(ccc1)OC(=O)c1cc(ccc1)C(=O)[*],141.6,227.925,
2843,[*]OP(=O)(Oc1ccc(cc1)C(c1ccc(cc1)[*])(C)C)Oc1c(c(c(c(c1Cl)Cl)Cl)Cl)Cl,130.0,,
11054,[*]OC(C)COC(=O)C1CCC(C([*])=O)CC1,,,6.3027
10029,[*]Nc1c(C)c(C)c(C(=O)c2ccc(NC(=O)c3ccc(C([*])=O)cc3)cc2)c(C)c1C,,,3.4801
3982,[*]Oc1c(cc(cc1OC)C=C1C(=O)C(=Cc2cc(c(c(c2)OC)OCCCCCC[*])OC)CCC1)OC,71.0,,
10225,[*]OC(=O)CCS(=O)(=O)CCC([*])=O,,,6.2922
5505,[*]c1cc2c(C(=O)N(C2=O)c2ccc(cc2)Oc2ccc(cc2)N2C(=O)c3c(C2=O)cc(cc3)C(=O)NCCN(CCNC(=O)[*])c2ccc(cc2)C=Cc2ccc(cc2)[N+](=O)[O-])cc1,224.0,,
11007,[*]c1cc(-c2cc(C)c(Br)cc2C)c([*])s1,,,1.5132
5324,[*]c1cc2c(C(=O)N(C2=O)c2cc(cc(c2)Cl)N2C(=O)c3c(C2=O)cc(c(c3)Cl)C(=O)[*])cc1Cl,311.0,,
12327,[*]c8ccc(C7(c4ccc(n3c(=O)c2cc1c(=O)n([*])c(=O)c1cc2c3=O)cc4)c5ccccc5c6ccccc67)cc8,,,2.1924
5785,[*]N1C(=O)C2C3C4C(C(C2C1=O)C=C3)C(=O)N(C4=O)c1ccc(cc1)Oc1ccc(cc1)[*],384.0,,
12027,[*]CC(C=C1)=CC=C1C(S2)=CC=C2C(C=C3)=CC=C3[*],,,3.4745
7299,[*]N1CCN(CC1)CCS(=O)(=O)CC[*],,200.0,
12229,[*]CCOCCOC(=O)NC(=CC=C1(C))C=C1NC(=O)O[*],,,5.0931
6172,[*]N1C(=O)C(CC1=O)Nc1ccc(cc1)NC1C(=O)N(C(=O)C1)c1ccc(cc1)C(=O)Oc1c(cc(cc1C)C(c1cc(c(c(c1)C)OC(=O)c1ccc(cc1)[*])C)c1cnccc1)C,212.0,,
2378,[*]C(C(C(C[*])OCC(C)C)(C(=O)OC)C)(C(=O)OC)C,125.5,,
9225,[*]CC([*])(C)C(=O)OCCC#N,,,6.1882
11240,[*]C(=O)c1ccc(C(=O)N(C)N([*])C)cc1,,,4.0457
7239,[*]N1C(=O)c2c(C1=O)cc(cc2)C(=O)Oc1ccc(cc1)c1ccc(cc1)OC(=O)c1cc2c(C(=O)N(C2=O)CCCCCCCCC[*])cc1,,246.0,
4596,[*]OC(=O)CCCC(=O)NCCCCCC[*],-18.0,125.0,
2819,[*]C1OC(C(C(C1OCC)OCC)O[*])COCC,119.5,,
9222,[*]CC([*])C(=O)Oc1ccc(C#N)cc1,,,4.6366
6225,[*]N1C(=O)c2c(C1=O)cc(cc2)Sc1ccc(cc1)Sc1ccc(cc1)Sc1cc2c(C(=O)N(C2=O)c2ccc(cc2)Sc2ccc(cc2)Sc2ccc(cc2)[*])cc1,190.75,,
11369,[*]CCCCCCN(C)C(=O)CCC(=O)N([*])C,,,5.3815
857,[*]Oc1ccc(cc1)C(=O)c1ccc(cc1)C(=O)c1ccc(cc1)[*],157.0,370.1666667,
5602,[*]c1cc2c(C(=O)N(C2=O)C2C(CC(CC2)CC2CC(C(CC2)N2C(=O)c3c(C2=O)cc(cc3)C([*])(C(F)(F)F)C(F)(F)F)C)C)cc1,225.0,,
12151,[*]C(=O)C(C=C1)=CC=C1C(C=C2)=CC=C2C(C=C3)=CC=C3[*],,,3.3319
5168,[*]C1C(=O)N(C(=O)C1C(C[*])(C)C)c1c(cccc1C)C,237.0,,
5915,[*]C1C(=O)N(C(=O)C1CC[*])CCCCCC,41.5,,
4333,[*]Oc1ccc(cc1)c1ccc(cc1)OC(=O)c1c(cc(c(c1)OCCCCCC)C(=O)[*])OCCCCCC,113.0,,
4828,[*]NC(=O)CCCCCCCCCCCCCCC(=O)NCCCCCCCCCC[*],45.0,178.0,
9163,[*]CC([*])OC(=O)C(F)(F)C(F)(F)C(F)(F)C(F)(F)F,,,6.4713
9229,[*]CC([*])C(=O)Oc1ccc(Cl)cc1,,,2.4559
7942,[*]OC(=O)NCCSCCCCSCCNC(=O)OCCCCCC[*],,116.6666667,
4374,[*]Oc1ccc(cc1)C(c1ccc(cc1)OC(=O)c1ccc(cc1)[Si](c1ccc(cc1)C(=O)[*])(c1ccccc1)c1ccccc1)(C)C,295.0,,
12135,[*]CONC(=O)[*],,,6.1048
3552,[*]Oc1ccc(cc1)NC(=O)c1c(ccc(c1)C(c1cc(c(cc1)C(=O)O)C(=O)Nc1ccc(cc1)Oc1ccc(cc1)C(c1ccc(cc1)[*])(C(F)(F)F)C(F)(F)F)(C(F)(F)F)C(F)(F)F)C(=O)O,260.0,,
11434,[*]CCCC1CCN(C(=O)Nc2ccc(Cc3ccc(NC(=O)N4CCC([*])CC4)cc3)cc2)CC1,,,4.6275
3225,[*]OCC(C[*])(COCC(C(C(F)(F)F)(F)F)(F)F)C,-45.0,,
7797,[*]OC(=O)CCCCCCCC(=O)OCCCC[*],,43.8,
9642,[*]Oc1ccc(-c2ccc(OC(=O)CCCCCCCCCCCC([*])=O)cc2)cc1,,,4.4464
5402,[*]N1C(=O)c2c(C1=O)cc(cc2)Oc1ccc(cc1)Oc1cc2c(C(=O)N(C2=O)c2ccc(cc2)C(=O)c2ccc(cc2)[*])cc1,268.0,,
11723,[*]c1cccc(-c2nc3cc4nc([*])[nH]c4cc3[nH]2)c1,,,3.5319
6009,[*]c1cc2c(C(=O)N(C2=O)c2ccc(cc2)NC(=O)Nc2ccc(cc2)N2C(=O)c3c(C2=O)cc(cc3)C(=O)Nc2ccc(cc2)Oc2ccc(cc2)NC(=O)[*])cc1,205.0,,
4234,[*]Oc1ccc(cc1)C(c1ccc(cc1)OC(=O)c1ccc(cc1)C(=O)[*])(CC)c1ccccc1,243.0,,
9587,[*]CCCOC(=O)CCCCCCCC(=O)O[*],,,6.6032
708,[*]OCC(C[*])(CCl)CC,20.0,,
11136,[*]OC(C)C(=O)NC(C)C([*])=O,,,5.6199
1670,[*]c1cc2c(C(=O)N(C2=O)c2ccc(cc2)Oc2ccc(cc2)N2C(=O)c3c(C2=O)cc(cc3)C([*])(C(F)(F)F)C(F)(F)F)cc1,304.1,,
1648,[*]N1C(=O)c2c(C1=O)cc(cc2)c1cc2c(C(=O)N(C2=O)c2cc(ccc2)[*])cc1,327.88,,
7899,[*]OC(=O)NC1C(C1)NC(=O)OCCCC[*],,180.0,
3266,[*]Oc1ccc(cc1)Oc1ccc(cc1)OCCCCCCOC(=O)OCCCCCCCCCOC(=O)OCCCCCC[*],-20.0,,
12059,[*]CCC(=O)C(C=C1)=CC=C1[*],,,4.5077
6879,[*]C(C[*])(C(=O)OCC(F)(F)F)F,117.75,213.85,
6289,[*]c1c2C(=O)N(C(=O)c2c(c2ccccc12)c1ccc(cc1)Oc1c(cc(cc1)c1cc(ccc1)c1cc(c(cc1)Oc1ccc(cc1)[*])C(F)(F)F)C(F)(F)F)c1ccccc1,271.0,,
9667,[*]CC1CCC(COC(=O)CCCCCCCC(=O)O[*])CC1,,,6.8523
12323,[*]Oc7ccc(C6(c3ccc(OC(=O)c2ccc(S(=O)(=O)c1ccc(C([*])=O)cc1)cc2)cc3)c4ccccc4c5ccccc56)cc7,,,3.1108
10234,[*]CC1(C)CC([*])(C)C(=O)OC1=O,,,6.0049
6544,[*]c1nc2c(c(c1)c1ccccc1)cc(cc2)C1(c2ccccc2c2ccccc12)c1cc2c(nc(cc2c2ccccc2)c2ccc(cc2)c2ccc(cc2)[*])cc1,380.0,,
11368,[*]NC(C)(CC)C([*])=O,,,5.7479
2547,[*]C(C[*])(C(=O)OCCOc1ccc(cc1)C(=O)Oc1ccc(cc1)OCCCC)Cl,153.0,,
12222,[*]NC(=S)NO[*],,,3.4611
420,[*]C(C[*])C(=O)OCCSCCCC#N,-58.0,,
4335,[*]Oc1ccc(cc1)C(=O)Nc1ccc(cc1)C(c1ccc(cc1)NC(=O)c1ccc(cc1)OC(=O)c1cc(ccc1)C(=O)[*])(C(F)(F)F)C(F)(F)F,227.0,,
7781,[*]OC(=O)CCCCCCC(=O)OCC(C[*])(C)C,,17.0,
2111,[*]C(C([*])(C([2H])([2H])[2H])[2H])([2H])[2H],-2.67,,
3919,[*]C1=CC(=C(C#N)C#N)C=C(O1)C=Cc1ccc(cc1)N=Nc1ccc(cc1)N(CCOC(=O)Nc1c(ccc(c1)NC(=O)OCCN(c1ccc(cc1)N=Nc1ccc(cc1)C=C[*])C)C)C,196.0,,
1007,[*]Oc1ccc(cc1)NC(=O)c1ccc(cc1)Oc1ccc(cc1)C(c1cc(ccc1)C(c1ccc(cc1)Oc1ccc(cc1)C(=O)Nc1ccc(cc1)Oc1ccc(cc1)C(c1ccc(cc1)[*])(C)C)(C)C)(C)C,147.0,,
188,[*]C(C[*])C(=O)C,83.33,144.5,
12211,[*]NC(=O)NC(=S)[*],,,3.4559
5590,[*]c1cc2c(C(=O)N(C2=O)c2ccc(cc2)OCCN(CCOc2ccc(cc2)N2C(=O)c3c(C2=O)cc(cc3)C([*])(C(F)(F)F)C(F)(F)F)c2ccc(cc2)C(=C(C#N)C#N)C#N)cc1,218.0,,
10122,[*]CCCCCCCCNC(=O)NCCCCCCNC(=O)N[*],,,5.7995
7837,[*]OC(=O)CCCCCNC(=O)c1ccc(cc1)C(=O)NCCCCCC(=O)OCCCCCCCCCCCC[*],,163.0,
11128,[*]Oc1ccc(CC(NC(=O)CCc2ccc(OC(=O)CCCCCCC([*])=O)cc2)C(=O)OC)cc1,,,5.1162
11528,[*]c1ccc(Cc2ccc(N3C(=O)c4ccc(S(=O)(=O)c5ccc6c(c5)C(=O)N([*])C6=O)cc4C3=O)cc2)cc1,,,2.775
9184,[*]CC([*])C(=O)OCC=C,,,6.066
5708,[*]N1C(=S)N(C(=O)CC1=O)c1ccc(cc1)Oc1ccc(cc1)C(c1ccc(cc1)Oc1ccc(cc1)[*])(C)C,132.0,,
9856,[*]CCCCCCCCCCNC(=O)CCCCCCCC(=O)N[*],,,5.9559
667,[*]OC(=O)CC(=O)OCCOCC[*],-41.5,-14.5,
5742,[*]N1C(=O)c2c(C1=O)cc(cc2)Oc1ccc(cc1)C1(CCC(CC1)C(C)(C)C)c1ccc(cc1)Oc1cc2c(C(=O)N(C2=O)Oc2c(cc(cc2C)C(c2cc(c(c(c2)C)O[*])C)(C)C)C)cc1,248.0,,
11853,[*]Cc1cccc(CN([*])c2ccccc2)c1O,,,4.1958
1392,[*]NC(=O)CCCCCCCCC(=O)NCc1ccc(cc1)C[*],115.0,290.5,
4482,[*]Oc1ccc(cc1)CC(NC(=O)Cc1ccc(cc1)OC(=O)CCCCCCCCC(=O)[*])C(=O)OCCCCCCCC,16.0,,
10448,[*]CC([*])C(=O)N(O)c1ccc(C)cc1,,,4.2873
5900,[*]c1cc2c(C(=O)N(C2=O)c2ccc(cc2)Oc2ccc(cc2)Oc2ccc(cc2)N2C(=O)c3c(C2=O)cc(cc3)C(=O)Nc2ccc(cc2)Oc2c(cccc2)c2c(cccc2)Oc2ccc(cc2)NC(=O)[*])cc1,238.0,363.0,
11731,[*]c1nc(C)nc(N([*])C)n1,,,4.4288
11132,[*]CCCCCCCCCCCCOC(=O)c1ccc2cc(C(=O)O[*])ccc2c1,,,3.6798
10704,[*]Oc1ccc(NC(=O)c2cc(C(=O)Nc3ccc(Oc4ccc(C5(c6ccc([*])cc6)CC6CCC5C6)cc4)cc3)cc(C(C)(C)C)c2)cc1,,,3.5452
100,[*]C(C[*])c1ccc(cc1)C(CCN1CCCCC1)O,54.0,,
7200,[*]N(CC[*])C(=O)CCCCCCCCCCCCC,,146.0,
2620,[*]C(C[*])(C(=O)OCC(=O)N1CCCC1)C,144.0,,
12382,[*]CC([*])C(F)(F)C(F)(F)C(F)(F)F,,,8.6189
655,[*]c1cc2c(nc(cc2c2ccccc2)Oc2nc3c(c(c2)c2ccccc2)cc(cc3)c2ccc(cc2)c2ccc(cc2)[*])cc1,308.0,480.0,
8407,[*]Oc1c2c(ccc1)c(ccc2)OC(=O)Oc1c(cc(cc1)OC(=O)[*])Cl,,131.0,
1273,[*]Oc1cc(ccc1)OC(=O)c1ccc(cc1)C(c1ccc(cc1)C(=O)[*])(C)C,158.0,267.0,
3744,[*]Oc1ccc(cc1)N1ON1c1ccc(cc1)OCCCCCCOC(=O)C(C(=O)OCCCCCC[*])CCCCCP(=O)(O)O,12.0,,
9852,[*]C(=O)CCCCC(=O)N1CCN([*])CC1,,,5.6091
8147,[*]OC(C(=O)[*])C(C)C,,200.0,
11050,[*]CCCCCCCCCCOC(=O)Cc1ccc(CC(=O)O[*])cc1,,,5.3355
6996,[*]C(C[*])(C(=O)OCCOC(=O)c1cc(cc(c1)OC(=O)c1ccc(cc1)N=Nc1ccc(cc1)OCCCCCCCCC)OC(=O)c1ccc(cc1)N=Nc1ccc(cc1)OCCCCCCCCC)C,,120.1,
9813,[*]CCCCCCCCCCCCC(=O)N[*],,,6.0892
1565,[*]OC(=O)Nc1ccc(cc1)Cc1ccc(cc1)NC(=O)OCC[*],107.23,243.6666667,
8137,[*]OC(=O)c1ccc(cc1)c1ccc(cc1)C(=O)OCCCC(=O)Nc1ccc(cc1)NC(=O)CCC[*],,152.0,
388,[*]C(C[*])(C(=O)OCCO)C,83.78,106.68,
10861,[*]c1cc(-c2ccc(CCCCCCCC)cc2)c([*])s1,,,2.6682
1970,[*]c1nc(nc(n1)N(CCCCN([*])c1ccccc1)c1ccccc1)C,89.5,,
7976,[*]OC(=O)Nc1ccc(cc1)NC(=O)OCC(C[*])CCCCCCOc1ccc(cc1)c1ccc(cc1)C#N,,97.5,
2278,[*]C1C(C(C(C1)C=C[*])(F)F)(C(F)(F)F)C(F)(F)F,172.5,,
5436,[*]c1cc2c(C(=O)N(C2=O)c2ccc(cc2)c2sc(c(c2c2ccccc2)c2ccccc2)c2ccc(cc2)N2C(=O)c3c(C2=O)cc(cc3)C(=O)Nc2cc(ccc2)C(=O)c2cc(ccc2)NC(=O)[*])cc1,308.0,,
183,[*]C(C[*])c1ccc(cc1)CCC,46.75,,
9710,[*]OC(CC)(CC)C([*])=O,,,6.0873
4307,[*]OC(=O)c1ccc(cc1)c1ccc(cc1)c1ccc(cc1)C(=O)OCC[*],180.0,,
3022,[*]c1oc(nn1)c1cncc(c1)c1oc(nn1)c1ccc(cc1)[Si](c1ccc(cc1)[*])(c1ccccc1)c1ccccc1,272.0,384.0,
2295,[*]C(=C([*])C)SCCCCCC,110.0,,
6246,[*]c1cc2c(C(=O)N(C2=O)c2ccc(cc2)Oc2cc(ccc2)c2nc(cc(c2)c2ccccc2)c2cc(ccc2)Oc2ccc(cc2)N2C(=O)c3c(C2=O)cc(cc3)C([*])(C(F)(F)F)C(F)(F)F)cc1,180.0,,
229,[*]C(C([*])(F)F)(OC(F)(F)F)F,-5.0,,
10927,[*]c1cc(CCCCBr)c([*])s1,,,2.5458
10161,[*]c1ccc(Oc2ccc(C(C)(C)c3ccc(Oc4ccc(-n5c(=O)c6cc7c(=O)n([*])c(=O)c7cc6c5=O)cc4)cc3)cc2)cc1,,,2.1293
12312,C(=O)([*])C1=CC=C(C=C1)S(=O)(=O)C1=CC=C(C=C1)C(=O)OC1=CC=C(C=C1)C(C1=CC=CC=C1)(C1=CC=CC=C1)C1=CC=C(C=C1)O([*]),,,3.2146
4893,[*]c1ccc2c(nc([nH]2)c2ccc(cc2)c2nc3c([nH]2)ccc(c3)C(=O)Nc2ccc(cc2)NC(=O)c2ccc(cc2)NC(=O)[*])c1,300.0,,
10466,[*]CC([*])(C)C(=O)OCCOC(=O)CCn1ccnc1,,,4.5949
4462,[*]Oc1ccc(cc1)CC(NC(=O)CCc1ccc(cc1)OC(=O)CCCCC(=O)[*])C(=O)OC(CC)C,50.0,,
10680,[*]CCOCCOc1ccc(NC=Nc2ccc(O[*])cc2)cc1,,,3.9725
3708,[*]C1(c2c(C(=O)O1)cccc2)c1c(cc(c(c1)C)Oc1ccc(cc1)S(=O)(=O)c1ccc(cc1)Oc1c(cc(c(c1)C)[*])C)C,269.0,,
68,[*]C(C[*])c1c(cccc1)C(=O)OCCN(C)C,69.0,,
4029,[*]Oc1c(ccc(c1)Oc1ccc(cc1)NC(=O)c1cc(cc(c1)NC(=O)C12CC3CC(CC(C1)C3)C2)C(=O)Nc1ccc(cc1)[*])C12CC3CC(CC(C1)C3)C2,345.0,,
9644,[*]CC1CCC(COC(=O)CCC(=O)O[*])CC1,,,6.5939
4360,[*]Oc1c(cc(c(c1)C(c1ccccc1)(C)C)OC(=O)c1ccc(cc1)C(=O)[*])C(c1ccccc1)(C)C,170.0,414.0,
8924,[*]c1ncc(nc1)C(=O)NNC(=O)[*],,350.0,
9904,[*]NC(C)C(C)C([*])=O,,,6.1482
2804,[*]Oc1ccc(cc1)C(c1ccc(cc1)OC(=O)c1ccc(cc1)Oc1ccc(cc1)C(=O)[*])(C)C,192.67,,
496,[*]C(C[*])(C(=O)OCC(C)(C)C)C,32.67,,
9392,[*]Oc1ccc(S(=O)(=O)c2ccc([*])cc2)cc1,,,4.3172
4773,[*]Nc1cc(cc(c1)C(=O)OC1C(CCC(C1)C)C(C)C)NC(=O)c1cc(cc(c1)OCCN(c1ccc(cc1)[N+](=O)[O-])C)C(=O)[*],193.0,,
7337,[*]NC(=O)C(=O)NCCNC(=O)CCCCCCCC(=O)NCC[*],,343.0,
7075,[*]C(C[*])c1c(cc(cc1)F)C,,360.0,
6721,[*]O[Si](O[Si](O[Si](c1ccc(cc1)[Si]([*])(C)C)(C)C)(C)C=C)(C)C=C,-86.0,,
6236,[*]N1C(=O)c2c(C1=O)cc(cc2)S(=O)(=O)c1cc2c(C(=O)N(C2=O)c2cc(c(cc2)Oc2c(cc(cc2)[*])Br)Br)cc1,281.0,,
3456,[*]Oc1cc(ccc1)NC(=O)c1ccc(cc1)C(=O)Nc1cc(ccc1)OCCCCC[*],135.0,275.0,
9704,[*]CCCCCC(=O)NCCCCCCNC(=O)CCCCCOC(=O)CCCCC(=O)O[*],,,5.9182
416,[*]C(C[*])C(=O)OCCCCSC,-70.0,,
2052,[*]N=P([*])(Oc1ccc(cc1)F)Oc1ccc(cc1)F,-10.0,,
4382,[*]c1ncc(cc1)C(=O)Oc1ccc(cc1)C(=O)Oc1cc(ccc1)OC(=O)c1ccc(cc1)OC(=O)[*],110.0,245.0,
1399,[*]NC(=O)c1ccc(cc1)C(=O)NCC(CCC[*])(C)C,157.0,,
740,[*]Oc1ccc(cc1)C(c1ccc(cc1)OCC(C[*])OC(=O)c1ccccc1)(c1ccccc1)C,126.0,,
434,[*]C(C[*])C(=O)Oc1c(cccc1)C(=O)OCC,30.0,,
3757,[*]OP(=O)(N=Nc1ccc(cc1)COC(=O)c1cc(cc(c1)C(C)(C)C)C(=O)OCc1ccc(cc1)N=NP(=O)(OCC[*])OC)OC,105.0,,
2122,[*]C(CCCCC[*])CCCCCCCC,-72.0,,
7104,[*]C1C(=O)N(C(=O)C1[*])c1ccccc1,,400.0,
8858,[*]c1ccc(cc1)/C=C/c1c(cc(c(c1)OCCCCCCCCC)/C=C/[*])OCCCCCCCCC,,122.0,
2707,[*]C(C[*])(C(=O)OCCN(CC)c1ccccc1)C,36.5,,
695,[*]c1nc2cc3c(cc2nc1)nc(cn3)c1ccc(cc1)Oc1ccc(cc1)[*],353.0,,
3663,[*]O[Si](O[Si](O[Si](O[Si](O[Si](OC1=C(c2c3c(ccc2)cccc13)[*])(C)C)(C)C)(C)C)(C)C)(C)C,-54.0,,
5634,[*]N1C(=O)C2C(C1=O)C(Cc1ccccc21)C1C(=O)N(C(=O)C1)c1cc(cc(c1)C(=O)OCC)[*],249.43,,
11834,[*]Nc1ccc(-c2ccc([*])cc2)c(C)c1,,,3.3791
8104,[*]OC(=O)c1ccc(cc1)C(=O)OCCOCCOCC[*],,61.25,
8045,[*]OC(=O)c1ccc(cc1)C(=O)NCCCCCCNC(=O)c1ccc(cc1)C(=O)OCCCCCCCCCCCCCC[*],,222.0,
11605,[*]c1ccc(Oc2ccc(N3C(=O)c4ccc(C(=O)c5ccc6c(c5)C(=O)N(c5ncc([*])s5)C6=O)cc4C3=O)cc2)cc1,,,1.9774
5221,[*]N1C(=O)c2c(C1=O)cc(cc2)Oc1ccc(cc1)Sc1ccc(cc1)Oc1cc2c(C(=O)N(C2=O)c2ccc(cc2)Oc2ccc(cc2)Oc2ccc(cc2)[*])cc1,201.0,280.0,
11921,[*]c1ccc([*])c(C(=O)c2ccc(F)cc2)c1,,,4.2742
7886,[*]OC(=O)Cc1ccc(cc1)CC(=O)OCCCCCC[*],,66.0,
7489,[*]NC(=O)CNC(=O)CCCCCCCCCCC[*],,229.5,
1114,[*]Oc1c(cc(cc1)C(c1cc(c(cc1)OC(=O)c1ccc(cc1)C(=O)[*])C)(C)C)C,167.0,,
4361,[*]Oc1cc2c(C(CC32CC(c2ccc(cc32)OC(=O)c2ccc(cc2)C(=O)[*])(C)C)(C)C)cc1,290.0,,
7569,[*]NC(CNC(=O)NC(CCCCNC(=O)[*])C(=O)OC)C,,170.0,
267,[*]C(C[*])OC(=O)c1ccncc1,98.5,,
11540,[*]Nc1nc(Nn2c(=O)c3cc4c(=O)n([*])c(=O)c4cc3c2=O)nc(N(CCC)CCC)n1,,,2.5752
2910,[*]c1oc(nn1)c1ccc(cc1)NC(=O)c1c(cc(cc1)[*])Oc1ccccc1,235.0,,
4511,[*]Oc1c(cc(c(c1)OC(=O)c1ccc(cc1)OCCCCCCCCCCCC)OC(=O)CCCC(=O)[*])OC(=O)c1ccc(cc1)OCCCCCCCCCCCC,23.0,122.0,
7728,[*]OC(=O)CC/C=C/CCC(=O)OCCCCCCCCCCCCCC[*],,63.0,
862,[*]Oc1ccc(cc1)Oc1ccc(cc1)S(=O)(=O)c1ccc(cc1)c1ccc(cc1)c1ccc(cc1)S(=O)(=O)c1ccc(cc1)[*],259.0,393.0,
8222,[*]OC1CCC(CC1)OC(=O)NCCSCCCSCCNC(=O)[*],,200.5,
923,[*]N1C(=O)c2c(C1=O)cc(cc2)Oc1c2c(ccc1)c(ccc2)Oc1cc2c(C(=O)N(C2=O)c2cc(ccc2)Oc2ccc(cc2)[*])cc1,235.0,,
9028,[*]c1sc(nn1)c1cc(ccc1)OCCCCCCCCCCCOC(=O)CCCCCCCCC(=O)OCCCCCCCCCCCOc1ccc(cc1)[*],,83.0,
5430,[*]N1C(=O)c2c(C1=O)cc(cc2)S(=O)(=O)c1cc2c(C(=O)N(C2=O)c2ccc(cc2)Oc2ccc(cc2)S(=O)(=O)c2ccc(cc2)Oc2ccc(cc2)[*])cc1,274.0,,
8554,[*]Oc1ccc(cc1)Cc1ccc(cc1)[*],,140.0,
2459,[*]C(C[*])C(=O)OCCCCCn1c2ccccc2c2ccccc12,53.0,,
4073,[*]Oc1c2c(ccc1)c(ccc2)OCCNC(=O)c1cc(ccc1)C(=O)NCC[*],171.0,,
4743,[*]NC(=O)c1c(cc(cc1)C(=O)NCCCCCCCCCCCC[*])Sc1ccccc1,92.0,131.0,
10020,[*]Cc1ccc(CNC(=O)CCCCCCCCCCCCCCCC(=O)N[*])cc1,,,5.288
2859,[*]c1ccc2c3n(c4ccc(cc4n3)Oc3cc4n5c(nc4cc3)c3cccc4c(ccc(c5=O)c34)Oc3ccc(cc3)S(=O)(=O)c3ccc(cc3)O[*])c(=O)c3cccc1c23,374.0,,
8127,[*]OC(=O)c1ccc(cc1)NC(=O)CCCCCCCCCCC(=O)Nc1ccc(cc1)C(=O)OCC[*],,242.0,
1819,[*]N(C(=O)c1ccc(cc1)C(=O)[*])c1ccccc1,179.0,,
12433,[*]C=Cc1ccc([*])[n+](C)c1,,,0.8346
1447,[*]NC(=O)c1ccc(cc1)C(=O)NCCC[*],180.0,305.0,
4723,[*]Nc1cc(cc(c1)C(=O)OC(c1ccccc1)c1ccccc1)NC(=O)c1ccc(cc1)C(=O)[*],217.0,,
11705,[*]CCCCCc1nnc([*])n1N,,,5.7571
7695,[*]OC(=O)C/C=C/CC(=O)OCCCCCC[*],,61.0,
7902,[*]OC(=O)NC1CCC(CC1)CC1CCC(CC1)NC(=O)OCC(C[*])(C)C,,225.0,
8947,[*]c1oc(nn1)CCCCCCCCCCCCCCC[*],,113.5,
8063,[*]OC(=O)c1ccc(cc1)C(=O)NCCCCNC(=O)c1ccc(cc1)C(=O)OCCCCCCCCCCCCCC[*],,248.0,
2626,[*]C(C[*])C(=O)Nc1ccc(cc1)C(=O)C=Cc1cc(ccc1)Br,55.0,,
10077,[*]CCCCCCCCCCCCCCCCOC(=O)NCc1ccc(CNC(=O)O[*])cc1,,,5.353
8046,[*]OC(=O)c1ccc(cc1)C(=O)NCCCCCNC(=O)c1ccc(cc1)C(=O)OCCCCC[*],,198.0,
5929,[*]c1cc2c(C(=O)N(C2=O)c2ccc(cc2)Oc2ccc(cc2)C(=O)c2ccc(cc2)Oc2ccc(cc2)N2C(=O)c3c(C2=O)cc(cc3)C(=O)[*])cc1,252.0,,
3753,[*]O[Si](OC(COc1ccc(cc1)C(c1ccc(cc1)OCC([*])CCl)(C)C)CCl)(C)C,24.0,,
2983,[*]Oc1ccc(cc1)S(=O)(=O)c1ccc(cc1)Oc1c(cc(cc1C(C)C)C(c1cc(c(c(c1)C(C)C)[*])C(C)C)(C)C)C(C)C,175.0,,
9284,[*]CC(COC)O[*],,,5.5702
9404,[*]c1ccc(Oc2ccc(-c3cnc4ccc(-c5ccc6nc([*])cnc6c5)cc4n3)cc2)cc1,,,3.1515
509,[*]C(C[*])C(=O)OCCO,0.1,,
725,[*]Oc1ccc(cc1)c1ccc(cc1)OC([*])(Oc1ccccc1)Oc1ccccc1,112.0,,
557,[*]C(C(CCCCCCCCCC[*])Cl)Cl,-32.0,40.0,
6204,[*]c1cc2c(C(=O)N(C2=O)c2cc(cc(c2)OCCCCCCCC)N2C(=O)c3c(C2=O)cc(cc3)C([*])(C(F)(F)F)C(F)(F)F)cc1,195.0,,
2329,[*]C(C[*])CN,190.0,,
209,[*]C(C[*])OC(C)C,-7.5,159.6666667,
1119,[*]OC(=O)c1c2c(c(cc1)C(=O)OCC[*])cccc2,64.0,170.0,
10392,[*]C=C(C)CC(C#N)CC[*],,,5.6857
10725,[*]CCOCCOC(=O)C=CC(=O)O[*],,,4.6987
7729,[*]OC(=O)CCC(=O)OCC#CC#CC[*],,103.0,
6847,[*]c1c(cc(c(c1)OC)C=Cc1c(cc(c(c1)OC)C=C[*])OCC(CCCC)CC)OC,110.0,,
10997,[*]N=CC(C)=CC=CC=C(C)C=Nc1nc(-c2csc([*])n2)cs1,,,1.6324
6630,[*]N(CC[*])C(=O)c1c(cc(cc1)F)F,108.0,,
12330,[*]C([2H])([2H])C([*])([2H])C([2H])([2H])[2H],,,6.5181
10501,[*]OC(=O)OC1CC2CC([*])CC(C1)O2,,,6.2425
8249,[*]OCCCC(=O)NCCCCCCNC(=O)CCC[*],,187.0,
6689,[*]O[Si]([*])(CCC(C(C(C(F)(F)F)(F)F)(F)F)(F)F)C,-75.0,,
908,[*]C1(OC(OC1([*])F)(C(Cl)(F)F)C(F)(F)F)F,330.0,,
415,[*]C(C[*])C(=O)OCCSCC,-71.0,,
3730,[*]c1sc(nn1)c1cc(ccc1)OCCCCCCCCCCCOC(=O)c1ccc(cc1)C(=O)OCCCCCCCCCCCOc1cc(ccc1)[*],22.0,103.0,
5180,[*]N1C(=O)c2c(C1=O)cc(cc2)C(=O)c1cc2c(C(=O)N(C2=O)CC(=O)Nc2ccc(cc2)Oc2ccc(cc2)Oc2ccc(cc2)NC(=O)C[*])cc1,230.0,,
4237,[*]Oc1ccc(cc1)C1(c2ccccc2c2ccccc12)c1ccc(cc1)OC(=O)CCCC(=O)[*],207.0,,
1793,[*]N1C(=O)c2c(C1=O)cc(cc2)S(=O)(=O)c1cc2c(C(=O)N(C2=O)c2ccc(cc2)Oc2c3c(ccc2)c(ccc3)Oc2ccc(cc2)[*])cc1,306.0,,
601,[*]OCCCC[*],-75.43,40.97645161,
8465,[*]Oc1ccc(cc1)C(=NN=C(c1ccc(cc1)OC(=O)OCCCCCCCCCCOC(=O)[*])C)C,,174.85,
2146,[*]C(C[*])(c1ccc(cc1)C#N)C,238.75,,
11680,[*]Oc1ccc(C(C)(c2ccccc2)c2ccc(OC(=O)OC3C(C)(C)C(OC([*])=O)C3(C)C)cc2)cc1,,,5.136
3256,[*]OC(=O)CCSCCC(=O)OCCOCC[*],-40.0,,
12158,[*]C(=O)C(C=C1)=CC=C1OC(=S)[*],,,3.5119
6625,[*]N(CC[*])C(=O)c1cc(cc(c1)F)F,106.0,,
5017,[*]c1[nH]c(nc1c1ccc(cc1)NC(=O)Nc1ccc(cc1)NC(=O)Nc1ccc(cc1)[*])c1ccc(cc1)c1[nH]c(c(n1)c1ccc(cc1)[N+](=O)[O-])c1ccc(cc1)[N+](=O)[O-],272.0,,
8075,[*]OC(=O)c1ccc(cc1)C(=O)NCCNC(=O)c1ccc(cc1)C(=O)OCCCCCC[*],,274.0,
9216,[*]CC([*])C(=O)OCCCSCC,,,4.5768
8515,[*]Oc1ccc(cc1)C(c1ccc(cc1)OC(=O)[*])(CC(C)C)C,,210.0,
11944,[*]c1cc(N=Nc2ccc(C(=O)O)cc2)cc([*])c1O,,,2.9911
10044,[*]CCCCCOC(=O)NCC(F)(F)C(F)(F)C(F)(F)C(F)(F)CNC(=O)O[*],,,6.5795
5173,[*]N1C(=O)c2c(C1=O)cc(cc2)C(=O)c1cc2c(C(=O)N(C2=O)CCCCCC(=O)Nc2ccc(cc2)Oc2ccc(cc2)NC(=O)CCCCC[*])cc1,195.0,,
3018,[*]c1oc(nn1)c1ccc(cc1)[Si](c1ccc(cc1)[*])(c1ccccc1)c1ccccc1,262.0,420.0,
845,[*]c1nc2c(nc1)cc(cc2)c1cc2c(nc(cn2)c2ccc(cc2)Oc2ccc(cc2)[*])cc1,334.0,,
1300,[*]NC(=O)CC[*],127.0,321.25,
6725,[*][Si](CCC[*])(O[Si](CCCOc1ccc(cc1)c1ccc(cc1)C#N)(C)C)C,-4.6,,
7314,[*]NC(=O)C(=O)NCCCCCCCCNC(=O)CCCCCCCCC(=O)NCCCCCCCC[*],,244.0,
6202,[*]N1C(=O)c2c(C1=O)cc(cc2)Oc1cc2c(C(=O)N(C2=O)c2cc(cc(c2)OCCCCCCCCCCCCCCCC)[*])cc1,159.0,,
1629,[*]c1cc2c(C(=O)N(C2=O)c2ccc(cc2)Oc2ccc(cc2)N2C(=O)c3c(C2=O)cc(cc3)C(C(C(C(C(C([*])(F)F)(F)F)(F)F)(F)F)(F)F)(F)F)cc1,185.0,,
12220,[*]NC(=S)NC(C=C1)=CC=C1[*],,,3.4701
7794,[*]OC(=O)CCCCCCCC(=O)[*],,53.25,
4545,[*]OC(=O)c1ccc(cc1)C(=O)OCCOC(=O)CCCCC(=O)OCC[*],6.0,79.66666667,
8152,[*]OC(C(C(=O)[*])(C)C)c1ccccc1,,285.0,
4739,[*]NC(=O)c1c(cc(cc1)C(=O)NCCCC[*])Sc1ccccc1,136.0,283.0,
10701,[*]CCCNC(=O)CCCCCCCCC(=O)NCCCOCCOCCO[*],,,5.9339
2217,[*]C(C[*])c1c(ccc(c1)C(=O)OCC)c1ccc(cc1)OCCCCCCCC,95.0,,
1728,[*]N1C(=O)c2c(C1=O)cc(cc2)Oc1ccc(cc1)C(=O)c1ccc(cc1)Oc1cc2c(C(=O)N(C2=O)c2ccc(cc2)Oc2ccc(cc2)[*])cc1,210.0,,
1257,[*]OC(=O)c1ccc(cc1)C(=O)OCC(CS(=O)(=O)CC(C[*])(C)C)(C)C,105.0,,
8133,[*]OC(=O)c1ccc(cc1)S(=O)(=O)c1ccc(cc1)C(=O)OCCCCCC[*],,275.0,
9569,[*]CCOC(=O)CCCCSCCCCC(=O)O[*],,,5.1928
8692,[*]SC(=O)CCCCCCC(=O)SCc1c(c(c(c(c1C)C)C[*])C)C,,360.0,
8854,[*]c1ccc(cc1)/C=C/c1c(cc(c(c1)CCCCCCCCCC)/C=C/[*])CCCCCCCCCC,,319.0,
2520,[*]C(C[*])(C(=O)NC(c1ccccc1)C)C,156.5,,
8976,[*]c1sc(cc1)CCC(=O)OC(=O)CC[*],,78.0,
11729,[*]Nc1nc([*])nc(-c2ccccc2)n1,,,4.2193
10598,[*]Oc1ccc(-c2ccc(Oc3ccc(C(C)(C)c4ccc([*])cc4)cc3)cc2)cc1,,,4.2484
5595,[*]N1C(=O)c2c(C1=O)cc(cc2)Oc1cc2c(C(=O)N(C2=O)CC2CC(CCC2)C[*])cc1,199.0,,
2110,[*]C(C(CC[*])(C)C)(C)C,87.0,185.0,
10575,[*]c1nnc(C2CC3(CC([*])C3)C2)o1,,,6.0399
1405,[*]NC(=O)CCc1ccc(cc1)CCC(=O)NCCCCCCCCCCCC[*],85.0,263.0,
2589,[*]C(C[*])(C(=O)OCCN(c1ccc(cc1)N=Nc1ccc(cc1)S(=O)(=O)Nc1nccs1)CCCC)C,53.0,,
5120,[*]c1cc2c(C(=O)N(C2=O)c2ccc(cc2)Oc2ccc(cc2)Oc2ccc(cc2)N2C(=O)c3c(C2=O)cc(cc3)C(=O)Nc2ccc(cc2)Oc2ccc(cc2)C2(c3c(C(=O)N2)cccc3)c2ccc(cc2)Oc2ccc(cc2)NC(=O)[*])cc1,284.0,,
12009,[*]CC(S1)=CC=C1C(S2)=CC=C2C(=S)[*],,,2.5023
11588,[*]C(=O)Nc1ccc(NC(=O)c2ccc3c(c2)C(=O)N(c2c(C)cc(C)c(N4C(=O)c5ccc([*])cc5C4=O)c2C)C3=O)cc1,,,3.3589
1017,[*]Oc1cc(ccc1)NC(=O)c1ccc(cc1)P(=O)(c1ccc(cc1)C(=O)Nc1cc(ccc1)Oc1ccc(cc1)P(=O)(c1ccc(cc1)[*])c1ccccc1)c1ccccc1,235.0,,
11198,[*]CCCCCCNC(=O)CCC(C)(C)c1ccc(C(C)(C)CCC(=O)N[*])cc1,,,5.1253
2680,[*]C(C[*])(C(=O)OCCCCCCOc1ccc(cc1)C(=O)Oc1c2c(c(cc1)N=Nc1ccc(cc1)C#N)cccc2)C,41.0,77.0,
1891,[*]Oc1ccc(cc1)C(c1ccc(cc1)OC(=S)[*])(CC(C)C)C,128.0,,
1735,[*]N1C(=O)c2c(C1=O)c(ccc2)Oc1ccc(cc1)Sc1ccc(cc1)Oc1c2c(C(=O)N(C2=O)c2cc(ccc2)[*])ccc1,231.0,,
7022,[*]C(C[*])C(C)C(F)(F)F,,300.0,
6851,[*]c1cc2C(c3c(c2cc1)ccc(c3)c1ccc(cc1)c1c(c(cc(c1)c1ccc(cc1)OCCCCCC)c1ccc(cc1)[*])c1ccc(cc1)OCCCCCC)(CCCCCC)CCCCCC,98.5,,
11971,[*]CC(F)(F)C1(F)CC(CC(O)(C(F)(F)F)C(F)(F)F)CC1[*],,,7.7065
3150,[*]Oc1ccc(cc1)C(c1ccc(cc1)Oc1ccc(cc1)C(=O)C(=O)c1ccc(cc1)[*])(c1ccccc1)C,177.0,,
6934,[*]=Nc1ccc(cc1)c1ccc(cc1)NC=[*],,380.0,
2423,[*]C(C[*])(CC(=O)OC)C(=O)OC12CC3CC(CC(C1)C3)C2,197.0,,
12045,[*]CC(C=C1)=CC=C1NO[*],,,4.8775
11823,[*]c1ccc2c(c1)c1cc([*])ccc1n2C,,,3.4554
9718,[*]Oc1ccc(C=CC([*])=O)cc1,,,3.6422
2557,[*]C(C[*])(C(=O)OCC1OC(OC1)CP(=O)(OCC)OCC)C,-38.0,,
9536,[*]CCCCCCOC(=O)NCCSCCCCCCSCCNC(=O)O[*],,,5.4367
1806,[*]N1C(=O)c2c(C1=O)cc(cc2)c1cc2c(C(=O)N(C2=O)c2ccc(cc2)C(c2ccc(cc2)[*])(C(F)(F)F)C(F)(F)F)cc1,333.67,,
1480,[*]NC(=O)CCCCC(=O)NCC1CC(CCC1)C[*],96.0,240.0,
9956,[*]CCCCCCC(=O)NCCCCCCNC(=O)CCCO[*],,,5.9827
6306,[*]Nc1cc(ccc1)NC(=O)c1cc(ccc1)C(=O)Nc1ccc(cc1)C(=O)NC(=S)[*],270.0,,
4104,[*]c1sc(cc1)c1sc(cc1)[Si]([*])(CCCC)CCCC,-10.0,,
4041,[*]C1COC2C1OCC2OC(=O)c1cc(ccc1)OCCCCCCCCOc1cc(ccc1)C(=O)O[*],31.75,,
7046,[*]C(C[*])CCCCCCCCCCCCC,,57.85,
12408,[*]CC(F)(F)C(F)(F)C(F)(F)C(F)(F)COC(=O)O[*],,,7.7624
3932,[*]Oc1cc(c(cc1)OC(COCCCCCCCOc1ccc(cc1)c1ccc(cc1)C(=O)[*])C)[N+](=O)[O-],50.0,,
1391,[*]NC(=O)CCCCCCCCCCCCCC(=O)NCc1ccc(cc1)C[*],90.0,241.0,
11475,[*]C(=O)c1ccc2c(c1)C(=O)N(c1ccc3c(c1)C(=O)c1cc(N4C(=O)c5ccc([*])cc5C4=O)ccc1-3)C2=O,,,2.5033
6376,[*]Nc1cc(ccc1)NC(=O)c1ccc(cc1)C(=O)Nc1cc(ccc1)NC(=S)NC(=O)c1cc(ccc1)C(=O)NC(=S)[*],254.0,,
8408,[*]Oc1c2c(ccc1)c(ccc2)OC(=O)Oc1cc(ccc1)OC(=O)[*],,142.0,
3203,[*]Oc1c(cc(cc1)OC(=O)c1ccc(cc1)OCCCCCCOc1ccc(cc1)C(=O)[*])N=Nc1ccc(cc1)C#N,98.0,,
7826,[*]OC(=O)CCCCCCCCCCCCC(=O)OCCC[*],,65.0,
7020,[*]C(C[*])C(=O)c1c(cccc1)O,,192.5,
10793,[*]Oc1ccc(C(=O)Nc2ccc(S(=O)(=O)c3ccc(NC(=O)c4ccc(Oc5nc([*])nc(Sc6ccccc6)n5)cc4)cc3)cc2)cc1,,,3.8673
12208,[*]NC(=O)NC(S1)=CC=C1[*],,,3.228
11221,[*]NNC(=O)CCC(=O)NNC(=O)CCCCC([*])=O,,,5.7153
2416,[*]C(C[*])(C(=O)OCCC(C(C(C(C(C(C(C(F)(F)F)(F)F)(F)F)(F)F)(F)F)(F)F)(F)F)(F)F)C,31.25,87.85,
3937,[*]Oc1cc(c(cc1)S(=O)(=O)c1c(cc(cc1)Oc1c(cc(cc1C)C(c1cc(c(c(c1)C)[*])C)(C)C)C)C(O)(C(F)(F)F)C(F)(F)F)C(O)(C(F)(F)F)C(F)(F)F,187.0,,
5765,[*]c1cc2c(C(=O)N(C2=O)c2ccc(cc2)Oc2ccc(cc2)C(c2ccc(cc2)Oc2ccc(cc2)N2C(=O)c3c(C2=O)cc(cc3)c2ccc(cc2)c2ccc(cc2)c2ccc(cc2)c2ccc(cc2)[*])(C)C)cc1,236.0,,
10771,[*]c1cc2c(s1)-c1sc(-c3sc(-c4sc([*])c5c4OCCO5)c4c3OCCO4)cc1C2=C(C#N)C#N,,,0.9952
10285,[*]c1ccc(-c2cnc3cc4nc([*])cnc4cc3n2)cc1,,,2.7587
1853,[*]Oc1ccc(cc1)C(c1ccc(cc1)OC(=O)[*])C(C)C,149.0,175.0,
7571,[*]NC1C(C(C1)CCC(=O)[*])(C)C,,358.0,
7632,[*]Nc1cc(ccc1)C=Cc1ccc(cc1)NC(=O)c1ccc(cc1)C(=O)[*],,460.0,
11037,[*]OC(C)CCOC(=O)CCCCCCCCCCC([*])=O,,,6.742
9241,[*]CC([*])Cl,,,7.0905
5781,[*]c1cc2c(C(=O)N(C2=O)c2ccc(cc2)C(=O)Nc2ccc(cc2)Oc2ccc(cc2)c2ccc(cc2)Oc2ccc(cc2)NC(=O)c2ccc(cc2)N2C(=O)c3c(C2=O)cc(cc3)C([*])(C(F)(F)F)C(F)(F)F)cc1,296.0,,
5206,[*]N1C(=O)c2c(C1=O)cc(cc2)Oc1cc2c(C(=O)N(C2=O)c2ccc(cc2)Oc2ccc(cc2)C(c2ccc(cc2)Oc2ccc(cc2)[*])(C(F)(F)F)C(F)(F)F)cc1,246.0,,
10757,[*]C=Nc1cc(NC(=O)NCCNCCNO[*])ccc1C,,,4.4938
10614,[*]c1ccc(-c2ccc(-c3ccc(-c4cc(-c5ccccc5)c5cc(Oc6ccc7nc([*])cc(-c8ccccc8)c7c6)ccc5n4)cc3)cc2)cc1,,,3.1875
12254,[*]C(F)(F)C(C=C1)=CC=C1C(F)(F)O[*],,,4.9933
7437,[*]NC(=O)CCCCCCCCC(=O)NCCCCCCCCCCCCCC[*],,175.0,
10308,[*]CCc1ccc([*])c(C#N)c1,,,4.7476
7457,[*]NC(=O)CCCCCCCCCCCCC(=O)NCCCCCCCC[*],,197.0,
11669,[*]Oc1ccc(C(C)=Cc2ccc(OC(=O)OCCCCCCOC([*])=O)cc2)cc1,,,4.2293
11295,[*]NC(CC([*])=O)C(=O)OCCCCCCCC,,,5.5889
4652,[*]c1nc2c(nc1c1ccc(cc1)OC(=O)c1ccc(cc1)C(=O)Oc1ccc(cc1)[*])cccc2,232.0,,
6509,[*]c1nc2c([nH]1)ccc(c2)c1ccc2c(nc([nH]2)CCC[*])c1,275.0,,
3030,[*]Oc1cc(c(cc1)CCc1ccc(cc1)OCCCCCCC[*])C,6.5,,
5494,[*]c1cc2c(C(=O)N(C2=O)c2cc(ccc2)C(=O)Nc2ccc(cc2)C(c2ccc(cc2)NC(=O)c2cc(ccc2)N2C(=O)c3c(C2=O)cc(cc3)C([*])(C(F)(F)F)C(F)(F)F)(C(F)(F)F)C(F)(F)F)cc1,273.5,,
7083,[*]C(CCCCCCCCCCCCCC[*])Cl,,63.0,
3187,[*]c1c([nH]c(n1)c1ccc(cc1)c1[nH]c(c(n1)c1ccc(cc1)Oc1ccc(cc1)C(=O)c1ccc(cc1)c1ccc(cc1)C(=O)c1ccc(cc1)Oc1ccc(cc1)[*])c1ccccc1)c1ccccc1,273.0,,
2475,[*]C(C[*])C(=O)OCC(COC(=O)c1ccccc1)(COC(=O)c1ccccc1)COC(=O)c1ccccc1,48.0,,
10181,[*]C(=O)c1ccc2c(c1)C(=O)N(c1ccc(Cc3ccc(N4C(=O)c5ccc([*])cc5C4=O)cc3)cc1)C2=O,,,2.7406
11882,[*]N=c1c(=Nc2ccc([*])cc2)c2cccc3cccc1c32,,,2.1929
1852,[*]Oc1ccc(cc1)C(c1ccc(cc1)OC(=O)[*])CCC,110.33,160.8,
5091,[*]N1C(=O)c2c(C1=O)c(ccc2)c1cc2c(C(=O)N(C2=O)c2cc(ccc2)C(=O)Nc2ccc(cc2)Oc2ccc(cc2)c2ccc(cc2)Oc2ccc(cc2)NC(=O)c2cc(ccc2)[*])cc1,275.0,,
7389,[*]NC(=O)CCC(=O)NCCCCCCCC[*],,254.0,
7538,[*]NC(C(=O)[*])CCC(=O)OCCCCCCCCCCCCCCCC,,48.05,
7453,[*]NC(=O)CCCCCCCCCCCC(=O)NCCCCCCCCCC[*],,172.5,
957,[*]Oc1ccc(cc1)OCC(CN(S(=O)(=O)c1ccc(cc1)c1ccc(cc1)S(=O)(=O)N(CC(C[*])O)C)C)O,84.0,,
444,[*]C(C[*])C(=O)Oc1ccc(cc1)C#N,92.0,,
2064,[*]N=P([*])(Oc1ccc(cc1)Cl)Oc1ccc(cc1)Cl,-4.0,360.0,
914,[*]Oc1cc(ccc1)NC(=O)c1cc(ccc1)C(=O)Nc1ccc(cc1)[*],236.75,,
4270,[*]Oc1c(cc(cc1C)C1(c2ccccc2c2ccccc12)c1cc(c(c(c1)C)OC(=O)c1cc(ccc1)C(=O)[*])C)C,315.0,,
6345,[*]c1cc2c(C(=O)N(C2=O)c2c(ccc(c2)C(c2cc(c(cc2)OC(=O)C)N2C(=O)c3c(C2=O)cc(cc3)C([*])(C(F)(F)F)C(F)(F)F)(C(F)(F)F)C(F)(F)F)OC(=O)C)cc1,266.5,,
7736,[*]OC(=O)CCC(=O)OCCCCCCCCCCCCCCCCCCCC[*],,86.75,
4516,[*]OC(=O)c1c(ccc(c1)N=Nc1ccc(cc1)OCC)c1c(cc(cc1)N=Nc1ccc(cc1)OCC)C(=O)OCCC[*],101.0,,
11651,[*]OC(C)COC([*])=O,,,7.1412
6791,[*]OS(=O)(=O)c1c(ccc(c1)S(=O)(=O)Oc1ccc(cc1)C1(CCCC1)c1ccc(cc1)[*])C,134.0,,
5775,[*]c1oc(nn1)c1ccc(cc1)c1oc(nn1)CN1C(=O)c2c(C1=O)cc(cc2)C(c1cc2c(C(=O)N(C2=O)C[*])cc1)(C(F)(F)F)C(F)(F)F,214.0,,
2141,[*]C(C[*])(c1cc2c(cc1)cccc2)C,208.0,,
3272,[*]Oc1ccc(cc1)C(=O)c1ccc(cc1)OCCCCCCOC(=O)OCCCCCOC(=O)OCCCCCC[*],-0.2,,
10671,[*]C=C1CCCCC(=Cc2ccc(Sc3ccc([*])o3)o2)C1=O,,,2.9583
6566,[*]c1ccc2ccc3c(c2n1)nc(cc3)c1ccc(cc1)c1c(cc(c(c1)CCCCCC)c1ccc(cc1)[*])CCCCCC,190.0,,
9949,[*]C(=O)NCCCCCCNC(=O)c1ccncc1[*],,,4.5298
11832,[*]c1c2ccccc2c([*])n1C,,,2.8434
9094,[*]CCC(C)C([*])C,,,6.6781
7154,[*]N(C(=O)[*])CC=C,,275.0,
7818,[*]OC(=O)CCCCCCCCCCC(=O)OCC1CCC(CC1)C[*],,64.0,
9902,[*]CCCCCCCCCCCCCCNC(=O)CCCCCCCCCCC(=O)N[*],,,5.9384
1966,[*]c1nc2c(nc1c1cc3c(cc1)cccc3)cc(cc2)c1cc2c(nc(c(n2)c2cc(ccc2)[*])c2cc3c(cc2)cccc3)cc1,317.0,,
3348,[*]OP(=O)(Oc1ccc(cc1)S(=O)(=O)c1ccc(cc1)[*])Oc1ccc(cc1)[N+](=O)[O-],114.0,,
3550,[*]c1cc2c(oc(n2)c2ccc(cc2)Oc2ccc(cc2)C(c2ccc(cc2)Oc2ccc(cc2)c2oc3c(n2)cc(cc3)C([*])(C(F)(F)F)C(F)(F)F)(C(F)(F)F)C(F)(F)F)cc1,230.67,,
4013,[*]c1sc(cc1)C=Nc1ccc(cc1)C(=O)OCCCCOCCCCOCCCCOC(=O)c1ccc(cc1)N=C[*],25.0,86.7,
7574,[*]NC1C(C1)NC(=O)NCCCCCCNC(=O)[*],,180.0,
2790,[*]Oc1c(cc(cc1)S(=O)(=O)c1cc(c(cc1)OCC(COc1ccc(cc1)C(c1ccc(cc1)OCC(C[*])O)(C)C)O)C)C,117.5,,
7472,[*]NC(=O)CCCCCCCCCCCCCCCCCCC(=O)NCCC[*],,189.0,
10140,[*]c1ccc(Sc2ccc(-n3c(=O)c4cc5c(=O)n([*])c(=O)c5cc4c3=O)cc2)cc1,,,2.5188
7985,[*]OC(=O)SC(=O)OCCCCCC[*],,82.0,
9993,[*]NC(CCC(=O)OCCCl)C([*])=O,,,5.9169
142,[*]C(C[*])c1c(cc(cc1)Cl)C,145.0,,
8054,[*]OC(=O)c1ccc(cc1)C(=O)NCCCCCNC(=O)c1ccc(cc1)C(=O)OCCCCCCCCCCCCCC[*],,200.0,
11300,[*]CCCCCCCCCCNC(=O)CCC(=O)N[*],,,5.9532
7094,[*]C1(c2c(C(=O)O1)cccc2)c1ccc(cc1)OC(=O)CCCCC(=O)Oc1ccc(cc1)[*],,240.0,
8791,[*][Si](c1ccc(cc1)[*])(C#C)C,,300.0,
11346,[*]Nc1c(I)cc(C([*])=O)cc1I,,,3.842
6343,[*]N1C(=O)C2C(C1=O)C(=CC(C2)C1C(=O)N(C(=O)C1)c1cc(ccc1)c1cc(cc(c1)C(=O)Nc1ccc(cc1)OC(=O)c1cc(c(c(c1)OCCCCCCCCCCCC)OCCCCCCCCCCCC)OCCCCCCCCCCCC)c1cc(ccc1)[*])C,270.0,,
1184,[*]OC(=O)c1ccc(cc1)c1ccc(cc1)C(=O)OCCCCC[*],45.25,112.3333333,
2285,[*]C(=C[*])c1c(c(c(c(c1F)F)CCCC)F)F,110.0,,
9964,[*]C(=O)c1ccc(C(=O)N2CCN([*])CC2)cc1,,,4.6128
4336,[*]Oc1ccc(cc1)C(=O)Nc1c(ccc(c1)C(c1cc(c(cc1)C)NC(=O)c1ccc(cc1)OC(=O)c1ccc(cc1)C(=O)[*])(C(F)(F)F)C(F)(F)F)C,213.0,,
3264,[*]Oc1ccc(cc1)Oc1ccc(cc1)OCCCCCCOC(=O)OCCCCCCOC(=O)OCCCCCC[*],-13.0,,
1495,[*]Nc1ccc(cc1)NC(=O)CCCC(=O)[*],135.0,398.0,
1335,[*]NC(=O)CCCCC(=O)NCCCP(=O)(CCCC[*])C,59.0,,
472,[*]C(C[*])(C(=O)OC12CC3CC(CC(C1)C3)C2)C,183.0,,
1293,[*]Oc1ccc(cc1)S(=O)(=O)c1ccc(cc1)OC(=O)c1cc(ccc1)C(=O)[*],249.0,330.0,
3851,[*]OP(=O)(OCCCCCCCCCCOc1ccc(cc1)C=Cc1ccc(cc1)OCCCCCCCCCC[*])OCCCCCCCCCCOc1ccc(cc1)N=Nc1ccc(cc1)[N+](=O)[O-],50.0,135.0,
3096,[*]OCC(C[*])(CS(=O)(=O)C)CS(=O)(=O)C,102.0,191.0,
2756,[*]C(=C([*])C)CCCCCCC,160.0,,
11422,[*]CC(C)CNC(=O)O[*],,,6.3739
5227,[*]N1C(=O)c2c(C1=O)cc(cc2)[Si](O[Si](O[Si](c1cc2c(C(=O)N(C2=O)c2ccc(cc2)Cc2ccc(cc2)[*])cc1)(C)C)(C)C)(C)C,220.0,,
5959,[*]c1cc2c(C(=O)N(C2=O)c2cc(c(cc2)Oc2c(cccc2)Oc2c(cc(cc2)N2C(=O)c3c(C2=O)cc(cc3)C([*])(C(F)(F)F)C(F)(F)F)C(F)(F)F)C(F)(F)F)cc1,247.0,,
5881,[*]C1C2C(C(=O)N(C2=O)CCCCCCCCCC)C(C1)C=C[*],46.0,,
10542,[*]OP(=O)(Oc1ccccc1)Oc1c(Cl)c(Cl)c([*])c(Cl)c1Cl,,,4.5449
7922,[*]OC(=O)NCCNC(=O)OCCCC[*],,215.0,
8779,[*][NH+]1CC=C(C=C1)C=CC1=CC[NH+](C=C1)CCCCCCCCCCCC[*],,111.85,
12301,[*]CC(S1)=CC=C1CO[*],,,4.6049
7861,[*]OC(=O)CCSCc1ccc(cc1)CSCCC(=O)[*],,73.0,
10396,[*]C=C([*])c1ccccc1C(F)(F)F,,,1.343
225,[*]C(C([*])(F)F)(OC(C(F)(F)F)(F)F)F,29.0,,
792,[*]Oc1c2c(c(cc1)c1c3c(c(cc1)OCCCC[*])cccc3)cccc2,130.0,,
22,[*]C(C[*])CCc1ccccc1,17.5,161.57,
1996,[*]O[Si]([*])(C)C,-116.0,-46.86764706,
6327,[*]c1cc2c(C(=O)N(C2=O)c2cc(ccc2)Oc2c(c(ccc2)Oc2cc(ccc2)N2C(=O)c3c(C2=O)cc(cc3)C(=O)Nc2cc(ccc2)Oc2c(c(ccc2)Oc2cc(ccc2)NC(=O)[*])C#N)C#N)cc1,214.0,,
2058,[*]N=P([*])(OCCOCCOCCCC)OCCOCCOCCCC,-84.0,,
9,[*]C(C[*])CCCCCCCC,-35.0,30.01666667,
4468,[*]Oc1ccc(cc1)CC(NC(=O)Cc1ccc(cc1)OC(=O)CCC(=O)[*])C(=O)OCC,75.5,,
10980,[*]C=Cc1cc(CCCCCC)c([*])s1,,,3.5808
8418,[*]Oc1cc(c(cc1)N1ON1c1c(cc(cc1)OC(=O)CCCC(=O)[*])C)C,,185.8,
1912,[*]N(CC[*])C(=O)CCCC,13.0,,
4386,[*]Oc1c(cc(cc1)OC(=O)c1c(cc(c(c1)OCCCCCCCCCCCC)C(=O)[*])OCCCCCCCCCCCC)C,112.0,176.0,
3405,[*]OC(=O)c1cc(cc(c1)OCCCCCCOc1ccc(cc1)c1ccc(cc1)OC)C(=O)OCCOCCOCCOCCOCCOCC[*],5.0,,
10648,[*]Oc1ccc(Oc2cccc([*])n2)c(-c2ccccc2)c1,,,4.2637
3890,[*]Oc1c(cc(cc1)Oc1ccc(cc1)C(=O)c1ccc(cc1)c1ccc(cc1)C(=O)c1ccc(cc1)[*])c1ccccc1,186.0,,
9473,[*]CCOCCOC(=O)CCCCS(=O)(=O)CCCCC(=O)O[*],,,6.5167
440,[*]C(C[*])C(=O)Oc1ccc(cc1)c1ccccc1,105.0,275.75,
3464,[*]Oc1ccc(cc1)S(=O)(=O)c1ccc(cc1)Oc1ccc(cc1)NC(=O)c1cc(cc(c1)NC(=O)c1ccc(cc1)OC(=O)C)C(=O)Nc1ccc(cc1)[*],263.0,,
8380,[*]Oc1c(cc(cc1)OC(=O)Oc1ccc(cc1)OC(=O)[*])C,,292.0,
2123,[*]C(CCCCC[*])CCCCCCCCCC,-65.0,,
9828,[*]CC1CCCC(CNC(=O)c2cccc(C(=O)N[*])c2)C1,,,4.8123
11405,[*]CCCCOC(=O)NC1CCC(CC2CCC(NC(=O)O[*])CC2)CC1,,,6.1232
7266,[*]N1CCN(CC1)C(=O)C1(C(C1)C(=O)[*])C,,130.0,
12183,[*]NC(C=C1)=CC=C1C(C=C2)=CC=C2C(C=C3)=CC=C3[*],,,3.4269
3598,[*]Oc1c(cc(cc1OC)/C=C/c1ccc(cc1)/C=C/c1cc(c(c(c1)OC)OCCCCCC[*])OC)OC,90.0,,
6756,[*]O[Si](c1ccc(cc1)[Si]([*])(c1ccccc1)c1ccccc1)(c1ccccc1)c1ccccc1,114.13,313.3333333,
626,[*]Oc1ccc(cc1)C(=O)OCCCCCOC(=O)c1ccc(cc1)[*],26.0,70.0,
10244,[*]Oc1ccc(C(C)(C)c2ccc(OC([*])=O)c(C)c2)cc1C,,,5.0684
818,[*]Oc1c(cc(cc1)C(=O)c1cc(ccc1)C(=O)c1cc(c(cc1)[*])CC)CC,126.0,236.0,
10216,[*]OC(=O)c1ccc(C(C)(C)c2ccc(C([*])=O)cc2)cc1,,,4.3936
11232,[*]C(=O)NNC(=O)c1cccc(C(=O)NNC(=O)c2cnc([*])cn2)c1,,,3.3027
3112,[*]c1nc(ccc1)Oc1ccc(cc1)Oc1ccc(cc1)S(=O)(=O)c1ccc(cc1)Oc1ccc(cc1)O[*],158.0,,
6046,[*]N1C(=O)c2c(C1=O)cc(cc2)Oc1cc2c(C(=O)N(C2=O)c2ccc(cc2)N(c2ccc(cc2)[*])c2ccc(cc2)C#N)cc1,304.0,,
6554,[*]Nc1c2c(ccc1)c(ccc2)N[Se][*],53.0,,
6528,[*]S(=O)(=NP(=NP(=N[*])(NCCCC)NCCCC)(NCCCC)NCCCC)NCCCC,-17.0,,
9203,[*]CC([*])(C)C(=O)OCCO,,,6.1908
4152,[*]c1sc(cc1c1ccc(cc1)C(=C1C=C(C(=O)C(=C1)C(C)(C)C)C(C)(C)C)c1cc(c(c(c1)C(C)(C)C)O)C(C)(C)C)[*],-12.6,,
8428,[*]Oc1cc(ccc1)C(=O)OC(=O)c1cc(ccc1)OCC[*],,237.0,
8384,[*]Oc1c(cc(cc1)OC(=O)c1ccc(cc1)C(=O)[*])CCCCCC,,300.0,
9084,[*]n1c(=O)c2cc3c(cc2c1=O)c(=O)n(c3=O)c1ccc(cc1)Oc1ccc(cc1)C(c1cc(ccc1)C(c1ccc(cc1)Oc1ccc(cc1)[*])(C)C)(C)C,,275.73,
641,[*]Oc1ccc(cc1)OCC(=O)OC(=O)C[*],70.0,155.8333333,
1575,[*]OC(=O)Nc1ccc(cc1)Cc1ccc(cc1)NC(=O)OCCCCCCCCCCCC[*],43.0,164.0,
11421,[*]CNC(=O)NCOC(=O)Nc1ccc(C)c(NC(=O)O[*])c1,,,5.273
312,[*]C(C[*])CNc1ncc(cc1)[N+](=O)[O-],151.0,,
10875,[*]c1nc(CCCCCC)c(-c2sc([*])nc2CCCCCC)s1,,,1.876
3808,[*]Oc1ccc(cc1)C1(c2ccccc2c2ccccc12)c1ccc(cc1)OCCOC(=O)Nc1ccc(cc1)Cc1ccc(cc1)NC(=O)OCC[*],152.0,,
1511,[*]NC(=O)CNC(=O)CCCCC(=O)NCCCCCC[*],53.4,232.6,
5407,[*]N1C(=O)c2c(C1=O)cc(cc2)Oc1cc2c(C(=O)N(C2=O)c2cc(c(cc2)c2c(cc(cc2)[*])C(F)(F)F)C(F)(F)F)cc1,275.0,,
2231,[*]C(C[*])c1c(ccc(c1)C(=O)Oc1ccc(cc1)OCCCCCCCCCC)C(=O)Oc1ccc(cc1)OCCCCCCCCCC,109.0,-25.0,
9178,[*]CC([*])N1CCCC1=O,,,5.4797
7821,[*]OC(=O)CCCCCCCCCCC(=O)OCCNC(=O)c1ccc(cc1)c1ccc(cc1)C(=O)NCC[*],,261.5,
850,[*]C1OCC2(CO1)COC(OC2)CCCCCCCC(=O)OCCOC(=O)CCCCCCC[*],0.0,88.0,
4480,[*]Oc1ccc(cc1)CC(NC(=O)Cc1ccc(cc1)OC(=O)CCCCCCCCC(=O)[*])C(=O)OCC,43.0,,
8360,[*]Oc1c(cc(cc1)C=C1C(=O)C(=Cc2cc(c(cc2)OCCCC[*])OC)CC1)OC,,189.0,
12130,[*]COC(S1)=CC=C1C(C=C2)=CC=C2[*],,,3.6898
2507,[*]C(C[*])(C(=O)OCCOc1ccc(cc1)N=Nc1ccc(cc1)C#N)C,109.0,,
6378,[*]Nc1cc(ccc1)NC(=O)c1ccc(cc1)C(=O)Nc1cc(ccc1)NC(=S)NC(=O)CCCCC(=O)NC(=S)[*],252.0,,
5049,[*]N1C(=O)c2c(C1=O)cc(cc2)C(=O)Oc1ccc(cc1)c1ccc(cc1)OC(=O)c1cc2c(C(=O)N(C2=O)CCCCCCCCCCC[*])cc1,97.0,245.0,
7316,[*]NC(=O)C(=O)NCCCCCCNC(=O)CCCCC(=O)NCCCCCC[*],,268.0,
3998,[*]Oc1c(cc(cc1)c1ccc(cc1)NC(=O)c1cc(cc(c1)C(C)(C)C)C(=O)Nc1ccc(cc1)c1cc(c(cc1)Oc1ccc(cc1)C(c1ccc(cc1)[*])(C)C)C(F)(F)F)C(F)(F)F,248.5,352.0,
3350,[*]OP(=O)(Oc1ccc(cc1)S(=O)(=O)c1ccc(cc1)[*])Oc1ccc(cc1)OC,81.0,,
7192,[*]N(CC[*])C(=O)CCC(C(C(C(C(C(C(C(F)(F)F)(F)F)(F)F)(F)F)(F)F)(F)F)(F)F)(F)F,,214.0,
8575,[*]Oc1ccc(cc1)NC(=O)c1ccc(cc1)C(=O)Nc1ccc(cc1)OCCOCCOCC[*],,386.0,
6738,[*]O[Si]([*])(CCCOCCOCCOCCOC)CCCOCCOCCOCCOC,-69.2,,
4653,[*]c1nc2c(nc1c1cc3c(cc1)cc(cc3)OC(=O)c1cc(ccc1)C(=O)Oc1cc3c(cc1)cc(cc3)[*])cccc2,151.0,,
1640,[*]c1cc2c(C(=O)N(C2=O)c2ccc(cc2)S(=O)(=O)c2ccc(cc2)N2C(=O)c3c(C2=O)cc(cc3)C(=O)Nc2cc(ccc2)NC(=O)[*])cc1,311.0,,
7551,[*]NC(CC(=O)[*])C(=O)OCCCCCCCC,,341.0,
2170,[*]C(C(CCCCCCCCCCCC[*])c1ccc(cc1)O)c1c(cc(cc1)O)C,-1.0,,
4179,[*]c1sc(cc1CC(=O)OCC)[*],56.7,,
10832,[*]c1ccc2c(c1)SC1(CCC3(CC1)Nc1ccc([*])cc1S3)N2,,,3.8947
374,[*]C(C[*])(C(=O)OC1CCC(CC1)C)C,109.0,,
2060,[*]N=P([*])(N(C)C)N(C)C,-4.0,,
12398,[*]CCC(C)O[Si](C)(C)O[*],,,6.1806
7475,[*]NC(=O)CCCCCCCCCCCCCCCCCCC(=O)NCCCCCCCCCC[*],,171.0,
1930,[*]c1ccc2c(nc(cn2)c2ccc(cc2)c2nc3c(nc2)ccc(c3)C(=O)[*])c1,318.0,,
5736,[*]c1cc2c(C(=O)N(C2=O)c2ccc(cc2)Oc2ccc(cc2)C2(C3C4C(CCC4)C(C2)C3)c2ccc(cc2)Oc2ccc(cc2)N2C(=O)c3c(C2=O)cc(cc3)C(=O)Nc2ccc(cc2)Oc2ccc(cc2)Oc2ccc(cc2)NC(=O)[*])cc1,257.0,,
11205,[*]Nc1ccc(C(C)(C)c2ccc(NC(=O)c3cc(C([*])=O)cc(N4C(=O)C5C6CCC(C6)C5C4=O)c3)cc2)cc1,,,4.0843
820,[*]Oc1c(cc(cc1)C(=O)c1cc(ccc1)C(=O)c1cc(c(cc1)[*])C(C)C)CC,136.0,222.5,
3190,[*]c1c([nH]c(n1)c1cc(ccc1)c1[nH]c(c(n1)c1ccc(cc1)Oc1ccc(cc1)S(=O)(=O)c1ccc(cc1)Oc1ccc(cc1)[*])c1ccccc1)c1ccccc1,292.0,,
11296,[*]NC(CC([*])=O)C(=O)OCCCCCCCCCCCC,,,5.8778
9176,[*]CC([*])C(=O)c1ccc(Br)cc1,,,1.5897
5913,[*]C1C(=O)N(C(=O)C1CC[*])CCC,90.4,,
6179,[*]N1C(=O)c2c(C1=O)cc(cc2)Oc1ccc(cc1)C(c1ccc(cc1)C(c1ccc(cc1)Oc1cc2c(C(=O)N(C2=O)c2ccc(cc2)N(c2ccc(cc2)[*])c2ccc(cc2)C#N)cc1)(C)C)(C)C,224.0,,
4051,[*]P1(=NP(=NP(=N1)(Oc1ccc(cc1)C(=O)OCCC)Oc1ccc(cc1)C(=O)OCCC)(Oc1ccc(cc1)C(c1ccc(cc1)O[*])(C)C)Oc1ccc(cc1)C(=O)OCCC)Oc1ccc(cc1)C(=O)OCCC,26.0,,
3213,[*]c1[nH]c(nc1c1ccc(cc1)Oc1ccc(cc1)C(=O)c1cc(ccc1)C(=O)c1ccc(cc1)Oc1ccc(cc1)[*])c1ccccc1,230.0,,
1559,[*]OC(=O)Nc1c(ccc(c1)NC(=O)OCCCCCCCCC[*])C,62.0,,
9997,[*]NC(C)CCCCC([*])=O,,,5.5854
1008,[*]Oc1ccc(cc1)NC(=O)c1ccc(cc1)Oc1ccc(cc1)C(c1cc(ccc1)C(c1ccc(cc1)Oc1ccc(cc1)C(=O)Nc1ccc(cc1)Oc1ccc(cc1)c1ccc(cc1)[*])(C)C)(C)C,167.0,,
6377,[*]Nc1cc(ccc1)NC(=O)c1ccc(cc1)C(=O)Nc1cc(ccc1)NC(=S)NC(=O)c1ccc(cc1)C(=O)NC(=S)[*],258.0,,
11984,[*]C(S1)=CC=C1OC(=S)O[*],,,3.5737
2216,[*]C(C[*])c1c(ccc(c1)C(=O)OC)c1ccc(cc1)OCCCCCCCC,126.0,,
438,[*]C(C[*])C(=O)Oc1ccc(cc1)C(=O)OCC,37.0,151.0,
10756,[*]c1ccc(C#Cc2cc(OCCCCCCCC)c(C#Cc3ccc(-c4nnc([*])o4)cc3)cc2OCCCCCCCC)cc1,,,2.6231
2063,[*]N=P([*])(Cl)Cl,-63.5,23.6,3.9556
8529,[*]Oc1ccc(cc1)C1(c2ccccc2-c2ccccc12)c1ccc(cc1)Oc1ccc(cc1)C(=O)c1ccc(cc1)Oc1ccc(cc1)C(=O)c1ccc(cc1)[*],,400.0,
9248,[*]CC([*])Br,,,6.0567
323,[*]C(C[*])N1C(=O)CCC1,143.16,114.12,
2662,[*]C(C[*])(C(=O)OCc1cc(ccc1)Cl)C,18.25,,
8988,[*]c1sc(cc1)[Si](c1sc(cc1)[SiH]([*])C)(C)C,,88.0,
3533,[*]Oc1ccc(cc1)S(=O)(=O)c1ccc(cc1)Oc1ccc(cc1)C=C1C(=O)C(=Cc2ccc(cc2)[*])CC1,235.0,,
8671,[*]S(=O)(=O)c1ccc(cc1)C(=O)NCCCNC(=O)c1ccc(cc1)[*],,298.0,
2974,[*]Oc1cc(ccc1)Oc1ccc(cc1)S(=O)(=O)c1ccc(cc1)Oc1ccc(cc1)C(=O)c1ccc(cc1)[*],167.0,,
6924,[*]=Nc1c2c(ccc1)c(ccc2)NC=[*],,380.0,
1019,[*]c1cc2c(C(=O)N(C2=O)c2ccc(cc2)N2C(=O)c3c(C2=O)cc(cc3)c2c(c(c(c(c2c2ccccc2)c2ccccc2)c2ccc(cc2)Oc2ccc(cc2)c2c(c(c(c(c2c2ccccc2)c2ccccc2)[*])c2ccccc2)c2ccccc2)c2ccccc2)c2ccccc2)cc1,353.0,,
6161,[*]c1cc2c(C(=O)N(C2=O)c2c(cc(cc2)c2cc(c(cc2)N2C(=O)c3c(C2=O)cc(cc3)C(=O)Nc2ccc(cc2)C2(c3ccccc3c3ccccc23)c2ccc(cc2)NC(=O)[*])OC)OC)cc1,181.0,,
11872,[*]CCN([*])C(=O)Cc1ccc(C(F)(F)F)cc1,,,4.9047
2235,[*]C(C[*])c1c(ccc(c1)C(=O)Oc1ccc(cc1)OCCCCCCCCCCCCCCCCCC)C(=O)Oc1ccc(cc1)OCCCCCCCCCCCCCCCCCC,91.5,49.0,
10121,[*]CCCCCCCNC(=O)NCCCCCCNC(=O)N[*],,,5.6622
7633,[*]Nc1cc(ccc1)CCC(=O)[*],,181.4,
1582,[*]OC(=O)NCCCCCCNC(=O)OC/C=C/C[*],-41.5,176.0,
2011,[*]O[Si](O[Si](O[Si](O[Si](c1ccc(cc1)[Si]([*])(C)C)(C)C)(C)C)(C)C)(C)C,-72.0,,
3511,[*]Oc1ccc(cc1)CC(NC(=O)Cc1ccc(cc1)OC(=O)COCCOCC(=O)[*])C(=O)OCC,50.0,,
3103,[*]C1OC(OC1COC(=O)OC[*])OCC,51.38,,
10158,[*]c1ccc(-n2c(=O)c3cc4c(=O)n([*])c(=O)c4cc3c2=O)c(C)c1,,,2.9393
11243,[*]CCCP(CCCNC(=O)C(=O)N[*])c1ccccc1,,,4.5841
184,[*]C(C[*])c1ccc(cc1)COCC(CCCC)CC,-23.0,,
4150,[*]Sc1ccc(cc1)Sc1ccc(cc1)Sc1ccc(cc1)P(=O)(c1ccc(cc1)[*])c1ccccc1,175.0,,
1315,[*]NC(=O)CCCCCCCCC(=O)NCCCCCCCC[*],54.0,206.10625,
3997,[*]Oc1c(cc(cc1)c1ccc(cc1)NC(=O)c1cc(cc(c1)C(C)(C)C)C(=O)Nc1ccc(cc1)c1cc(c(cc1)Oc1ccc(cc1)C(c1ccc(cc1)[*])(C(F)(F)F)C(F)(F)F)C(F)(F)F)C(F)(F)F,251.5,356.0,
2629,[*]C(C[*])(C(=O)OC(COc1c2c(ccc1)cccc2)COc1c2c(ccc1)cccc2)C,80.0,,
7879,[*]OC(=O)CSCc1ccc(cc1)CSCC(=O)[*],,87.5,
5705,[*]C1C(=O)N(C(=O)C1[*])CCCCCCCCOc1ccc(cc1)c1ccc(cc1)C#N,43.0,,
6099,[*]N1C(=O)c2c(C1=O)cc(cc2)Oc1cc2c(C(=O)N(C2=O)c2c(cc(cc2C)C(c2cc(c(c(c2)C)[*])C)c2cc(cc(c2)C(F)(F)F)C(F)(F)F)C)cc1,281.9,,
9168,[*]CC([*])OC(=O)CCC,,,6.8545
877,[*]Oc1cc(c(cc1)C(=O)c1ccccc1)c1c(ccc(c1)Oc1ccc(cc1)C(c1ccc(cc1)[*])(C(F)(F)F)C(F)(F)F)C(=O)c1ccccc1,164.0,,
1432,[*]S(=O)(=O)c1ccc(cc1)NC(=O)CCCCCC(=O)Nc1ccc(cc1)[*],163.0,217.0,
11804,[*]N=C(N=C(NC(C)=O)NC(C)=O)N=C([*])OC(C)=O,,,3.7327
5500,[*]c1cc2c(C(=O)N(C2=O)c2c(cc(cc2)c2cc(c(cc2)N2C(=O)c3c(C2=O)cc(cc3)C(=O)Nc2ccc(cc2)C(c2ccc(cc2)NC(=O)[*])(C(F)(F)F)C(F)(F)F)OC)OC)cc1,250.0,,
2353,[*]C1C(CC(C1)C=C[*])C(=O)OCCNC(C)(C)C,29.0,,
4318,[*]OC(=O)c1cc(ccc1)C(=O)OCCCS(=O)(=O)CCCCS(=O)(=O)CCC[*],65.0,,
4052,[*]P1(=NP(=NP(=N1)(Oc1ccc(cc1)C(=O)OC)Oc1ccc(cc1)C(=O)OC)(Oc1ccc(cc1)C(c1ccc(cc1)O[*])(C(F)(F)F)C(F)(F)F)Oc1ccc(cc1)C(=O)OC)Oc1ccc(cc1)C(=O)OC,78.0,,
1445,[*]NC(=O)CCCCCCCCCCCCCCCCC(=O)NCCCCCCCCCC[*],46.0,173.0,
5751,[*]N1C(=O)c2c(C1=O)cc(cc2)c1cc2c(C(=O)N(C2=O)CCCCCOC(=O)OCCCCC[*])cc1,84.0,130.0,
5484,[*]N1C(=O)c2c(C1=O)cc(cc2)Oc1ccc(cc1)C(=O)Nc1ccc(cc1)Oc1ccc(cc1)[*],262.0,,
4703,[*]OC(=O)NNC(=O)CCCCCCCCC(=O)NNC(=O)OCC[*],63.0,,
11762,[*]Nc1cc([*])ccc1C,,,4.116
5541,[*]N1C(=O)c2c(C1=O)cc(cc2)C(=O)c1cc2c(C(=O)N(C2=O)CC2CC(CCC2)C[*])cc1,213.0,,
12310,C(=O)([*])C1=CC=C(C=C1)C(=O)OC1=CC=C(C=C1)C2(C1=CC=CC=C1C(=O)O2)C1=CC=C(C=C1)O([*]),,,3.8358
8707,[*]SC(=O)Nc1ccc(cc1)Cc1ccc(cc1)NC(=O)SCc1ccc(cc1)C[*],,254.5,
5925,[*]c1cc2c(C(=O)N(C2=O)c2c(cc(c(c2C)N2C(=O)c3c(C2=O)cc(cc3)C(=O)Nc2ccc(cc2)NC(=O)[*])C)C)cc1,327.0,,
248,[*]C(C[*])OC(=O)c1ccc(cc1)Br,85.5,,
11100,[*]Oc1ccc(OC(=O)c2ccc(C([*])=O)cc2Oc2ccc(F)cc2)cc1,,,3.4967
5593,[*]N1C(=O)c2c(C1=O)cc(cc2)c1cc2c(C(=O)N(C2=O)CC2CC(CCC2)C[*])cc1,234.0,,
1964,[*]c1nc2c(nc1c1ccccc1)cc(cc2)c1cc2c(nc(c(n2)c2cc(ccc2)[*])c2ccccc2)cc1,319.0,,
6447,[*]Oc1c(cc(cc1)C(c1cc(c(cc1)OC(=O)[*])C)(CC)C)C,119.0,,
10510,[*]CCOCCOCCOC(=O)c1ccccc1C(=O)O[*],,,4.8493
1516,[*]Nc1c(c(c(c(c1C)C)C(=O)c1ccc(cc1)NC(=O)c1ccc(cc1)C(=O)[*])C)C,366.0,,
6708,[*]O[Si]([*])(CCCCCn1c2ccccc2c2ccccc12)C,7.0,,
6929,[*]=Nc1ccc(cc1)Cc1ccc(cc1)NC(=[*])C,,205.0,
10233,[*]OC(=O)c1cccc(C([*])=O)c1,,,4.6197
11384,[*]C(=O)Nc1cccc(C(=O)Nc2cccc(NC(=O)c3ccc4[nH]c(-c5cccc(-c6nc7cc([*])ccc7[nH]6)c5)nc4c3)c2)c1,,,3.186
9495,[*]ON(C(F)(F)F)C(F)(Br)C([*])(F)F,,,6.3719
9756,[*]Cc1ccc(COC(=O)CCCCCCCCC(=O)O[*])cc1,,,5.2222
2639,[*]C(C[*])(C(=O)Nc1ccc(cc1)C(=O)C=Cc1ccc(cc1)OC)C,35.0,,
8433,[*]Oc1cc(ccc1)OC(=O)Oc1ccc(cc1)c1ccc(cc1)OC(=O)[*],,167.0,
989,[*]c1oc(cc1)CC[*],23.0,112.5,
8234,[*]OCC(C[*])(CI)CI,,290.0,
8271,[*]OCCCCC(=O)NCCCCCCNC(=O)CCCCCCCCCC[*],,160.0,
10505,[*]OC(=O)c1ccc(C(=O)Oc2ccc3c(c2)Oc2cc([*])ccc2C32c3ccccc3-c3ccccc32)cc1,,,3.1167
0,[*]C[*],-63.48,125.6845096,6.8972
11543,[*]C=CC1CC([*])C2C(=O)N(c3ccccc3C)C(=O)C12,,,4.5629
7401,[*]NC(=O)CCCCC(=O)NCCCCCCCCCCCC[*],,224.95,
8077,[*]OC(=O)c1ccc(cc1)C(=O)NCCNC(=O)c1ccc(cc1)C(=O)OCCCCCCCCC[*],,267.0,
6622,[*]N(CC[*])C(=O)c1c(cccc1)F,109.0,,
6056,[*]c1c(c2c(C(=O)N(C2=O)c2ccc(cc2)Oc2ccc(cc2)N2C(=O)c3c(C2=O)c(c(cc3)C(=O)[*])OCc2c(cccc2)[N+](=O)[O-])cc1)OCc1c(cccc1)[N+](=O)[O-],198.0,,
9780,[*]OC(C)COC(=O)CCCCCCC([*])=O,,,6.5111
3655,[*]C1COC2C1OCC2OC(=O)CNC(=O)CNC(=O)CCCCCCCCC(=O)NCC(=O)NCC(=O)O[*],47.0,124.0,
742,[*]Oc1ccc(cc1)/C(=C/c1ccc(cc1)OCCOCCOCC[*])/C,15.33,87.66666667,
9788,[*]OC(=C(C)C)C(C)(C)C([*])=O,,,4.7881
7149,[*]N(C(=NCCCCCC)[*])CCCCCC,,138.5,
2340,[*]C1C(C(C(C1)C=C[*])C(=O)OC)C(=O)OC,77.3,,
4088,[*]Sc1ccc(cc1)P(=O)(c1ccc(cc1)Sc1ccc(cc1)c1ccc(cc1)[*])c1ccccc1,232.0,,
2546,[*]C(C[*])(C(=O)OCc1ccc2n(c3c(c2c1)cccc3)CCCCCCCCCCCCCCCC)C,23.0,,
679,[*]OC(=O)c1ccc(cc1)C(c1ccc(cc1)C(=O)OCC[*])(CC)C,94.0,,
9809,[*]CCCCCCCCCC(=O)N[*],,,6.1321
4772,[*]Nc1ccc(cc1)NC(=O)c1c(cc(c(c1)C(=O)[*])C(=O)O)C(=O)O,283.4,,
1659,[*]N1C(=O)c2c(C1=O)cc(cc2)Oc1cc2c(C(=O)N(C2=O)c2ccc(cc2)Oc2ccc(cc2)C(=O)c2cc(ccc2)C(=O)c2ccc(cc2)Oc2ccc(cc2)[*])cc1,208.0,,
9382,[*]CCCOc1ccc(C(=O)OC(=O)c2ccc(O[*])cc2)cc1,,,4.317
10272,[*]CCS(=O)(=O)CCN1CCN([*])CC1,,,4.9753
2894,[*]Oc1cc2c(cc1)ccc(c2)Oc1ccc(cc1)C(=O)Nc1cc(ccc1)Oc1ccc(cc1)NC(=O)c1ccc(cc1)[*],164.0,,
11261,[*]CCCCCCNC(=O)C(O)C(O)C(O)C(O)C(=O)N[*],,,5.9698
11355,[*]CCCCCCCCCCCCNC(=O)CCCCCCCCCCCCCCC(=O)N[*],,,5.8878
3643,[*]Oc1ccc(cc1)C1(C2CC3CC(CC1C3)C2)c1ccc(cc1)OC(=O)c1ccc(cc1)Oc1ccc(cc1)C1(CCC(CC1)C(C)(C)C)c1ccc(cc1)Oc1ccc(cc1)C(=O)[*],197.0,,
5693,[*]N1C(=O)c2c(C1=O)cc(cc2)c1cc2c(C(=O)N(C2=O)c2cc(ccc2)OCCCCCCOc2cc(ccc2)[*])cc1,153.0,,
732,[*]Oc1ccc(cc1)C(c1ccc(cc1)OCC(C[*])OC(=O)c1c(cccc1)Cl)(C)C,66.0,,
580,[*]OCC[*],-54.49,54.3744375,
8869,[*]c1ccc2[nH]c3c(c2c1)cc(cc3)C(=O)c1c(cc(c(c1)C(=O)[*])C(=O)O)C(=O)O,,305.0,
5776,[*]c1oc(nn1)c1ccc(cc1)Oc1ccc(cc1)c1oc(nn1)CN1C(=O)c2c(C1=O)cc(cc2)C(c1cc2c(C(=O)N(C2=O)C[*])cc1)(C(F)(F)F)C(F)(F)F,210.0,,
8966,[*]c1sc(c(c1CCCC)CCCC)c1sc(cc1)c1sc(cc1)[*],,250.0,
3232,[*]OP(=O)(Oc1c(cc(cc1Br)C(c1cc(c(c(c1)Br)[*])Br)(C(F)(F)F)C(F)(F)F)Br)Oc1ccc(cc1)OC,151.0,,
11412,[*]Oc1ccc(NC(=O)NCCCCCCNC([*])=O)cc1C,,,4.8377
10824,[*]OC(=O)C=CC(=O)OC1COC2C([*])COC12,,,4.1943
1075,[*]c1cc2c(C(=O)N(C2=O)c2ccc(cc2)N2C(=O)c3c(C2=O)cc(cc3)c2c(c(c(c(c2c2ccccc2)c2ccccc2)c2ccc(cc2)Sc2ccc(cc2)c2c(c(c(c(c2c2ccccc2)c2ccccc2)[*])c2ccccc2)c2ccccc2)c2ccccc2)c2ccccc2)cc1,344.0,,
6855,[*]c1c(cc(cc1)C=C[*])OCc1cc(cc(c1)OCc1cc(cc(c1)OCC(CCCC)CC)OCC(CCCC)CC)OCc1cc(cc(c1)OCCC(CCCC(C)C)C)OCCC(CCCC(C)C)C,223.0,,
408,[*]C(C[*])C(=O)OCC(CC)C,-32.0,,
3518,[*]Oc1ccc(cc1)S(=O)(=O)c1ccc(cc1)Oc1c(cc(cc1)c1ccc(cc1)c1cc(c(cc1)[*])C(F)(F)F)C(F)(F)F,214.0,,
4964,[*]OC(=O)Nc1c(c(ccc1)NC(=O)OCCN(CC[*])c1ccc(cc1)N=Nc1ccc(cc1)[N+](=O)[O-])C,147.0,,
7221,[*]N(c1ccc(cc1)C(=O)[*])CCCCCCCCCCCCCCCCC,,30.9,
9941,[*]NC(C)C(=O)NCC(=O)NCC(=O)NCC([*])=O,,,5.9084
2502,[*]C(C[*])(C(=O)OCCCCCCCCCCOc1ccc(cc1)OC(=O)c1ccc(cc1)OCCCCCCCC)C,12.0,,
4750,[*]Nc1cc(ccc1)NC(=O)c1cc(cc(c1)NC(=O)c1ccncc1)C(=O)[*],321.0,,
653,[*]Oc1ccc(cc1)Oc1ccc(cc1)OC(=O)[*],118.0,232.5,
10590,[*]CCCCCCCCCCCCOc1ccc(C=NN=Cc2ccc(O[*])cc2O)c(O)c1,,,3.7924
2114,[*]C(CCC[*])C,-56.55,55.0,
6655,[*]N(CC[*])CC,-32.0,,
5863,[*]C1=C(C(=O)N(C1=O)CCCCCCCC)c1ccc(cc1)c1cc2C(c3c(c2cc1)ccc(c3)c1ccc(cc1)[*])(CCCCCC)CCCCCC,122.0,,
9494,[*]c1ccc(Oc2ccc(-c3cnc4cc5ncc([*])nc5cc4n3)cc2)cc1,,,2.782
9192,[*]CC([*])(C)C(=O)OC,,,6.5972
1608,[*]Nc1ccc(cc1)Cc1ccc(cc1)NC(=O)NCCCCCCNC(=O)[*],78.0,274.0,
5081,[*]N1C(=O)c2c(C1=O)cc(cc2)c1cc2c(C(=O)N(C2=O)c2cc(ccc2)C(=O)Nc2ccc(cc2)Oc2ccc(cc2)c2ccc(cc2)Oc2ccc(cc2)NC(=O)c2cc(ccc2)[*])cc1,270.0,,
3216,[*]c1[nH]c(nc1c1ccc(cc1)Oc1ccc(cc1)C(=O)c1ccc(cc1)Cc1ccc(cc1)C(=O)c1ccc(cc1)Oc1ccc(cc1)[*])c1ccccc1,231.0,,
7975,[*]OC(=O)Nc1ccc(cc1)NC(=O)OCC(C[*])CCCCCCCCCCCCOc1ccc(cc1)c1ccc(cc1)OC,,117.5,
7412,[*]NC(=O)CCCCCCC(=O)NCC[*],,260.0,
11213,[*]CCC(C)CCC(=O)N[*],,,5.8159
4916,[*]N(c1ccc(cc1)C(=O)[*])CCC,136.0,319.0,
1390,[*]NC(=O)CCC1(c2ccccc2c2ccccc12)CCC(=O)NCc1cc(ccc1)C[*],150.0,,
3645,[*]Oc1ccc(cc1)C1(CCCCCCCCCCC1)c1ccc(cc1)OC(=O)c1ccc(cc1)Oc1ccc(cc1)C1(CCC(CC1)C(C)(C)C)c1ccc(cc1)Oc1ccc(cc1)C(=O)[*],181.0,,
12026,[*]CC(C=C1)=CC=C1C(S2)=CC=C2C(S3)=CC=C3[*],,,3.2138
8265,[*]OCCCC(=O)NCc1ccc(cc1)CNC(=O)CCCCCCCC[*],,215.0,
4280,[*]Oc1ccc(cc1)OC(=O)c1c(cc(cc1)C(=O)[*])Sc1cc2c(cc1)cccc2,148.0,297.0,
10545,[*]ON(C(F)(F)F)C(F)(F)C(F)=C(F)C([*])(F)F,,,4.6645
9700,[*]OC(C)COC(=O)c1cccc(C([*])=O)c1,,,5.0391
1716,[*]c1cc2c(C(=O)N(C2=O)c2ccc(cc2)Oc2ccc(cc2)C(c2ccc(cc2)Oc2ccc(cc2)N2C(=O)c3c(C2=O)cc(cc3)C(=O)[*])(C(F)(F)F)C(F)(F)F)cc1,251.0,,
5454,[*]c1cc2c(C(=O)N(C2=O)c2cc(ccc2)C(c2cc(ccc2)N2C(=O)c3c(C2=O)cc(cc3)C([*])(C(F)(F)F)C(F)(F)F)O[Si](O[Si](O[Si](C)(C)C)(C)C)(C)C)cc1,236.5,,
10639,[*]CC(O)COc1ccc(C(C)(C)c2ccc(OCC(O)COc3cccc(O[*])c3)cc2)cc1,,,4.725
6557,[*]S(=O)(=O)c1ccc(cc1)N=CNc1ccc(cc1)[*],163.0,261.0,
2769,[*]C1C(=CC)CC(C1)C=C[*],118.43,,
3038,[*]Oc1cc(c(cc1)CCc1ccc(cc1)OCCCCCC[*])C,17.9,,
2100,[*]c1c2c(c(cc1)CC[*])cccc2,160.0,,
8424,[*]Oc1cc(ccc1)C(=O)NNC(=O)c1cc(ccc1)C(=O)NNC(=O)CCCCC[*],,244.5,
8872,[*]c1cncc(c1)C(=O)NCCCCCCCCNC(=O)[*],,214.0,
381,[*]C(C[*])(C(=O)OCCCl)C,62.0,,
7521,[*]NC(=O)c1cc(ccc1)C(=O)NCc1ccc(cc1)C[*],,280.0,
8715,[*]SC[*],,240.625,
1037,[*]SC(C[*])C,-45.29,49.33333333,
2797,[*]Oc1ccc(cc1)C(=O)c1ccc(cc1)OCC(C[*])O,130.0,,
2964,[*]Oc1ccc(cc1)C(c1ccc(cc1)Oc1ccc(cc1)C(=O)c1c2c(ccc1)cccc2C(=O)c1ccc(cc1)[*])(C(F)(F)F)C(F)(F)F,213.0,,
3862,[*]c1nc2c([nH]1)ccc(c2)NC(=O)c1ccc(cc1)OCCOCCOCCOCCOc1ccc(cc1)C(=O)Nc1cc(ccc1)[*],155.0,,
3688,[*]O[Si](O[Si](OC(CCCCC([*])C)C)(C)C)(C)C,-87.0,,
7770,[*]OC(=O)CCCCC(=O)OCc1ccc(cc1)C[*],,67.0,
723,[*]Oc1ccc(cc1)CC(Cc1ccc(cc1)[*])(c1ccccc1)C#N,143.0,,
11289,[*]Nc1ccc(NC(=O)c2ccc(C([*])=O)cc2F)cc1F,,,3.5151
12115,[*]CNCC(=O)[*],,,4.7515
10474,[*]CCCCCCC(Cl)C([*])Cl,,,6.8762
2809,[*]Oc1cc(ccc1)NC(=O)c1ccc(cc1)C(=O)Nc1ccc(cc1)[*],280.0,408.0,
8399,[*]Oc1c(cc(cc1)c1cc(c(cc1)OC(=O)c1cc2c(cc1)cc(cc2)C(=O)[*])c1ccccc1)c1ccccc1,,403.0,
5226,[*]N1C(=O)c2c(C1=O)cc(cc2)[Si](O[Si](c1cc2c(C(=O)N(C2=O)c2ccc(cc2)Cc2ccc(cc2)[*])cc1)(C)C)(C)C,232.0,,
6497,[*]OC(COC(=O)[*])COC(C)(C)C,11.0,141.0,
6068,[*]N1C(=O)c2c(C1=O)c(ccc2)Oc1c(cc(cc1C)Cc1cc(c(c(c1)C)Oc1c2c(C(=O)N(C2=O)c2c(cc(cc2)Oc2ccc(cc2)Oc2cc(c(cc2)[*])C)C)ccc1)C)C,238.0,,
2369,[*]C(C[*])(CC(=O)OCCCCCCCC)C(=O)OCCCCCCCC,-32.33,,
12424,[*]C([2H])([2H])C([*])([2H])C([2H])=C([2H])[2H],,,5.9833
9345,[*]Oc1ccc(C(=O)OCCOC(=O)c2ccc([*])cc2)cc1,,,3.8209
5453,[*]c1cc2c(C(=O)N(C2=O)c2cc(ccc2)C(c2cc(ccc2)N2C(=O)c3c(C2=O)cc(cc3)C([*])(C(F)(F)F)C(F)(F)F)O)cc1,236.5,,
2207,[*]C(C[*])c1c(ccc(c1)c1ccc(cc1)C(=O)OC(CCCCCC)C)c1ccc(cc1)C(=O)OC(CCCCCC)C,102.0,,
11425,[*]CCCCOC(=O)NCCCCNC(=O)O[*],,,6.3043
1704,[*]c1cc2c(C(=O)N(C2=O)c2ccc(cc2)Sc2ccc(cc2)N2C(=O)c3c(C2=O)cc(cc3)C(=O)[*])cc1,276.0,,
8199,[*]OC(COC(=O)CCC(=O)[*])C,,-2.0,
5975,[*]C1C(=O)N(C(=O)C1[*])c1ccc(cc1)O[Si](C)(C)C,172.0,,
7326,[*]NC(=O)C(=O)NCCCCNC(=O)CCCCC(=O)NCCCC[*],,325.0,
9907,[*]CCCNC(=O)CCC=CCCC(=O)N[*],,,5.7523
1780,[*]c1cc2c(nc(c(n2)c2ccc(cc2)N2C(=O)c3c(C2=O)cc(cc3)C(=O)c2cc3c(C(=O)N(C3=O)c3ccc(cc3)c3c(nc4c(n3)cc(cc4)C(=O)[*])c3ccccc3)cc2)c2ccccc2)cc1,255.0,,
8375,[*]Oc1c(cc(cc1)C=Nc1ccc(cc1)N=Cc1cc(c(cc1)OC(=O)CCCCC(=O)[*])OC)OC,,152.25,
1722,[*]N1C(=O)c2c(C1=O)cc(cc2)Oc1ccc(cc1)c1ccc(cc1)Oc1cc2c(C(=O)N(C2=O)c2ccc(cc2)Oc2cc(ccc2)Oc2ccc(cc2)[*])cc1,205.0,343.0,
9369,[*]C(=O)COCC(=O)N1CCN([*])CC1,,,5.5847
6585,[*]c1ccc2n(c3c(c2c1)cc(cc3)c1ccc2n(c3c(c2c1)cc(cc3)C=Cc1ccc(cc1)c1n(c(nn1)c1ccc(cc1)C=C[*])c1ccccc1)CCCCCCCC)CCCCCCCC,157.0,,
3910,[*]C1COC2C1OCC2OC(=O)OCCCCCCCCCCOC(=O)O[*],6.5,,
6976,[*]C(C[*])(C(=O)C)C,,227.5,
5726,[*]N1C(=O)c2c(C1=O)cc(cc2)Oc1cc2c(C(=O)N(C2=O)c2cc(ccc2)P(=O)(c2cc(ccc2)[*])c2ccc(cc2)C(F)(F)F)cc1,248.0,,
2162,[*]C(C(CCCC[*])c1ccc(cc1)O)c1c(cc(cc1)O)C,25.0,,
10772,[*]Oc1ccc2cc(Oc3ccc(C(=O)c4ccc([*])cc4)cc3)ccc2c1,,,3.634
7649,[*]Nc1ccc(cc1)Cc1ccc(cc1)NC(=O)NCCNC(=O)[*],,277.5,
2479,[*]C(C[*])(C(=O)Oc1ccc(cc1)C(=O)Oc1ccc(cc1)OC)C,77.0,137.0,
10790,[*]OC(=O)OCC(OC)C(COC(=O)OC1COC2C([*])COC12)OC,,,6.3606
11032,[*]OC(C)CCOC(=O)CC([*])=O,,,6.8752
3943,[*]c1oc(nn1)c1ccc(cc1)Oc1cc(ccc1)NC(=O)c1cc(cc(c1)NC(=O)c1ccc(cc1)OC(=O)C)C(=O)Nc1cc(ccc1)Oc1ccc(cc1)[*],270.0,,
11632,[*]C(=O)Nc1cccc(NC(=O)c2ccc3c(c2)C(=O)N(c2cccc(N4C(=O)c5ccc([*])cc5C4=O)c2)C3=O)n1,,,3.2959
5389,[*]c1cc2c(C(=O)N(C2=O)c2c(cc(cc2)C(c2cc(c(cc2)C)N2C(=O)c3c(C2=O)cc(cc3)C([*])(C(F)(F)F)C(F)(F)F)(C(F)(F)F)C(F)(F)F)C)cc1,266.0,,
6561,[*]N(c1ccc(cc1)c1ccc(cc1)N(c1ccc(cc1)C(c1ccc(cc1)[*])c1ccccc1)c1ccc(cc1)C)c1ccc(cc1)C,239.0,,
9064,[*]n1c(=O)c2cc3c(cc2c1=O)c(=O)n(c3=O)CCCCCCCCCCC[*],,292.0,
6111,[*]N1C(=O)C2C3C4C(C(C2C1=O)C=C3)C(=O)N(C4=O)c1ccc(cc1)Sc1cc2c(C(=O)N(C2=O)CCc2ccccc2)cc1Sc1ccc(cc1)[*],258.0,,
6683,[*]O[Si](CCCCCC[Si]([*])(C)C)(C)C,-90.0,,
6794,[*]OS(=O)(=O)c1cc(ccc1)S(=O)(=O)Oc1ccc(cc1)C(c1ccc(cc1)[*])(CC)C,136.5,,
3782,[*]Oc1ccc(cc1)Oc1ccc(cc1)C=NCCN=Cc1ccc(cc1)[*],101.0,,
3784,[*]Oc1ccc(cc1)Oc1ccc(cc1)C=NCCCCCCN=Cc1ccc(cc1)[*],111.0,,
10782,[*]OP(=O)(Oc1ccc([*])cc1)OC1CCCCC1,,,5.2577
1943,[*]c1nc2cc3c(cc2nc1c1ccccc1)nc(c(n3)c1ccccc1)c1cc(ccc1)[*],365.0,,
3625,[*]C1OC(C(C(C1O)O)O)OC[*],183.0,,
9570,[*]OC(C)CCOC(=O)CCCCSCCCCC([*])=O,,,5.3678
10720,[*]c1cccc(-n2nc(-c3ccccc3)c3cc(Oc4ccc5c(-c6ccccc6)nn([*])c(=O)c5c4)ccc3c2=O)c1C#N,,,3.4916
372,[*]C(C[*])(C(=O)OC1CCCCC1)C,89.76,,
7578,[*]NNC(=O)C(=O)[*],,380.0,
2027,[*][Si](C[*])(CCCOCCOCCOC)C,-73.3,,
6127,[*]c1cc2c(C(=O)N(C2=O)c2ccc(cc2)Oc2c(c(ccc2)Oc2ccc(cc2)N2C(=O)c3c(C2=O)cc(cc3)C(=O)[*])C#N)cc1,245.0,,
1954,[*]N1C(=O)C(CC1=O)CC[*],121.0,,
8067,[*]OC(=O)c1ccc(cc1)C(=O)NCCCNC(=O)c1ccc(cc1)C(=O)OCCCCC[*],,235.0,
10748,[*]Oc1ccc(Oc2ccc(NC(=C(C#N)C#N)c3cccc(C(Nc4ccc([*])cc4)=C(C#N)C#N)c3)cc2)cc1,,,2.6924
3098,[*]OCC(C[*])(CS(=O)(=O)C(C)C)CS(=O)(=O)C(C)C,91.0,,
9102,[*]CC([*])c1cccc(C)c1,,,5.185
4711,[*]Nc1cc(ccc1)C#Cc1ccc(cc1)NC(=O)c1cc(ccc1)C(=O)[*],268.0,,
10424,[*]C=CCCCCCCC(Cl)CCCCCC[*],,,5.9562
2486,[*]C(C[*])(C(=O)OCCCCOc1ccc(cc1)OC(=O)c1ccc(cc1)OC)C,57.0,,
7601,[*]NNC(=O)c1cc(ccc1)C(=O)NNC(=O)CCCCC(=O)[*],,290.0,
6176,[*]N1C(=O)c2c(C1=O)cc(cc2)Oc1ccc(cc1)C1(c2ccccc2c2ccccc12)c1ccc(cc1)Oc1cc2c(C(=O)N(C2=O)c2ccc(cc2)N(c2ccc(cc2)[*])c2ccc(cc2)C#N)cc1,279.0,,
5051,[*]N1C(=O)c2c(C1=O)cc(cc2)C(=O)Oc1ccc(cc1)c1ccc(cc1)OC(=O)CCCC[*],123.0,409.0,
4987,[*]OC(=O)Nc1c(ccc(c1)NC(=O)OCCN(CC[*])c1ccc(cc1)N=Nc1c(cc(c(c1)OC)N=Nc1ccc(cc1)[N+](=O)[O-])OC)C,150.0,,
7889,[*]OC(=O)N(c1c(ccc(c1)N(C(=O)OCC[*])C)C)C,,121.0,
2986,[*]c1cc2c(oc(n2)c2ccc(cc2)C(c2ccc(cc2)c2oc3c(n2)cc(cc3)C([*])(C(F)(F)F)C(F)(F)F)(c2ccccc2)C(F)(F)F)cc1,310.0,,
11444,[*]C(=O)Nc1ccc(S(=O)(=O)c2ccc(NC(=O)c3ccc4c(c3)C(=O)N(c3ccc(Oc5ccc(N6C(=O)c7ccc([*])cc7C6=O)cc5)cc3)C4=O)cc2)cc1,,,2.6835
7140,[*]C=CC=CCC[*],,250.0,4.3008
7174,[*]N(C(=O)CCCCCCCCCCCCCCCCC(=O)N(Cc1ccc(cc1)C[*])C)C,,80.0,
11239,[*]C(=O)NNC(=O)c1cnc([*])cn1,,,3.0611
11793,[*]CCN([*])C(=O)c1ccc(OC)cc1,,,5.0115
5618,[*]c1cc2c(C(=O)N(C2=O)c2ccc(cc2)S(=O)(=O)c2ccc(cc2)NC(=O)c2cc(ccc2)C(=O)Nc2ccc(cc2)S(=O)(=O)c2ccc(cc2)N2C(=O)c3c(C2=O)cc(cc3)C(=O)[*])cc1,226.0,,
6216,[*]c1cc2c(C(=O)N(C2=O)c2ccc(cc2)Oc2c(cc(cc2C(C)(C)C)c2ccc(cc2)N2C(=O)c3c(C2=O)cc(cc3)C([*])(C(F)(F)F)C(F)(F)F)C(C)(C)C)cc1,355.0,,
5573,[*]N1C(=O)c2c(C1=O)cc(cc2)c1cc2c(C(=O)N(C2=O)c2cc(c(c(c2)C(=O)OCCCCCC)c2c(cc(cc2Br)[*])C(=O)OCCCCCC)Br)cc1,154.0,,
5077,[*]N1C(=O)c2c(C1=O)cc(cc2)c1cc2c(C(=O)N(C2=O)c2ccc(cc2)C(=O)Nc2ccc(cc2)Oc2ccc(cc2)S(=O)(=O)c2ccc(cc2)Oc2ccc(cc2)NC(=O)c2ccc(cc2)[*])cc1,258.0,,
11614,[*]c1ccc(N2C(=O)c3ccc(C(=O)c4ccc5c(c4)C(=O)N(c4ccc6[nH]c([*])nc6c4)C5=O)cc3C2=O)cc1,,,2.4444
5945,[*]c1cc2c(C(=O)N(C2=O)c2cc(c(cc2)c2c(cc(cc2)N2C(=O)c3c(C2=O)cc(cc3)C(=O)Oc2ccc(cc2)C2(C3CC4CC(CC2C4)C3)c2ccc(cc2)OC(=O)[*])C)C)cc1,222.0,,
7287,[*]N1CCN(CC1)C(=O)Oc1ccc(cc1)OC(=O)[*],,375.0,
2102,[*]c1ccc(cc1)C=C[*],230.0,214.5,
9406,[*]c1ccc(Oc2ccc(-c3cnc4ccc(-c5ccc6ncc([*])nc6c5)cc4n3)cc2)cc1,,,3.2298
7213,[*]N(CCC[*])C=O,,121.0,
3424,[*]Oc1ccc(cc1)S(=O)(=O)c1ccc(cc1)Oc1ccc(cc1)NC(=O)c1c(cc(cc1)c1cc(c(cc1)C(=O)Nc1ccc(cc1)[*])C)C,251.0,,
10316,[*]c1ccc(C(Cl)(Cl)C([*])Cl)cc1,,,4.7794
9641,[*]CCCCCOC(=O)c1cccc(C(=O)O[*])c1,,,5.0521
9180,[*]CC([*])C(=O)OCC,,,6.2551
11168,[*]Oc1ccc(-c2ccc(N=Nc3ccc(C([*])=O)cc3)cc2)cc1,,,3.5627
4826,[*]NC(=O)CCCCCCCCCCCCCCC(=O)NCCCCCC[*],40.0,206.0,
12429,[*]CCN[Si](C)(C)N[*],,,4.8016
4217,[*]c1ccc2N(c3c(Sc2c1)cc(cc3)c1sc(cc1)c1sc(cc1)c1ccc2N(c3c(Sc2c1)cc(cc3)C=C[*])c1ccc(cc1)OCCCCCCCCCCCC)c1ccc(cc1)OCCCCCCCCCCCC,115.8,,
9279,[*]CC(O[*])C(F)(F)F,,,6.7566
5553,[*]c1cc2c(C(=O)N(C2=O)c2cc(c(cc2)Oc2ccc(cc2)C(c2ccc(cc2)Oc2c(cc(cc2)N2C(=O)c3c(C2=O)cc(cc3)C([*])(C(F)(F)F)C(F)(F)F)C(F)(F)F)(C(F)(F)F)C(F)(F)F)C(F)(F)F)cc1,234.0,,
5509,[*]c1cc2c(C(=O)N(C2=O)c2ccc(cc2)NC(=O)C(C(C(C(C(C(C(=O)Nc2ccc(cc2)N2C(=O)c3c(C2=O)cc(cc3)C([*])(C(F)(F)F)C(F)(F)F)(F)F)(F)F)(F)F)(F)F)(F)F)(F)F)cc1,265.0,,
3146,[*]c1n(c(nn1)c1ccc(cc1)Oc1ccc(cc1)C(c1ccc(cc1)Oc1ccc(cc1)[*])(C(F)(F)F)C(F)(F)F)c1ccc(cc1)S(=O)(=O)c1ccccc1,211.0,,
2617,[*]C(C[*])(CC(=O)OCCCCl)C(=O)OCCCCl,47.0,,
9263,[*]C=CC(C)C[*],,,5.7207
9459,[*]CCOCCOCCOC(=O)CCC(=O)O[*],,,6.2323
1563,[*]OC(=O)NCc1ccc(cc1)CNC(=O)OCCCCCCCCCCCC[*],45.0,178.0,
2009,[*]O[Si](O[Si](O[Si](O[Si](O[Si](c1ccc(cc1)[Si]([*])(C)C)(C)C)(C)C)(C)C)(C)C)(C)C,-80.0,,
10548,[*]COC1CCC([*])OC1,,,5.6324
7093,[*]C1(c2c(C(=O)O1)cccc2)c1cc(c(c(c1)I)OC(=O)c1cc(ccc1)C(=O)Oc1c(cc(cc1I)[*])I)I,,400.0,
5696,[*]N1C(=O)c2c(C1=O)cc(cc2)c1cc2c(C(=O)N(C2=O)c2cc(ccc2)OCCCCCCCCCCOc2cc(ccc2)[*])cc1,125.0,,
9918,[*]CC1CCC(CNC(=O)CCCCCCC(=O)N[*])CC1,,,5.8707
8083,[*]OC(=O)c1ccc(cc1)C(=O)NCNC(=O)c1ccc(cc1)C(=O)[*],,327.5,
4390,[*]Oc1ccc(cc1)C(c1ccc(cc1)OC(=O)c1ccc(cc1)C(c1ccc(cc1)C(=O)[*])(C(F)(F)F)C(F)(F)F)(C)C,124.0,,
7304,[*]N=C(C(C(C(C(C(C(C(C(C(=N)[*])(F)F)(F)F)(F)F)(F)F)(F)F)(F)F)(F)F)(F)F)N,,142.0,
9517,[*]CCc1ccc([*])o1,,,4.9056
3525,[*]Oc1c(c(cc(c1)Cl)Cl)[*],165.0,,
1961,[*]c1nc(nc(n1)N(CCCCCCN([*])C)C)c1ccccc1,57.0,,
12210,[*]NC(=O)NC(=O)[*],,,3.9005
10317,[*]c1cccc(C(F)(F)C(F)(F)C([*])(F)F)c1,,,5.5439
7184,[*]N(C(=O)c1ccc(cc1)C(=O)N(CCCCCC[*])CC)CC,,182.0,
11869,[*]Nc1ccc([*])nc1,,,3.2295
1076,[*]c1sc(cc1)C(=C([*])OC)OC,91.0,154.0,
3878,[*]C1COC2C1OCC2Oc1ccc(cc1)CNC(=O)c1cc(ccc1)C(=O)NCc1ccc(cc1)O[*],83.0,215.0,
6027,[*]N1C(=O)c2c(C1=O)cc(cc2)Oc1c(cccc1)Oc1cc2c(C(=O)N(C2=O)c2cc(c(cc2)Oc2ccc(cc2)C(c2ccc(cc2)Oc2c(cc(cc2)[*])C(F)(F)F)(C)C)C(F)(F)F)cc1,192.0,,
6373,[*]Nc1cc(ccc1)NC(=O)c1cc(ccc1)C(=O)Nc1cc(ccc1)NC(=S)NC(=O)c1ccc(cc1)C(=O)NC(=S)[*],248.0,,
2564,[*]C(C[*])(C(=O)OCc1c(cc(cc1)F)F)C,46.0,,
638,[*]Oc1ccc(cc1)NC(=O)c1ccc(cc1)C(=O)Nc1ccc(cc1)[*],184.75,505.0,
4257,[*]OC(=O)c1ccc(cc1)C(=O)OCC1CC(CC(C1)C(C)(C)C)C[*],118.0,192.5,
6208,[*]c1cc2c(C(=O)N(C2=O)c2cc(cc(c2)OCCCCCCCC)N2C(=O)c3c(C2=O)cc(cc3)C(=O)[*])cc1,195.0,,
761,[*]Oc1ccc(cc1)Oc1ccc(cc1)C(=O)c1ccc(cc1)[*],150.4,345.061497,
4044,[*]Oc1ccc(cc1)C1(CC2C(CC1)CCCC2)c1ccc(cc1)Oc1ccc(cc1)C(=O)c1ccc(cc1)[*],214.0,,
5741,[*]c1cc2c(C(=O)N(C2=O)c2ccc(cc2)Oc2ccc(cc2)C2(C3C4C(CCC4)C(C2)C3)c2ccc(cc2)Oc2ccc(cc2)N2C(=O)c3c(C2=O)cc(cc3)C(=O)Nc2ccc(cc2)Oc2c(cc(cc2C)C(c2cc(c(c(c2)C)Oc2ccc(cc2)NC(=O)[*])C)(C)C)C)cc1,276.0,,
5698,[*]N1C(=O)c2c(C1=O)cc(cc2)c1cc2c(C(=O)N(C2=O)c2ccc(cc2)OCCCCCCCCCCOc2ccc(cc2)[*])cc1,153.0,,
1690,[*]N1C(=O)c2c(C1=O)cc(cc2)C(=O)c1cc2c(C(=O)N(C2=O)CCCCCC[*])cc1,127.0,,
9409,[*]c1ccc(Oc2ccc(-c3nc4cc(-c5ccc6nc(-c7ccccc7)c([*])nc6c5)ccc4nc3-c3ccccc3)cc2)cc1,,,3.1231
359,[*]C(C[*])(C(=O)OC)C,103.23,155.4744828,
1067,[*]SSSCc1ccc(cc1)C[*],8.0,160.0,
6130,[*]c1cnc(s1)N1C(=O)c2c(C1=O)cc(cc2)Oc1cc2c(C(=O)N(C2=O)c2ccc(cc2)Oc2ccc(cc2)[*])cc1,300.0,,
5327,[*]c1cc2c(C(=O)N(C2=O)c2cc(cc(c2)C(F)(F)F)N2C(=O)c3c(C2=O)cc(cc3)C(=O)[*])cc1,276.75,,
11763,[*]Nc1cc([*])ccc1CCCCCC,,,4.1073
6247,[*]c1cc2c(C(=O)N(C2=O)c2c(cc(cc2C)Cc2cc(c(c(c2)C)N2C(=O)c3c(C2=O)cc(cc3)C(=O)OCCN(CCOC(=O)[*])c2ccccc2)C)C)cc1,177.0,,
11978,[*]C(S1)=CC=C1C(S2)=CC=C2C(S3)=CC=C3C(=S)[*],,,1.4924
4168,[*]c1sc(cc1CC(=O)OCCCCCCOc1ccc(cc1)N=Nc1ccc(cc1)C#N)[*],64.0,,
7068,[*]C(C[*])OCCC(C(C(C(C(C(C(C(F)(F)F)(F)F)(F)F)(F)F)(F)F)(F)F)(F)F)(F)F,,29.5,
10602,[*]CC#CC#CCOc1ccc(C(C)(C)c2ccc(O[*])cc2)cc1,,,4.3962
4679,[*]OC(=O)NNC(=O)CCCCCCCCC(=O)NNC(=O)OCCCCCCCCCC[*],34.0,,
1240,[*]Oc1ccc(cc1)C(c1ccc(cc1)OC(=O)c1ccc(cc1)C(c1ccc(cc1)C(=O)[*])(CC)C)(C)C,207.5,,
2267,[*]C=CC(C[*])COCC(=O)OCCCCCCCCOc1ccc(cc1)C=Cc1ccc(cc1)[N+](=O)[O-],19.6,,
6135,[*]N1C(=O)c2c(C1=O)cc(cc2)Oc1cc2c(C(=O)N(C2=O)c2cc(c(cc2)Oc2ccc(cc2)C(=O)c2nc(ccc2)C(=O)c2ccc(cc2)Oc2c(cc(cc2)[*])C(F)(F)F)C(F)(F)F)cc1,212.2,,
1001,[*]Oc1ccc(cc1)C(c1cc(ccc1)C(c1ccc(cc1)Oc1ccc(cc1)C(=O)Nc1ccc(cc1)NC(=O)c1ccc(cc1)[*])(C)C)(C)C,154.0,,
3796,[*]OP(=O)(Oc1c2c(ccc1)c(ccc2)[*])Oc1ccccc1,138.0,,
9546,[*]CCc1ccc(Cc2ccc(CCS[*])cc2)cc1,,,4.9003
11634,[*]CCCCCCOC(=O)SC(=O)O[*],,,5.9655
7860,[*]OC(=O)CCSCCSCCC(=O)[*],,75.0,
12275,[*]C(F)(F)CC(F)(F)C(S1)=CC=C1[*],,,5.0751
2441,[*]C(C[*])C(=O)OCCn1c2ccccc2c2ccccc12,105.27,,
7090,[*]C1(c2c(C(=O)O1)c(c(c(c2Cl)Cl)Cl)Cl)c1ccc(cc1)OC(=O)c1cc(ccc1)C(=O)Oc1ccc(cc1)[*],,360.0,
10901,[*]c1cc(CCCCCCCCCCCCCCCCCCCCCC)c([*])s1,,,2.9666
5296,[*]N1C(=O)c2c(C1=O)cc(cc2)Oc1cc2c(C(=O)N(C2=O)CCCCCCCCCCC[*])cc1,74.0,,
5575,[*]C1C(=O)N(C(=O)C1C(C[*])c1ccccc1)CCCCCCCCCCCC,70.0,,
7297,[*]N1CCN(CC1)CCC(=O)Oc1ccc(cc1)C(c1ccc(cc1)OC(=O)CC[*])(C)C,,145.0,
10775,[*]Oc1ccc(SSc2ccc([*])cc2)cc1,,,3.8889
1363,[*]NC(=O)C(=CC(=O)NCCCCCCCCCC[*])C,74.0,166.0,
2706,[*]C(C[*])(C(=O)OCCCCCCN1CCN(CC1)c1ccc(cc1)N=Nc1ccc(cc1)C#N)C,77.0,114.0,
3565,[*]c1nc(nc(c1c1ccc(cc1)OC)OCCOC(=O)CCCC(=O)OCCO[*])c1ccc(cc1)OCCCC,46.0,,
398,[*]C(C[*])C(=O)OCC(C(C(C(F)F)(F)F)(F)F)(F)F,-35.0,,
9275,[*]CO[*],,,6.6048
4523,[*]OC(=O)c1cc(cc(c1)OCCN(c1ccc(cc1)S(=O)(=O)C(C(C(C(C(C(C(C(F)(F)F)(F)F)(F)F)(F)F)(F)F)(F)F)(F)F)(F)F)C)C(=O)OCCN(CC[*])c1ccc(cc1)S(=O)(=O)C(C(C(C(C(C(C(C(F)(F)F)(F)F)(F)F)(F)F)(F)F)(F)F)(F)F)(F)F,83.0,,
2404,[*]C(C[*])C(=O)OCCCCCCOC(=O)c1ccc(cc1)OC(=O)c1ccc(cc1)C#N,30.0,,
10683,[*]Oc1ccc(SC(=O)Sc2ccc([*])cc2)cc1,,,4.2573
9431,[*]CC(C)(C)COC(=O)NCCOCCOCCNC(=O)O[*],,,5.7915
8101,[*]OC(=O)c1ccc(cc1)C(=O)OCCNC(=O)CCCCC[*],,65.25,
3986,[*]Oc1cc2c(cc1)cc(cc2)Oc1ccc(cc1)S(=O)(=O)c1ccc(cc1)[*],231.0,,
869,[*]Oc1ccc(cc1)C(=O)c1cc(ccc1)C(=O)c1ccc(cc1)[*],139.0,295.0,
2286,[*]C(=C([*])c1ccccc1)c1ccc(cc1)CCCC,200.0,,
1463,[*]Nc1ccc(cc1)NC(=O)CCCCCCCCC(=O)[*],125.0,326.5,
4640,[*]OC(=O)c1ccc(cc1)C(=O)OCCN(CC[*])c1ccc(cc1)N=Nc1ccc(cc1)c1nc2c(n1CC)cc(cc2)[N+](=O)[O-],149.0,,
2385,[*]C(C[*])(C(=O)OCCCCCCOc1ccc(cc1)C(=O)Oc1ccc(cc1)OC)C,40.8,,
12366,[*]C1=CC(C)C(C(=O)C(=O)C2CC3C([*])CC3(O)C2=O)C(=O)N1C,,,2.7097
4633,[*]Oc1c(cc(cc1)OC(=O)c1ccc(cc1)C(=O)[*])C(F)(F)F,158.13,348.0,
10795,[*]Oc1cccc(C(=O)Nc2ccc(S(=O)(=O)c3ccc(NC(=O)c4cccc(Oc5nc([*])nc(Sc6ccccc6)n5)c4)cc3)cc2)c1,,,3.9202
5147,[*]c1cc2c(C(=O)N(C2=O)c2ccc(cc2)Oc2ccc(cc2)N2C(=O)c3c(C2=O)cc(cc3)C(=O)c2ccc(cc2)Oc2ccc(cc2)Oc2ccc(cc2)C(=O)[*])cc1,220.0,,
3322,[*]Oc1ccc(cc1)NC(=O)c1cc(cc(c1)NC(=O)c1ccncc1)C(=O)Nc1ccc(cc1)[*],305.0,,
7828,[*]OC(=O)CCCCCCCCCCCCCCC[*],,95.5,
3084,[*]c1nc2c(c(c1)c1ccccc1)cc(cc2)Oc1cc2c(nc(cc2c2ccccc2)c2ccc(cc2)C2(c3ccccc3c3ccccc23)c2ccc(cc2)[*])cc1,310.0,,
10852,[*]c1cc2cc([*])sc2s1,,,3.3358
10011,[*]Nc1ccc(NC(=O)CCCCCCCC([*])=O)cc1,,,4.5152
4059,[*]c1oc(nn1)c1ccc(cc1)Oc1c2c(ccc1)c(ccc2)NC(=O)c1ccc(cc1)[Si](c1ccc(cc1)C(=O)Nc1c2c(ccc1)c(ccc2)Oc1ccc(cc1)[*])(c1ccccc1)c1ccccc1,275.0,,
2382,[*]C(C[*])C(=O)n1c2ccccc2c2ccccc12,47.8,186.5,
3781,[*]Oc1cc(c(cc1)S(=O)(=O)c1c(cc(cc1)Oc1c(cc(cc1C)C(c1cc(c(c(c1)C)[*])C)(C(F)(F)F)C(F)(F)F)C)[Si](C)(C)C)[Si](C)(C)C,197.0,,
5537,[*]c1cc2c(C(=O)N(C2=O)c2ccc(cc2)C(=O)OCCOC(=O)[*])cc1,280.0,360.0,
244,[*]C(C[*])OC(=O)c1c(cccc1)OC(=O)C,59.5,,
6003,[*]c1cc2c(C(=O)N(C2=O)c2ccc(cc2)NC(=O)Nc2ccc(cc2)N2C(=O)c3c(C2=O)cc(cc3)C(=O)Nc2ccc(cc2)NC(=O)Nc2ccc(cc2)NC(=O)[*])cc1,208.0,,
11476,[*]CC(C)(C)C1C(=O)N(c2ccccc2C)C(=O)C1[*],,,4.8214
6365,[*]c1cc2c(C(=O)N(C2=O)c2c(c(cc(c2)C(F)(F)F)N2C(=O)c3c(C2=O)cc(cc3)C(=O)Nc2cc(c(cc2)Oc2c(cc(cc2)NC(=O)[*])c2ccccc2)c2ccccc2)Oc2ccc(cc2)C(F)(F)F)cc1,312.0,,
10102,[*]CCOC(=O)Nc1ccc(C(C)(C)c2ccc(NC(=O)O[*])cc2)cc1,,,4.7807
8705,[*]SC(=O)Nc1ccc(cc1)Cc1ccc(cc1)NC(=O)SCCCCCC[*],,229.0,
11692,[*]OC(COC([*])=O)COC(C)(C)C,,,6.0333
5605,[*]c1cc2c(C(=O)N(C2=O)C2CC(CC(C2)(CN2C(=O)c3c(C2=O)cc(cc3)C([*])(C(F)(F)F)C(F)(F)F)C)(C)C)cc1,278.0,,
555,[*]C(CC(C[*])(F)F)(C(F)(F)F)C(F)(F)F,132.0,327.0,
994,[*]Oc1cc(ccc1)NC(=O)c1ccc(cc1)Oc1ccc(cc1)C(c1ccc(cc1)C(c1ccc(cc1)Oc1ccc(cc1)C(=O)Nc1ccc(cc1)[*])(C)C)(C)C,168.0,,
12344,[*]n1nc(-n2c(=O)c3cc4c(=O)n([*])c(=O)c4cc3c2=O)c2ccccc2c1=O,,,2.9967
1507,[*]Oc1ccc(cc1)NC(=O)c1cc(cc(c1)S(=O)(=O)c1ccccc1)C(=O)Nc1ccc(cc1)[*],279.0,,
8877,[*]c1n(c(nn1)CC[*])N,,360.0,
5792,[*]N1C(=O)c2c(C1=O)cc(cc2)Oc1ccc(cc1)C1(CCC(CC1)c1ccccc1)c1ccc(cc1)Oc1cc2c(C(=O)N(C2=O)c2ccc(cc2)Oc2ccc(cc2)[*])cc1,236.0,,
8238,[*]OCC(C[*])(COCC)COCC,,88.76923077,
991,[*]Oc1ccc(cc1)C(c1ccc(cc1)C(c1ccc(cc1)Oc1ccc(cc1)C(=O)Nc1ccc(cc1)NC(=O)c1ccc(cc1)[*])(C)C)(C)C,163.0,,
6338,[*]N1C(=O)c2c(C1=O)cc(cc2)Oc1c2c(ccc1)c(ccc2)Oc1cc2c(C(=O)N(C2=O)c2ccc(cc2)Oc2ccc(cc2)S(=O)(=O)c2ccc(cc2)Oc2ccc(cc2)[*])cc1,201.0,,
2543,[*]C(C[*])(C(=O)OCc1ccc2n(c3c(c2c1)cccc3)CCCCCCCCCC)C,29.0,,
998,[*]Oc1ccc(cc1)NC(=O)c1ccc(cc1)Oc1ccc(cc1)C(c1ccc(cc1)C(c1ccc(cc1)Oc1ccc(cc1)C(=O)Nc1ccc(cc1)Oc1ccc(cc1)c1ccc(cc1)[*])(C)C)(C)C,177.0,,
7776,[*]OC(=O)CCCCCC(=O)OCCCCCC[*],,51.75,
10261,[*]Oc1ccc2ccc(OC(=O)Oc3ccc(OC([*])=O)cc3)cc2c1,,,4.3295
4239,[*]Oc1ccc(cc1)C1(c2ccccc2c2ccccc12)c1ccc(cc1)OC(=O)CCCCCCC(=O)[*],158.0,,
8605,[*]Oc1ccc(cc1)Oc1ccc(cc1)OC(=O)c1ccc(cc1)Oc1ccc(cc1)C(=O)[*],,340.0,
3062,[*]OC(C[*])CSCCC,-61.0,,
8792,[*][Si](c1ccc(cc1)[*])(C)C,,197.0,
8373,[*]Oc1c(cc(cc1)C=Nc1c2c(ccc1)c(ccc2)N=Cc1cc(c(cc1)OC(=O)c1cc(ccc1)C(=O)[*])OC)OC,,210.0,
6562,[*]S(=O)(=O)c1cc(ccc1)N/C=C\C(=O)c1cc(ccc1)C(=O)/C=C\Nc1cc(ccc1)[*],215.0,,
2139,[*]C(C[*])c1cc(ccc1)OC(=O)C,76.0,,
4733,[*]NC(=O)C(C(C(=O)NCCC[*])OC)OC,123.0,254.2,
4962,[*]OC(=O)NC1CC(CC(C1)(CNC(=O)OCCN(CC[*])c1ccc(cc1)N=Nc1ccc(cc1)B(c1c(cc(cc1C)C)C)c1c(cc(cc1C)C)C)C)(C)C,146.0,,
8772,[*][NH+]1C(C=C(C=C1c1ccccc1)c1ccc(cc1)C1=CC([NH+](C(=C1)c1ccccc1)CCOCC[*])c1ccccc1)c1ccccc1,,167.0,
4821,[*]Nc1ccc(cc1)NC(=O)c1c(cc(cc1)C(c1cc(c(cc1)C(=O)[*])C(=O)OCC)(C(F)(F)F)C(F)(F)F)C(=O)OCC,270.0,,
8316,[*]OP(=O)(OCCCCCCCCCCOc1ccc(cc1)C=Cc1ccc(cc1)OCCCCCCCCCC[*])OCCCCCCCCCCOc1ccc(cc1)N=Nc1ccc(cc1)F,,120.0,
6104,[*]N1C(=O)c2c(C1=O)cc(cc2)[Si](c1cc2c(C(=O)N(C2=O)c2ccc(cc2)Oc2ccc(cc2)S(=O)(=O)c2ccc(cc2)Oc2ccc(cc2)[*])cc1)(C)C,238.0,,
11031,[*]OC(C)CCOC(=O)C([*])=O,,,5.5088
3864,[*]C1COC2C1OCC2OC(=O)CCCCC(=O)OC1COC2C1OCC2OCCCCO[*],114.0,127.5,
5825,[*]N1C(=O)c2c(C1=O)cc(cc2)C(c1cc2c(C(=O)N(C2=O)CCN(CC[*])c2ccc(cc2)N=Nc2c(cc(cc2)[N+](=O)[O-])C)cc1)(C(F)(F)F)C(F)(F)F,205.0,,
10085,[*]CC=CCOC(=O)NCCCCCCNC(=O)O[*],,,5.7218
1398,[*]NC(=O)CCCCCC(=O)NCC(CCC[*])(C)C,70.5,,
8153,[*]OC(C(C(=O)[*])(C)C)c1occc1,,180.0,
8932,[*]c1oc(cc1)C(=O)NCCCCCCNC(=O)[*],,166.6666667,
223,[*]C(C[*])SCC,-7.0,,
12342,[*]Oc1ccc(C(=Nc2ccc(N=C(c3ccccc3)c3ccc(On4c(=O)c5c(F)c6c(=O)n([*])c(=O)c6c(F)c5c4=O)cc3)cc2)c2ccccc2)cc1,,,0.9593
10294,[*]c1ccc(-n2ccc(-c3cccc(-c4ccn([*])n4)c3)n2)cc1,,,3.7316
11193,[*]NC1CCC(CC(C)(C)NC(=O)CCCCC([*])=O)CC1,,,5.8982
7755,[*]OC(=O)CCCCC(=O)OCC(C[*])(CBr)CCl,,109.5,
3116,[*]Oc1cc(c(cc1)S(=O)(=O)c1ccc(cc1)Oc1ccc(cc1)C(c1ccc(cc1)[*])(C)C)N,202.0,,
4246,[*]OC(=O)CCCCC(=O)OCC(CC(CC[*])(C)C)C,-70.0,,
5377,[*]c1c2C(=O)N(C(=O)c2c(c2ccccc12)c1ccc(cc1)Oc1ccc(cc1)S(=O)(=O)c1ccc(cc1)Oc1ccc(cc1)[*])c1c(cccc1)C(F)(F)F,290.0,,
3194,[*]c1c([nH]c(n1)c1cc(ccc1)c1[nH]c(c(n1)c1ccc(cc1)Oc1ccc(cc1)C(=O)c1cc(ccc1)C(=O)c1ccc(cc1)Oc1ccc(cc1)[*])c1ccccc1)c1ccccc1,264.5,,
9210,[*]CC([*])C(=O)OC1CCCCC1,,,6.0771
3485,[*]C1COC2C1OCC2OC(=O)c1ccc(cc1)C(=O)O[*],255.5,,
9762,[*]CC(F)(F)C(F)(F)C(F)(F)COC(=O)CC(CC(=O)O[*])C(F)(F)C(F)(F)C(F)(F)F,,,6.6602
10936,[*]c1sc([*])c2nc(C)c(C)nc12,,,2.7771
2072,[*]C(=O)CC[*],10.0,247.3863636,
6014,[*]c1cc2c(C(=O)N(C2=O)c2ccc(cc2)C(c2cc(ccc2)C(c2ccc(cc2)N2C(=O)c3c(C2=O)cc(cc3)C(=O)[*])(C)C)(C)C)cc1,309.75,,
3632,[*]O[Si](O[Si](O[Si](O[Si](O[Si](O[Si](Oc1c2ccccc2c2ccccc2c1[*])(C)C)(C)C)(C)C)(C)C)(C)C)(C)C,-68.0,,
7223,[*]N(c1ccc(cc1)Cc1ccc(cc1)N(C(=O)c1ccc(cc1)C(=O)[*])CC)CC,,180.0,
6850,[*]c1c(c(cc(c1)N=Nc1ccc(cc1)C#N)[*])O,176.0,,
1569,[*]OC(=O)Nc1ccc(cc1)Cc1ccc(cc1)NC(=O)OCC(C[*])(C)C,94.0,240.0,
8888,[*]c1nc(ccc1)C(=O)NCCCCCCCCCCNC(=O)[*],,200.0,
824,[*]c1nc2c(c(c1c1ccccc1)c1ccc(cc1)Oc1ccc(cc1)c1c(c(nc3c1cccc3)c1ccc(cc1)c1ccc(cc1)[*])c1ccccc1)cccc2,345.0,500.0,
7496,[*]NC(=O)NC(=O)NCc1c(c(cc(c1)Cc1c(c(cc(c1)Cc1c(c(cc(c1)C[*])C=O)O)C=O)O)C=O)O,,152.85,
12150,[*]C(=O)C(C=C1)=CC=C1C(S2)=CC=C2O[*],,,3.7187
8412,[*]Oc1c2c(ccc1)ccc(c2)Oc1ccc(cc1)NC(=O)c1ccc(cc1)C(=O)Nc1ccc(cc1)[*],,414.0,
6711,[*]O[Si]([*])(CCCOCC1OC(=O)OC1)C,-32.2,,
6073,[*]N1C(=O)c2c(C1=O)c(ccc2)Oc1c(cc(cc1C)c1cc(c(c(c1)C)Oc1c2c(C(=O)N(C2=O)c2c(cc(c(c2C)[*])C)C)ccc1)C)C,325.0,,
3128,[*]Oc1ccc(cc1)C=NN=Cc1ccc(cc1)Oc1ccc(cc1)C(c1ccc(cc1)[*])(C(F)(F)F)C(F)(F)F,162.0,,
4350,[*]OC(=O)CC/C=C/CCC(=O)OCCCCCCCCCC[*],-15.0,,
613,[*]OCCCCSSCCCC[*],-76.0,,
3969,[*]OC(OC(=O)c1ccc(cc1)C(=O)OC(OCC1CCC(CC1)C[*])C)C,61.0,,
9294,[*]CC(COCCCCCC)O[*],,,5.6762
3231,[*]OP(=O)(Oc1c(cc(cc1Br)C(c1cc(c(c(c1)Br)[*])Br)(C(F)(F)F)C(F)(F)F)Br)Oc1ccc(cc1)Br,152.0,,
8485,[*]Oc1ccc(cc1)C(=O)OC(=O)c1cc(ccc1)C(=O)OC(=O)c1ccc(cc1)OCCC[*],,160.0,
10125,[*]CCCCCCCCCCCCNC(=O)NCCCCCCNC(=O)N[*],,,5.7649
6811,[*]c1ccc(cc1)C(C([*])(C(=O)OC)C#N)(C(=O)OC)C#N,108.0,,
8600,[*]Oc1ccc(cc1)Oc1cc(ccc1)C(=O)Oc1ccc(cc1)c1ccc(cc1)OC(=O)c1cc(ccc1)[*],,295.0,
1664,[*]N1C(=O)c2c(C1=O)cc(cc2)Oc1cc2c(C(=O)N(C2=O)c2ccc(cc2)Oc2cc(ccc2)Oc2ccc(cc2)[*])cc1,217.0,,
3631,[*]C1OC(C(C(C1OC(=O)Nc1ccccc1)OC(=O)Nc1ccccc1)O[*])COC(=O)Nc1ccccc1,217.0,,
9498,[*]CC(C)(CC)CO[*],,,5.6322
8691,[*]SC(=O)CCCCCCC(=O)SCCCCCC[*],,121.0,
4283,[*]Oc1ccc(cc1)OC(=O)c1c(cc(cc1)C(=O)[*])Sc1ccc(cc1)C,134.0,303.0,
465,[*]C(C[*])(C(=O)OC(C(C(C(C(C(C(C(F)(F)F)(F)F)(F)F)(F)F)(F)F)(F)F)(F)F)(F)F)C,49.0,,
1124,[*]OC(=O)CCCCCCCCCC[*],-46.05,91.85,
11415,[*]Oc1ccccc1CNC(=O)Nc1ccc(Cc2ccc(NC([*])=O)cc2)cc1,,,4.6144
4153,[*]Sc1ccc(cc1)Nc1ccc(cc1)[*],145.0,,
9519,[*]Oc1cc(OC)c([*])cc1OC,,,4.0822
9286,[*]CC(C)(CCl)O[*],,,5.7953
7355,[*]NC(=O)C(C(=O)NCCCCCC[*])CCCCCCCCCCCCCCCCC,,166.0,
8056,[*]OC(=O)c1ccc(cc1)C(=O)NCCCCNC(=O)c1ccc(cc1)C(=O)OCCCCCC[*],,290.0,
8615,[*]Oc1ccc(cc1)S(=O)(=O)c1ccc(cc1)OC(=O)[*],,205.0,
11724,[*]CCCCc1nc2cc3nc([*])[nH]c3cc2[nH]1,,,4.4637
5822,[*]N1C(=O)c2c(C1=O)cc(cc2)C(c1cc2c(C(=O)N(C2=O)CCN(CC[*])c2ccc(cc2)C=CC2=CC(=C(C#N)C#N)CC(C2)(C)C)cc1)(C(F)(F)F)C(F)(F)F,224.0,,
11192,[*]CCCCCCNC(=O)CCP(C)(=O)CCC(=O)N[*],,,5.99
4818,[*]NNC(=O)c1c(cc(cc1)C(=O)[*])OCCCCC,234.0,,
6862,[*]c1cc2C(c3c(c2cc1)ccc(c3)c1ccc(cc1)[*])(CCCCCC)CCCCCC,105.87,,
6504,[*]OC(COC(=O)[*])CCC,-10.0,,
410,[*]C(C[*])C(=O)OCCC#N,4.0,,
2160,[*]C(C[*])c1c(cccc1)Br,148.5,,
9537,[*]CCCOC(=O)NCCSCCSCCNC(=O)O[*],,,5.2508
8079,[*]OC(=O)c1ccc(cc1)C(=O)NCCNC(=O)c1ccc(cc1)C(=O)OCCCCCCCCCCC[*],,251.0,
5032,[*]c1cc2c(C(=O)N(C2=O)c2cc(ccc2)Nc2nc(nc(n2)Nc2cc(ccc2)N2C(=O)c3c(C2=O)cc(cc3)C(=O)[*])N(C)C)cc1,294.0,,
1627,[*]c1cc2c(C(=O)N(C2=O)c2cc(ccc2)C(C(C(c2cc(ccc2)N2C(=O)c3c(C2=O)cc(cc3)C(C(C(C(C(C(C([*])(F)F)(F)F)(F)F)(F)F)(F)F)(F)F)(F)F)(F)F)(F)F)(F)F)cc1,133.5,,
7623,[*]Nc1c(cccc1)NC(=O)CCCCCCCC(=O)[*],,110.0,
4860,[*]Nc1ccc(cc1)NC(=O)c1c(cc(cc1)C(=O)c1cc(c(cc1)C(=O)[*])C(=O)O)C(=O)O,317.0,,
3985,[*]c1cc2c(cc1OC(=O)COc1ccc3c(c1)oc(=O)cc3)oc(=O)c(c2)C(=O)Nc1ccc(cc1)Oc1ccc(cc1)NC(=O)c1c(=O)oc2c(cc(c(c2)OC(=O)COc2ccc3c(c2)oc(=O)cc3)C[*])c1,226.0,,
7203,[*]N(CC[*])C(=O)CCCCCCCCCCO,,71.9,
11021,[*]CCC(C)(C)CC(C)COC(=O)CCCCC(=O)O[*],,,6.7293
7179,[*]N(C(=O)c1ccc(cc1)C(=O)N(CC[*])CCCC)CCCC,,190.0,
11094,[*]OC1CCC(C2CCC(OC(=O)CCCCCCCCCCCC([*])=O)CC2)CC1,,,6.4758
1825,[*]N1C(=O)c2c(C1=O)cc(cc2)C(=O)c1cc2c(C(=O)N(C2=O)CCCCCCOC(=O)OCCCCCCOC(=O)OCCCCCC[*])cc1,55.0,,
8350,[*]Oc1c(cc(cc1)C(=O)OCCOC(=O)c1cc(c(cc1)OCCC[*])OC)OC,,100.0,
8141,[*]OC(=S)c1cc(ccc1)C(=S)OCCCC[*],,118.0,
2705,[*]C(C[*])(C(=O)OCCCCCCOc1ccc(cc1)C(=O)Oc1c2c(c(cc1)N=Nc1ccc(cc1)I)cccc2)C,40.0,70.0,
1486,[*]NC(C(=O)[*])CCC(=O)OCCCCCCCC,-59.5,,
12435,[*]CS(=O)(=O)C1CC([*])C[N+](C)(C)C1,,,0.1093
3002,[*]Oc1ccc(cc1)C(c1ccc(cc1)Oc1ccc(cc1)C(=O)c1c(c(c(c(c1c1ccccc1)c1cc2c(cc1)cccc2)c1cc2c(cc1)cccc2)c1ccccc1)C(=O)c1ccc(cc1)[*])(C(F)(F)F)C(F)(F)F,275.0,,
3382,[*]OP(=O)(Oc1ccc(cc1)NC(=O)Oc1ccc(cc1)c1ccc(cc1)OC(=O)Nc1ccc(cc1)[*])c1ccccc1,34.0,,
9136,[*]CC([*])OC(C)=O,,,6.8523
6801,[*]S(=O)(=O)C(C=CC[*])C,71.0,,
11363,[*]C(=O)N([*])C(C)C(C)=O,,,4.4468
11815,[*]Nc1cc(Cl)c([*])cc1Cl,,,3.1744
3917,[*]C1=CC(=C(C#N)C#N)C=C(O1)C=Cc1sc(cc1)N(CCOC(=O)Nc1c(ccc(c1)NC(=O)OCCN(c1sc(cc1)C=C[*])C)C)C,183.0,,
8179,[*]OC(CCOC(=O)CC(=O)[*])C,,-18.5,
2577,[*]C(C[*])(C(=O)OCCCCC1CCCCC1)C,29.33,,
10677,[*]Oc1ccc(S(=O)(=O)c2ccc3cc(S(=O)(=O)c4ccc(Oc5c(C)cc(-c6cc(C)c([*])c(C)c6C)c(C)c5C)cc4)ccc3c2)cc1,,,3.4715
1319,[*]NC(=O)CCCCC(=O)NCCCCCCCCC[*],60.33,230.3,
11379,[*]C(=O)Nc1cccc(NC(=O)c2ccc3[nH]c(-c4ccc(-c5nc6cc([*])ccc6[nH]5)cc4)nc3c2)c1,,,3.1791
3465,[*]Oc1ccc(cc1)NC(=O)c1cc(cc(c1)NC(=O)c1ccc(cc1)OC(=O)C)C(=O)Nc1ccc(cc1)Oc1ccc(cc1)C(c1ccc(cc1)[*])(C)C,243.0,,
4997,[*]Oc1ccc(cc1)N=CC=Nc1ccc(cc1)OC(=O)NCCCCCCNC(=O)[*],80.0,368.0,
8017,[*]OC(=O)c1cc(ccc1)C(=O)OCCCC(=O)Nc1ccc(cc1)NC(=O)CCC[*],,175.0,
11107,[*]OC1CCC(OC(=O)C([*])=O)CC1,,,5.7861
6673,[*]S(=O)(=O)c1ccc(cc1)Nc1ccc(cc1)C1(c2ccccc2c2ccccc12)c1ccc(cc1)Nc1ccc(cc1)[*],221.0,,
5510,[*]c1cc2c(C(=O)N(C2=O)c2cc(ccc2)NC(=O)C(C(C(C(C(=O)Nc2cc(ccc2)N2C(=O)c3c(C2=O)cc(cc3)C([*])(C(F)(F)F)C(F)(F)F)(F)F)(F)F)(F)F)(F)F)cc1,232.0,,
10334,[*]C1C2CC(C)C(C2)C1[*],,,6.0638
3016,[*]C1COC2C1OCC2OC(=O)c1oc(cc1)C(=O)O[*],188.5,,
9196,[*]CC([*])(C)C(=O)OCCc1ccccc1,,,5.7104
10699,[*]Oc1ccc(C(c2ccc(OC(=O)c3ccc(OCCCCCCCCCCOc4ccc(C([*])=O)cc4)cc3)cc2)(C(F)(F)F)C(F)(F)F)cc1,,,4.4545
5686,[*]N1C(=O)c2c(C1=O)c(ccc2)c1cc2c(C(=O)N(C2=O)c2cc(ccc2)OCCCCCCCCCCOc2cc(ccc2)[*])cc1,127.0,,
6919,[*]/C=C\CCC[*],,-41.0,
5283,[*]c1cc2c(C(=O)N(C2=O)c2ccc(cc2)C(=O)Nc2ccc(cc2)Oc2ccc(cc2)NC(=O)c2ccc(cc2)N2C(=O)c3c(C2=O)cc(cc3)C([*])(C(F)(F)F)C(F)(F)F)cc1,322.0,,
2977,[*]Oc1c(c(ccc1)Oc1cc(ccc1)[*])C#N,144.25,340.0,
5579,[*]c1cc2c(C(=O)N(C2=O)c2ccc(cc2)Oc2ccc(cc2)S(=O)(=O)c2ccc(cc2)Oc2ccc(cc2)N2C(=O)c3c(C2=O)cc(cc3)C(=O)c2cc(ccc2)C(=O)[*])cc1,249.0,,
7620,[*]Nc1c(cccc1)NC(=O)CCCCC(=O)[*],,162.0,
4465,[*]Oc1ccc(cc1)CC(NC(=O)CCc1ccc(cc1)OC(=O)CCCCCCC(=O)[*])C(=O)OCC(C)C,42.0,,
3297,[*]c1nc2c(cc1)cc(cc2)C(=O)c1ccc(cc1)Oc1c(cc(c(c1C)C)c1c(c(c(c(c1)C)Oc1ccc(cc1)C(=O)[*])C)C)C,250.0,,
139,[*]C(C[*])c1ccc(cc1)[Si](C)(C)C,136.0,284.0,
9016,[*]c1sc(cc1CCCCCCCCCCCC)c1sc(cc1CCCCCC(C(C(C(F)(F)F)(F)F)(F)F)(F)F)[*],,169.5,
8896,[*]c1nc(cs1)c1ccc(cc1)Oc1ccc(cc1)c1nc(sc1)c1c(cccc1)c1c(cccc1)[*],,230.0,
4776,[*]Nc1ccc(cc1)C(c1ccc(cc1)NC(=O)c1c(cc(cc1)c1cc(c(cc1)C(=O)[*])C)C)(C(F)(F)F)C(F)(F)F,289.0,,
11478,[*]CC(=O)Nc1ccc(Oc2cccc(NC(=O)CN3C(=O)c4ccc(C(=O)c5ccc6c(c5)C(=O)N([*])C6=O)cc4C3=O)c2)cc1,,,2.0094
743,[*]Oc1ccc(cc1)/C(=C/c1ccc(cc1)OCCOCCOCCOCC[*])/C,7.5,48.0,
2044,[*]N=P([*])(Oc1ccc(cc1)c1ccccc1)Oc1ccc(cc1)c1ccccc1,69.67,350.0,
3777,[*]Oc1ccc(cc1)S(=O)(=O)c1ccc(cc1)Oc1c(cc(cc1)C(c1cc(c(cc1)[*])[Si](C)(C)C)(C(F)(F)F)C(F)(F)F)[Si](C)(C)C,168.6,,
5888,[*]N1C(=O)c2c(C1=O)cc(cc2)Oc1ccc(cc1)C1(CCCCCCCCCCC1)c1ccc(cc1)Oc1cc2c(C(=O)N(C2=O)c2ccc(cc2)Oc2ccc(cc2)[*])cc1,230.0,,
7252,[*]N1C(C=CN1)C(=O)NCCCCCCNC(=O)[*],,140.0,
3276,[*]Oc1ccc(cc1)C(=O)c1ccc(cc1)OCCCCCCOC(=O)OCCCCCCCCCCOC(=O)OCCCCCC[*],-13.0,,
7587,[*]NNC(=O)CCCCC(=O)NNC(=O)CCCCCCCCC(=O)[*],,316.5,
8635,[*]Oc1ccc(cc1)c1ccc(cc1)OCCCCCCCCCCCOC(=O)c1cc(cc(c1)OCCCCCCOc1ccc(cc1)N=Nc1ccc(cc1)[N+](=O)[O-])C(=O)OCCCCCCCCCCC[*],,68.0,
8417,[*]Oc1cc(c(cc1)N1ON1c1c(cc(cc1)OC(=O)CCC(=O)[*])C)C,,234.8,
1671,[*]c1cc2c(C(=O)N(C2=O)c2ccc(cc2)Oc2ccc(cc2)Oc2ccc(cc2)N2C(=O)c3c(C2=O)cc(cc3)C([*])(C(F)(F)F)C(F)(F)F)cc1,272.0,,
8095,[*]OC(=O)c1ccc(cc1)C(=O)OCCCCOC(=O)CCC(=O)OCCCC[*],,108.5,
7705,[*]OC(=O)CC(=O)OCC[*],,-20.0,
8340,[*]Oc1c(cc(c(c1)OC(=O)c1ccc(cc1)OCCCCC)OC(=O)CCCCCCCCCCCCCCC(=O)[*])OC(=O)c1ccc(cc1)OCCCCC,,130.0,
6352,[*]C1C2C(C(=O)N(C2=O)c2c(cccc2)F)C(C1)C=C[*],238.9,,
122,[*]C(C[*])c1ccc(cc1)C(=O)CC,102.0,,
3721,[*]Oc1cc2c(cc1)cc(cc2)OC(=O)c1ccc(cc1)Oc1ccc(cc1)C(=O)[*],145.0,,
5281,[*]c1cc2c(C(=O)N(C2=O)c2cc(ccc2)Oc2ccc(cc2)N2C(=O)c3c(C2=O)cc(cc3)C(=O)Nc2cc(ccc2)Oc2ccc(cc2)NC(=O)[*])cc1,211.0,,
6870,[*]c1cc2C(c3c(c2cc1)ccc(c3)c1c(cc(c(c1)OCc1ccccc1)[*])OCc1ccccc1)(CCCCCC)CCCCCC,73.0,,
6598,[*]c1ccc2n(c3c(c2c1)cc(cc3)c1cc2C(c3c(c2cc1)ccc(c3)[*])(CCCCCC)CCCCCC)c1ccccc1,170.0,,
9793,[*]CC(F)(F)C(F)(F)C(F)(F)COC(=O)C(F)(F)C(F)(F)C(F)(F)C(F)(F)C(=O)O[*],,,6.5652
7042,[*]C(C[*])CCCC(C)C,,180.0,
9114,[*]CC([*])c1cc(Cl)ccc1Cl,,,2.6378
6396,[*]C1C(=O)OC(=O)C1C1C2CC(C(C1[*])C2)C(=O)OCCOCC,155.0,,
2998,[*]Oc1ccc(cc1)C(=O)c1ccc(cc1)Oc1ccc(cc1)C(=O)c1c(c(c(c(c1c1ccc(cc1)F)c1ccc(cc1)F)c1ccc(cc1)F)c1ccc(cc1)F)C(=O)c1ccc(cc1)[*],260.0,,
3545,[*]Oc1ccc(cc1)NC(=O)c1ccc(cc1)Oc1ccc(cc1)C(=O)Nc1ccc(cc1)Oc1ccc(cc1)C1(C2CC3CC(CC1C3)C2)c1ccc(cc1)[*],230.0,,
9256,[*]C=C(F)C(F)(F)C[*],,,5.7867
4761,[*]Nc1c(cc(c(c1)[N+](=O)[O-])NC(=O)CCCCCCCCCCCCC(=O)[*])C=Cc1ccc(cc1)N(C)C,125.0,,
9071,[*]n1c(=O)c2cc3c(cc2c1=O)c(=O)n(c3=O)CCCCCCOC(=O)OCCCCCCCCOC(=O)OCCCCCC[*],,188.0,
2690,[*]C(C[*])(C(=O)OCCCCCCCCCCOc1ccc(cc1)C(=O)Oc1ccc(cc1)C(=O)C=Cc1c(c2c(n1CCCC)cccc2)C)C,57.0,162.0,
8612,[*]Oc1ccc(cc1)Oc1ccc(cc1)Oc1ccc(cc1)Oc1ccc(cc1)OC(=O)c1ccc(cc1)Oc1ccc(cc1)C(=O)[*],,322.0,
8798,[*][Si](c1ccc(cc1)[*])(CC[Si](C)(C)C)C,,84.5,
4497,[*]Oc1ccc(cc1)OC(=O)c1c(cc(c(c1)OCCCCCCCCOCC1N(CCC1)c1ccc(cc1)[N+](=O)[O-])C(=O)[*])OCCCCCCCCOCC1N(CCC1)c1ccc(cc1)[N+](=O)[O-],41.0,,
523,[*]C(C[*])(C(=O)NC(=O)OC(COc1c(cc(cc1Br)S(=O)(=O)c1cc(c(c(c1)Br)OCC(O)C)Br)Br)C)C,45.0,,
2911,[*]c1n(nc(c1)c1ccc(cc1)Oc1ccc(cc1)C(=O)c1ccc(cc1)Oc1ccc(cc1)C(=O)c1ccc(cc1)Oc1ccc(cc1)[*])c1ccccc1,190.0,,
4862,[*]NC(=O)c1c(cc(cc1)C(=O)NCCCC[*])Oc1ccccc1,125.0,215.0,
4843,[*]Nc1ccc(cc1)C(c1ccc(cc1)NC(=O)c1ccc(cc1)C(=O)[*])(C(F)(F)F)C(F)(F)F,290.0,,
4391,[*]Oc1ccc(cc1)C(c1ccc(cc1)OC(=O)c1ccc(cc1)C(c1ccc(cc1)C(=O)[*])(C(F)(F)F)C(F)(F)F)(C(F)(F)F)C(F)(F)F,135.0,181.0,
1710,[*]c1cc2c(C(=O)N(C2=O)c2ccc(cc2)OCCOc2ccc(cc2)N2C(=O)c3c(C2=O)cc(cc3)C(=O)[*])cc1,246.0,465.0,
7582,[*]NNC(=O)C1CCC(CC1)C(=O)NNC(=O)CCCCC(=O)[*],,300.0,
9946,[*]C(=O)NCCCCCCCCCCNC(=O)c1ccc([*])nc1,,,4.5311
11753,[*]N=C1C=CC([*])C=C1C,,,3.8461
1585,[*]N1CCN(CC1)C(=O)OCC(COC(=O)[*])(C)C,70.0,225.0,
55,[*]C(C[*])c1c(cccc1)C(=O)N(C)C,190.0,,
533,[*]C(C[*])C(=O)O[Na],230.0,,
10152,[*]c1ccc(Cc2ccc(-n3c(=O)c4cc5c(=O)n([*])c(=O)c5cc4c3=O)cc2)cc1,,,2.6697
10286,[*]c1ccc(-c2nc3ccc(S(=O)(=O)c4ccc5nc([*])c(-c6ccccc6)nc5c4)cc3nc2-c2ccccc2)cc1,,,2.8529
8585,[*]Oc1ccc(cc1)OC(=O)c1ccc(cc1)OC(=O)CCCCCCC(=O)[*],,253.0,
543,[*]C(C[*])(Cl)Cl,-11.96,199.0922222,
7689,[*]OC(=O)C(C(C(C(C(=O)OCC(C(C(C(C[*])(F)F)(F)F)(F)F)(F)F)(F)F)(F)F)(F)F)(F)F,,67.5,
3867,[*]c1nc2c(nc1c1ccccc1)cc(cc2)Oc1cc2c(nc(c(n2)c2ccccc2)c2ccc(cc2)OCCN(CCOc2ccc(cc2)[*])c2ccc(cc2)C=Cc2ccc(cc2)[N+](=O)[O-])cc1,201.0,,
910,[*]Oc1ccc(cc1)NC(=O)c1cc(cc(c1)C(C(C(C(F)(F)F)(F)F)(F)F)(F)F)C(=O)Nc1ccc(cc1)[*],257.0,,
3884,[*]Oc1c(cc(cc1)Oc1ccc(cc1)C(=O)c1ccc(cc1)[*])c1cc(ccc1)C(F)(F)F,134.0,,
9371,[*]C(=O)NCCCCCCNC(=O)c1ccc([*])o1,,,4.6438
4666,[*]Oc1ccc(cc1)C(c1ccc(cc1)OC(=O)c1cc(cc(c1)NC(=O)c1ccc(cc1)NC(=O)C(N1C(=O)c2c(C1=O)cccc2)C)C(=O)[*])(C)C,238.0,,
3883,[*]Oc1c(cc(cc1)Oc1ccc(cc1)C(=O)c1ccc(cc1)[*])c1cc(cc(c1)C(F)(F)F)C(F)(F)F,146.0,,
1772,[*]N1C(=O)c2c(C1=O)cc(cc2)Oc1cc2c(C(=O)N(C2=O)c2ccc(cc2)Cc2ccc(cc2)[*])cc1,265.33,,
6881,[*]C(C[*])(C(=O)OCC(C(F)F)(F)F)F,90.5,175.85,
4162,[*]c1sc(cc1CCCCCCCCCCCC)c1ccc(cc1)c1sc(c(c1)CCCCCCCCCCCC)c1ccc(cc1)[*],-19.2,,
7309,[*]NC(=O)C(=O)NCCCCCCCCCCCC[*],,225.0,
7410,[*]NC(=O)CCCCCC(=O)NCc1ccc(cc1)C[*],,282.0,
7674,[*]OC(=O)C(=O)OCC(C[*])(C)C,,111.0,
4432,[*]OC(C(=O)NC(C(=O)[*])C)C,57.65,,
3556,[*]N1CCOC1([*])CC,55.0,,
6359,[*]C1C2C(C(=O)N(C2=O)c2cc(ccc2)Br)C(C1)C=C[*],203.5,,
1178,[*]OC(CC(=O)[*])C(Cl)(Cl)C,109.0,237.0,
1346,[*]NC(=O)c1ccc(cc1)CC(=O)NCCCCCC[*],104.0,227.0,
5176,[*]N1C(=O)c2c(C1=O)cc(cc2)C(=O)c1cc2c(C(=O)N(C2=O)CCC(=O)Nc2cc(ccc2)Oc2ccc(cc2)NC(=O)CC[*])cc1,224.0,,
1225,[*]OC(=O)c1cc2c(cc1)cc(cc2)C(=O)OCCCC[*],65.5,243.65,
3325,[*]Oc1ccc(cc1)Oc1ccc(cc1)C(=O)c1ccc(cc1)NC(=O)c1ccc(cc1)C(=O)Nc1ccc(cc1)C(=O)c1ccc(cc1)[*],224.0,,
502,[*]C(C[*])C(=O)Oc1ccc(cc1)C(=O)O,113.33,252.0,
3309,[*]Oc1cc(ccc1)NC(=O)c1ccc(cc1)C(=O)Nc1ccc(cc1)Oc1ccc(cc1)C(=O)c1ccc(cc1)[*],126.0,,
10288,[*]CCCN[*],,,5.2088
2712,[*]C(C[*])(C(=O)OCCCCCCCCCCOc1ccc(cc1)N=Nc1ccc(cc1)[N+](=O)[O-])C,55.0,100.0,
11537,[*]C(=O)Nc1ccc(C2(c3ccc(N4C(=O)c5ccc([*])cc5C4=O)cc3)CCC(C(C)(C)C)CC2)cc1,,,2.7711
5996,[*]N1C(=O)c2c(C1=O)cc(cc2)Oc1cc2c(C(=O)N(C2=O)c2c(ccc(c2)C(c2cc(c(cc2)OCCN(c2ccc(cc2)C=CC2=CC(=C(C#N)C#N)CC(C2)(C)C)CC)[*])(C(F)(F)F)C(F)(F)F)OCCN(c2ccc(cc2)C=CC2=CC(=C(C#N)C#N)CC(C2)(C)C)CC)cc1,202.0,,
9636,[*]CC(CCC)C(CCC)COC(=O)c1ccc(C(=O)O[*])cc1,,,4.734
8510,[*]Oc1ccc(cc1)C(=O)c1cc(ccc1)C(=O)c1ccc(cc1)Oc1ccc(cc1)C(=O)c1ccc(cc1)C(=O)c1ccc(cc1)[*],,303.75,
9155,[*]CC([*])(F)C(C)=O,,,4.643
7527,[*]NC(=O)c1ccc(cc1)C(=O)NCCCCCCCCCCCCCC[*],,265.0,
3074,[*]Oc1ccc(cc1)C(=O)c1ccc(cc1)Oc1ccc(cc1)C(=O)c1ccc(cc1)Oc1ccc(cc1)Cc1ccc(cc1)[*],128.0,275.0,
3940,[*]Oc1cc(c(cc1)S(=O)(=O)c1c(cc(cc1)Oc1c(cc(cc1C)C(c1cc(c(c(c1)C)[*])C)(C(F)(F)F)C(F)(F)F)C)C(OC)(C(F)(F)F)C(F)(F)F)C(OC)(C(F)(F)F)C(F)(F)F,163.0,,
8402,[*]Oc1c(cc(cc1C(C)(C)C)C(=O)[*])C(C)(C)C,,480.0,
7435,[*]NC(=O)CCCCCCCCC(=O)NCCCCCCCCC[*],,175.0,
7619,[*]Nc1c(cccc1)NC(=O)CCCC(=O)[*],,180.0,
9862,[*]CCCC(=O)N[*],,,5.5236
12036,[*]CC(C=C1)=CC=C1C(=O)C(S2)=CC=C2[*],,,4.0354
531,[*]C(C[*])C(=O)OCc1c(c(c(c(c1Br)Br)Br)Br)Br,181.0,,
2448,[*]C(C[*])(C(=O)OCCCCc1ccccc1)C,9.0,,
11102,[*]CCCCCCCCCC#CC#CCCCCCCCCCOC(=O)C(=O)O[*],,,3.7823
9736,[*]CC(CCl)(CCl)COC(=O)CCCCC(=O)O[*],,,6.8357
3918,[*]C1CCN(CC1)c1sc(cc1)C=CC1=CC(=C(C#N)C#N)C=C(O1)C=Cc1sc(cc1)N1CCC(CC1)OC(=O)Nc1c(ccc(c1)NC(=O)O[*])C,212.0,,
4888,[*]O[Si](CCCNC(=O)C(=O)NCCC[Si]([*])(C)C)(C)C,-46.48,60.0,
7567,[*]NC(CCCCNC(=O)NCCNC(=O)[*])C(=O)OC,,155.0,
5551,[*]c1cc2c(C(=O)N(C2=O)c2cc(c(cc2)Oc2ccc(cc2)C(c2ccc(cc2)Oc2c(cc(cc2)N2C(=O)c3c(C2=O)cc(cc3)C(=O)[*])C(F)(F)F)(C(F)(F)F)C(F)(F)F)C(F)(F)F)cc1,220.0,,
11636,[*]CC(c1ccccc1)C1C(=O)OC(=O)C1[*],,,5.3123
5496,[*]c1cc2c(C(=O)N(C2=O)c2c(ccc(c2)C(=O)Nc2c(cc(cc2C)c2cc(c(c(c2)C)NC(=O)c2cc(c(cc2)C)N2C(=O)c3c(C2=O)cc(cc3)C([*])(C(F)(F)F)C(F)(F)F)C)C)C)cc1,250.0,,
10475,[*]CCC(Cl)C([*])C,,,6.7613
2730,[*]C1C2C(C(C(C1[*])C2)C(=O)OCCCc1ccccc1)C(=O)OCCCc1ccccc1,200.0,,
138,[*]C(C[*])c1ccc(cc1)S(=O)(=O)OCCC,217.0,349.0,
1407,[*]Nc1cc(ccc1)NC(=O)c1cc(ccc1)C(=O)[*],274.67,437.1666667,
380,[*]C(C[*])(C(=O)OCCF)C,90.0,,
11555,[*]C(=O)Oc1ccc(OC(=O)c2ccc3c(c2)C(=O)N(c2ccc(Oc4ccc(N5C(=O)c6ccc([*])cc6C5=O)cc4)cc2)C3=O)c(C(C)(C)C)c1,,,2.5796
4985,[*]SC(=O)N(CCC[*])Cc1ccccc1,27.0,,
437,[*]C(C[*])C(=O)Oc1ccc(cc1)C(=O)OC,67.0,,
5196,[*]N1C(=O)c2c(C1=O)cc(cc2)C(=O)Nc1ccc(cc1)NC(=O)C[*],292.0,,
2754,[*]C(=C([*])C)CCC,200.0,,
10405,[*]CC([*])CO,,,6.2929
2612,[*]C(C[*])(C(=O)Nc1cc(ccc1)c1oc(nn1)c1ccccc1)C,65.0,,
10953,[*]Sc1ccc(Nc2ccc(Nc3ccc(Nc4ccc([*])cc4)cc3)cc2)cc1,,,3.2757
1893,[*]Oc1ccc(cc1)C(c1ccc(cc1)OC(=S)[*])(c1ccccc1)C,181.0,,
3793,[*]OP(=O)(Oc1ccc(cc1)S(=O)(=O)c1ccc(cc1)[*])OC1CCCCC1,120.0,,
7458,[*]NC(=O)CCCCCCCCCCCCC(=O)NCCCCCCCCCC[*],,188.0,
6884,[*]C(C[*])(C(=O)OCC(C(C(F)(F)F)(F)F)(F)F)F,75.0,186.85,
9121,[*]CC([*])c1ccc(Cl)c(Cl)c1,,,2.3069
10809,[*]Oc1ccc(Oc2ccc(Oc3cccc([*])n3)cc2)cc1,,,4.1433
2054,[*]N=P([*])(OCc1ccc(cc1)Br)OCc1ccc(cc1)Br,-0.8,,
12407,[*]COc1ccc(C(=O)OC(=O)c2ccc(O[*])cc2)cc1,,,4.3746
3790,[*]OP(=O)(Oc1ccc(cc1)C(c1ccc(cc1)[*])(C)C)OC1CCCCC1,86.0,,
7062,[*]C(C[*])OC(=O)CCCCCCCCCCCCCCCCC,,50.21666667,
1382,[*]NC(=O)CCP(=O)(CCC(=O)NCCCCCC[*])c1ccccc1,29.0,55.0,
5387,[*]N1C(=O)c2c(C1=O)cc(cc2)c1cc2c(C(=O)N(C2=O)c2cc(c(c(c2)C)c2c(cc(cc2C)[*])C)C)cc1,280.0,,
7927,[*]OC(=O)NCCSCCCCCCSCCNC(=O)OCCC[*],,114.5,
8168,[*]OC(C[*])COc1cc2c(cc1)cccc2,,297.0,
2682,[*]C(C[*])(C(=O)OCCCCCCOc1ccc(cc1)C(=O)Oc1ccc2c(c1)oc(=O)cc2)C,102.0,,
4372,[*]Oc1ccc(cc1)S(=O)(=O)c1ccc(cc1)OC(=O)c1ccc(cc1)[Si](c1ccc(cc1)C(=O)[*])(C)C,235.0,,
10585,[*]c1ccc([*])o1,,,1.8355
2744,[*]C(C[*])(C(=O)OCCCCCCCCCCCCCCCC[n+]1ccc(cc1)N(C)C)C,60.0,,
1022,[*]c1cc2c(C(=O)N(C2=O)c2ccc(cc2)Oc2ccc(cc2)N2C(=O)c3c(C2=O)cc(cc3)c2c(c(c(c(c2c2ccccc2)c2ccccc2)c2ccc(cc2)Sc2ccc(cc2)c2c(c(c(c(c2c2ccccc2)c2ccccc2)[*])c2ccccc2)c2ccccc2)c2ccccc2)c2ccccc2)cc1,322.0,,
4673,[*]Nc1c(cc(cc1)c1cc(c(cc1)NC(=O)c1cc(ccc1)C(=O)[*])S)S,395.0,,
2941,[*]Oc1cc(ccc1)NC(=O)Cc1cc(ccc1)CC(=O)Nc1cc(ccc1)OCC(COc1ccc(cc1)C(c1ccc(cc1)OCC(C[*])O)(C)C)O,119.0,,
1833,[*]C1C(=O)N(C(=O)C1[*])c1c(cccc1)C(=O)OCCCC,181.0,,
6914,[*]/C=C/CCC[*],,23.4,
9458,[*]CCOCCOCCOC(=O)CCCCCCC(=O)O[*],,,6.0293
4899,[*]Nc1cc(ccc1)NC(=O)c1cc(cc(c1)NC(=O)C(CCSC)N1C(=O)c2c(C1=O)cccc2)C(=O)[*],196.0,,
1859,[*]Oc1c(cc(cc1)C(c1cc(c(cc1)OC(=O)[*])C)(C)C)C,108.7,160.8,
9402,[*]CCOCCOC(=O)CCCCCCC(=O)O[*],,,6.7743
8836,[*]c1cc2c(C(=O)N(C2=O)c2cc(ccc2)NC(=O)CCCCCCCCC(=O)Nc2cc(ccc2)NC(=O)[*])cc1,,477.0,
5599,[*]N1C(=O)c2c(C1=O)cc(cc2)Oc1cc2c(C(=O)N(C2=O)C2CCC(CC2)CC2CCC(CC2)[*])cc1,240.0,,
6770,[*]O[Si](O[Si](O[Si](C#Cc1ccc(cc1)C#C[Si]([*])(C)C)(C)C)(C)C)(C)C,96.0,,
9759,[*]CCCCCCCCCCOC(=O)c1ccc2cc(C(=O)O[*])ccc2c1,,,3.7577
1856,[*]Oc1cc(c(cc1)C(c1c(cc(cc1)OC(=O)[*])C)c1ccccc1)C,182.0,216.5,
8532,[*]Oc1ccc(cc1)C=C1C(=O)C(=Cc2ccc(cc2)OCC[*])CC(C1)C,,160.0,
10493,[*]c1ccc2c(c1)C(CC(CC)CCCC)(CC(CC)CCCC)c1cc([*])ccc1-2,,,3.8505
9971,[*]NC(C)C(=O)NC(C)C(=O)NC(C(=O)NC(C([*])=O)C(C)C)C(C)C,,,5.7985
11126,[*]CCCCOC(=O)c1ccc(NC=Nc2ccc(C(=O)O[*])cc2)cc1,,,3.6652
3675,[*]C1COC2C1OCC2OC(=O)CCCCCCCCC(=O)O[*],109.0,48.0,
11610,[*]C(=O)Nc1ccc(NC(=O)c2ccc3c(c2)C(=O)N(c2ccc(Oc4cccc5c(N6C(=O)c7ccc([*])cc7C6=O)cccc45)cc2)C3=O)cc1,,,2.8645
11626,[*]c1cccc2c(-n3c(=O)c4cc5c(=O)n([*])c(=O)c5cc4c3=O)cccc12,,,2.5506
5093,[*]N1C(=O)c2c(C1=O)c(ccc2)c1cc2c(C(=O)N(C2=O)c2cc(ccc2)C(=O)Nc2ccc(cc2)Oc2ccc(cc2)C(c2ccc(cc2)Oc2ccc(cc2)NC(=O)c2cc(ccc2)[*])(C)C)cc1,261.0,,
4050,[*]P1(=NP(=NP(=N1)(Oc1ccc(cc1)C(=O)OC)Oc1ccc(cc1)C(=O)OC)(Oc1ccc(cc1)C(c1ccc(cc1)O[*])(C)C)Oc1ccc(cc1)C(=O)OC)Oc1ccc(cc1)C(=O)OC,73.0,,
7744,[*]OC(=O)CCCC(=O)OCC1CCC(CC1)C[*],,48.0,
3617,[*]C1COC2C1OCC2OC(=O)C(NC(=O)CCCCC(=O)NC(C(=O)O[*])CCSC)CCSC,71.0,,
7810,[*]OC(=O)CCCCCCCCC(=O)OCCCCCCCCCCCCCCCCCCCC[*],,89.875,
6324,[*]N1C(=O)c2c(C1=O)cc(cc2)Sc1cc2c(C(=O)N(C2=O)c2c(cc(cc2)Cc2cc(c(cc2)[*])C(C)(C)C)C(C)(C)C)cc1,300.5,,
5026,[*]Nc1cc(ccc1)NC(=O)Nc1ccc(cc1)Cc1ccc(cc1)NC(=O)[*],132.0,,
3642,[*]Oc1cc(c(cc1)c1c(cc(cc1)OC(=O)c1ccc(cc1)Oc1ccc(cc1)C1(CCC(CC1)C(C)(C)C)c1ccc(cc1)Oc1ccc(cc1)C(=O)[*])C)C,163.0,,
940,[*]N1C(=O)c2c(C1=O)cc(cc2)Oc1cc2c(cc1Oc1cc3c(C(=O)N(C3=O)c3c(cc(cc3C)Cc3cc(c(c(c3)C)[*])C)C)cc1)cccc2,265.0,,
9672,[*]CC1CCC(COC(=O)Cc2ccc(CC(=O)O[*])cc2)CC1,,,5.3094
9823,[*]CCCCCCNC(=O)c1cccc(C(=O)N[*])c1,,,5.0813
11884,[*]CCN([*])Cc1ccccc1,,,3.8139
2799,[*]Oc1c(cc(cc1C)C(c1cc(c(c(c1)C)OCC(COc1ccc(cc1)C(c1ccc(cc1)OCC(C[*])O)(C)C)O)C)(C)C)C,100.0,,
11628,[*]c1ccc(-c2ccc(N3C(=O)c4ccc(-c5cccc6c5C(=O)N([*])C6=O)cc4C3=O)c(C)c2)cc1C,,,2.9133
541,[*]C(C[*])Cl,80.83,241.86,
4994,[*]Oc1ccc(cc1)N=CC=Nc1ccc(cc1)OC(=O)Nc1ccc(cc1)Cc1ccc(cc1)NC(=O)[*],133.0,335.0,
2991,[*]c1cc2c(oc(n2)c2ccc(cc2)c2oc3c(n2)cc(cc3)C([*])(c2ccccc2)C(F)(F)F)cc1,369.0,,
4435,[*]Oc1ccc(cc1)C(=O)NNC(=O)c1cc(ccc1)C(=O)NNC(=O)c1ccc(cc1)OC(=O)c1cc(ccc1)C(=O)[*],180.0,,
370,[*]C(C[*])(C(=O)OCCCCCCCCCCCCCC)C,-72.0,,
890,[*]c1oc(cc1)COC(=O)NCc1oc(cc1)CNC(=O)OC[*],75.0,170.0,
4039,[*]Oc1ccc(cc1)Nc1ccc(cc1)S(=O)(=O)c1ccc(cc1)Nc1ccc(cc1)Oc1ccc(cc1)C(c1ccc(cc1)[*])(C)C,145.0,,
8085,[*]OC(=O)c1ccc(cc1)C(=O)OCC(C(C(C[*])(F)F)(F)F)(F)F,,107.0,
8368,[*]Oc1c(cc(cc1)C=C1C(=O)C(=Cc2cc(c(cc2)OCCCCCCCCCC[*])OC)CC(C1)C(C)(C)C)OC,,80.0,
452,[*]C(C[*])(C(=O)OCCCCC)C,6.0,,
7277,[*]N1CCN(CC1)C(=O)COCC(=O)[*],,258.0,
10463,[*]CC(C(=O)Oc1ccccc1)C(C(=O)O)C([*])(C)C,,,5.2905
5417,[*]c1cc2c(C(=O)N(C2=O)c2ccc(cc2)OCCCCOc2ccc(cc2)N2C(=O)c3c(C2=O)cc(cc3)C([*])(C(F)(F)F)C(F)(F)F)cc1,169.0,,
3442,[*]c1nc2c(c(c1)c1ccccc1)cc(cc2)Oc1cc2c(nc(cc2c2ccccc2)c2c(ccc(c2)[*])OCCN(c2ccc(cc2)c2sc(cc2)C(=C(C#N)C#N)c2sc(cc2)c2ccc(cc2)N(CC)CC)CC)cc1,205.0,,
10765,[*]C1=C2OCCOC2=C(c2sc(-c3sc([*])c4c3OCCO4)c3c2OCCO3)S1(=O)=O,,,2.0121
6333,[*]c1cc2c(C(=O)N(C2=O)c2cc(c(cc2)Oc2c(cc(cc2)N2C(=O)c3c(C2=O)cc(cc3)C(=O)Nc2ccc(cc2)Oc2ccc(cc2)NC(=O)[*])c2ccccc2)c2ccccc2)cc1,345.0,,
2685,[*]C(C[*])(C(=O)OCC1OC(C(C1O)O)n1c(=O)[nH]c(=O)cc1)C,151.0,,
11403,[*]CC#CC#CCOC(=O)NCCCCCCNC(=O)O[*],,,4.9601
7960,[*]OC(=O)Nc1cc(ccc1)C(=O)OCCCCC[*],,80.0,
7628,[*]Nc1cc(ccc1)C=CC(=O)C=Cc1cc(ccc1)NC(=O)/C=C/C(=O)[*],,230.0,
735,[*]Oc1c(cc(cc1Cl)C(c1cc(c(c(c1)Cl)OCC(C[*])O)Cl)(C)C)Cl,145.0,,
8926,[*]c1nccc(c1)C(=O)NCCCCCCCCCCNC(=O)[*],,190.0,
9965,[*]C(=O)CCN1CCN(CCC(=O)N2CCN([*])C(C)C2)CC1,,,4.9509
6739,[*]O[Si]([*])(CCCOCCOCCOCCOCCOC)CCCOCCOCCOCCOCCOC,-69.8,,
2785,[*]C1(c2c(CO1)cccc2)c1ccc(cc1)OC(=O)c1ccc(cc1)C(=O)Oc1ccc(cc1)[*],312.0,,
6803,[*]S(=O)(=O)CC(=CC[*])C,88.2,,
11182,[*]Cc1cccc(CN(C)C(=O)CCCCC(=O)N([*])C)c1,,,5.4868
6675,[*]S(=O)(=O)c1ccc(cc1)Nc1c(cc(cc1)C1(c2ccccc2c2ccccc12)c1cc(c(cc1)Nc1ccc(cc1)[*])C)C,269.0,,
10168,[*]c1ccc(N2C(=O)c3ccc(Oc4ccc5c(c4)C(=O)N([*])C5=O)cc3C2=O)cc1,,,3.4906
1592,[*]OC(COC(=O)Nc1ccc(cc1)Cc1ccc(cc1)NC(=O)[*])c1occc1,40.0,185.0,
726,[*]Oc1c(cc(cc1)c1cc(c(cc1)OC([*])(Oc1ccccc1)Oc1ccccc1)C)C,125.0,,
1169,[*]OC(=O)c1ccc(cc1)c1ccc(cc1)C(=O)OCCCCCCCCCC[*],46.0,144.3333333,
829,[*]OC(COC(=O)c1cc(ccc1)C(C(C(c1cc(ccc1)C(=O)OCC([*])(F)F)(F)F)(F)F)(F)F)(F)F,30.0,,
5639,[*]N1C(=O)c2c(C1=O)cc(cc2)c1cc2c(C(=O)N(C2=O)c2cc(ccc2)C(c2cc(ccc2)[*])(C(F)(F)F)C(F)(F)F)cc1,267.0,,
8476,[*]Oc1ccc(cc1)C(=O)NNC(=O)c1ccc(cc1)C(=O)NNC(=O)CC[*],,279.0,
5102,[*]C1C(=O)N(C(=O)C1C(C[*])(C)C)CCCC,80.0,,
9100,[*]CC([*])c1ccccc1C(=O)OC,,,5.0713
4670,[*]C1OC(=O)C(C1)CCC1C(=O)OC(C1)CCCCC=CCCCC[*],24.7,106.8,
10086,[*]OC1CCC(OC(=O)NCCNC([*])=O)CC1,,,6.0582
4100,[*]c1sc(cc1)[Si]([Si]([*])(C)C)(C)C,15.0,160.0,
3381,[*]OP(=O)(OC(COc1ccc(cc1)S(=O)(=O)c1ccc(cc1)OCC([*])CCl)CCl)Oc1ccc(cc1)Br,58.0,,
11231,[*]NNC(=O)c1cccc(C(=O)NNC(=O)CCCCCCCCC([*])=O)c1,,,4.5398
1738,[*]N1C(=O)c2c(C1=O)cc(cc2)Oc1ccc(cc1)Sc1ccc(cc1)Oc1cc2c(C(=O)N(C2=O)c2ccc(cc2)Oc2ccc(cc2)[*])cc1,212.0,,
94,[*]C(C[*])c1ccc(cc1)C(O)(C)C,165.0,,
298,[*]C(C[*])OC(=O)C1(CCCCC1)C,86.0,,
4456,[*]Oc1ccc(cc1)CC(NC(=O)CCc1ccc(cc1)OC(=O)CCCC(=O)[*])C(=O)OC(C)C,68.0,,
6047,[*]c1cc2c(C(=O)N(C2=O)c2ccc(cc2)N(c2ccc(cc2)N2C(=O)c3c(C2=O)cc(cc3)C([*])(C(F)(F)F)C(F)(F)F)c2ccc(cc2)C#N)cc1,321.0,,
1188,[*]OC(=O)c1ccc(cc1)c1ccc(cc1)C(=O)OCCCC[*],70.0,291.375,
2732,[*]C1C2C(C(C(C1[*])C2)C(=O)OCCC12CC3CC(CC(C1)C3)C2)C(=O)OCCC12CC3CC(CC(C1)C3)C2,300.0,,
12351,[*]c1ccc(-n2c(=O)c3cc4c(=O)n(-n5c6ccc([*])cc6c6cccnc65)c(=O)c4cc3c2=O)cc1,,,2.1565
11059,[*]CC(C)(CC)COC(=O)CCCCCCCCC(=O)O[*],,,6.7916
9031,[*]c1sc2cc3c(cc2n1)sc(n3)CCC[*],,342.0,
10717,[*]c1sc([*])c2c1OCCO2,,,1.7526
11744,[*]c1cccc([*])n1,,,3.8339
12318,[*]Nc6ccc(C5(c3ccc(NC(=O)Cc2ccc(Oc1ccc(C([*])=O)cc1)cc2)cc3)OC(=O)c4ccccc45)cc6,,,4.1183
7641,[*]Nc1ccc(cc1)C=CC(=O)[*],,228.5,
3958,[*]Oc1ccc(cc1)Sc1ccc(cc1)Oc1c(cc(cc1)c1ccc(cc1)c1ccc(cc1)c1cc(c(cc1)[*])C(F)(F)F)C(F)(F)F,176.5,,
5044,[*]C1C(=O)N(C(=O)C1[*])C(C)(C)C,195.0,400.0,
6335,[*]c1cc2c(C(=O)N(C2=O)c2cc(c(cc2)Oc2c(cc(cc2)N2C(=O)c3c(C2=O)cc(cc3)C(=O)Nc2cc(c(cc2)Oc2c(cc(cc2)NC(=O)[*])c2ccccc2)c2ccccc2)c2ccccc2)c2ccccc2)cc1,369.0,,
7382,[*]NC(=O)CC/C=C/CCC(=O)NCCCCCCC[*],,255.0,
589,[*]OC(C[*])COCC,-61.0,,
5099,[*]N1C(=O)c2c(C1=O)cc(cc2)Oc1cc2c(C(=O)N(C2=O)c2cc(c(cc2)c2c(cc(cc2)[*])C)C)cc1,309.67,,
10534,[*]CCSCCO[*],,,5.5968
7981,[*]OC(=O)OCCCCCCCC[*],,63.0,
6217,[*]N1C(=O)c2c(C1=O)cc(cc2)c1cc2c(C(=O)N(C2=O)c2ccc(cc2)Oc2c(cc(cc2C(C)(C)C)c2ccc(cc2)[*])C(C)(C)C)cc1,381.5,,
8528,[*]Oc1ccc(cc1)C1(c2ccccc2-c2ccccc12)c1ccc(cc1)Oc1c(cc(cc1)c1ccc(cc1)NC(=O)c1cc(cc(c1)C(C)(C)C)C(=O)Nc1ccc(cc1)c1cc(c(cc1)[*])C(F)(F)F)C(F)(F)F,,349.0,
10287,[*]c1ccc(-c2nc3cc4nc(-c5ccccc5)c([*])nc4cc3nc2-c2ccccc2)cc1,,,2.8531
3403,[*]OP(=O)(N=Nc1ccc(cc1)Oc1ccc(cc1)N=NP(=O)(OCc1ccc(cc1)C[*])OC)OC,50.0,,
8709,[*]SC(=O)SCCCCCCCCCCCC[*],,86.0,
12403,[*]CCC[Si](C)(C)O[Si](C)(C)CCCn1c(=O)c2cc3c(=O)n([*])c(=O)c3cc2c1=O,,,3.5354
8550,[*]Oc1ccc(cc1)C=Nc1ccc(cc1)c1ccc(cc1)N=Cc1ccc(cc1)OC(=O)CCCCC(=O)[*],,321.0,
519,[*]C(C[*])(C(=O)NC(=O)OCCOc1ccc(cc1)S(=O)(=O)c1ccc(cc1)OCCO)C,131.0,,
10563,[*]OC1CCCC([*])O1,,,6.1442
6902,[*]/C(=C(\CC[*])/C)/C,,193.5,
7448,[*]NC(=O)CCCCCCCCCCC(=O)NCCCCCCCCCCCCCC[*],,175.0,
7333,[*]NC(=O)C(=O)NCCCNC(=O)CCCCCCCC(=O)NCCC[*],,290.0,
11315,[*]C(=O)Nc1nc(C#N)c([*])n1C,,,4.1864
221,[*]C(C[*])OCC(CCCC)CC,-66.0,,
627,[*]Oc1ccc(cc1)C(=O)OCCCCCCOC(=O)c1ccc(cc1)[*],15.0,74.0,
8185,[*]OC(CCOC(=O)CCCCCCCCC(=O)[*])C,,-43.25,
1583,[*]OC(=O)NCCCCCCNC(=O)OC/C=C\C[*],-41.5,135.0,
6286,[*]N1C(=O)c2c(C1=O)cc(cc2)C(c1cc2c(C(=O)N(C2=O)Cc2oc(cc2)C(c2oc(cc2)C[*])(C)C)cc1)(C(F)(F)F)C(F)(F)F,134.0,,
11742,[*]N=Nc1ccc([*])cc1,,,1.7643
4441,[*]Oc1ccc(cc1)N=Nc1cc(c(cc1)Cc1c(cc(cc1)N=Nc1ccc(cc1)OC(=O)c1ccc(cc1)C(=O)[*])[N+](=O)[O-])[N+](=O)[O-],198.0,,
12057,[*]CCCC(=S)[*],,,3.3942
8416,[*]Oc1cc(c(cc1)C(=O)OCCOC(=O)c1c(cc(cc1)OCC[*])OC)OC,,205.0,
9298,[*]CC(COc1c(Cl)cc(Cl)cc1Cl)O[*],,,4.5851
6294,[*]c1c2C(=O)N(C(=O)c2c(c2ccccc12)c1ccc(cc1)Oc1c(cc(cc1)c1sc(cc1)c1cc(c(cc1)Oc1ccc(cc1)[*])C(F)(F)F)C(F)(F)F)c1ccccc1,287.0,,
1922,[*]N(CC[*])C(=O)c1cc2c(cc1)cccc2,130.0,258.0,
1799,[*]c1cc2c(C(=O)N(C2=O)c2ccc(cc2)Oc2c3c(ccc2)c(ccc3)Oc2ccc(cc2)N2C(=O)c3c(C2=O)cc(cc3)C(=O)Nc2ccc(cc2)Oc2ccc(cc2)C(c2ccc(cc2)Oc2ccc(cc2)NC(=O)[*])(C)C)cc1,235.0,,
11155,[*]CCCCCCCCCCCCOC(=O)CCCCCCCCCCC(=O)O[*],,,6.669
2167,[*]C(C(CCCCCCCCC[*])c1ccc(cc1)O)c1c(cc(cc1)O)C,-1.0,,
1902,[*]Oc1ccc(cc1)C(=C(Cl)Cl)c1ccc(cc1)OC(=O)[*],167.67,,
1851,[*]Oc1ccc(cc1)C(c1ccc(cc1)OC(=O)[*])C,122.2,190.0,
2673,[*]C(C[*])(C(=O)Oc1ccc(cc1)N=Nc1ccc(cc1)[N+](=O)[O-])C,145.0,,
6145,[*]N1C(=O)c2c(C1=O)cc(cc2)NC(=O)Nc1ccc(cc1)Oc1c(cccc1)c1c(cccc1)Oc1ccc(cc1)NC(=O)Nc1cc2c(C(=O)N(C2=O)c2ccc(cc2)c2nc(cc(c2)c2ccc(cc2)c2ccccc2)c2ccc(cc2)[*])cc1,249.0,,
5724,[*]c1cc2c(C(=O)N(C2=O)c2cc(ccc2)P(=O)(c2cc(ccc2)N2C(=O)c3c(C2=O)cc(cc3)C(=O)[*])c2cc(cc(c2)C(F)(F)F)C(F)(F)F)cc1,243.0,,
218,[*]C=CC(C[*])OC,-10.5,,5.0501
9205,[*]CC([*])(C)C(=O)OCC1CCCO1,,,5.5918
11622,[*]c1ccc(Oc2ccc(N3C(=O)c4ccc(S(=O)(=O)c5ccc6c(c5)C(=O)N([*])C6=O)cc4C3=O)cc2Br)c(Br)c1,,,2.7192
9231,[*]C1C(=O)N(C2CCCCC2)C(=O)C1[*],,,5.1464
26,[*]C(C[*])CCCCCCCCCCCCCCCC,-25.33,62.54791667,
8436,[*]Oc1cc(ccc1)OC(=O)c1ccc(cc1)C(=O)Oc1cc(ccc1)OCCCCCCCCCC[*],,108.0,
5425,[*]N1C(=O)c2c(C1=O)cc(cc2)Oc1ccc(cc1)C(c1ccc(cc1)Oc1cc2c(C(=O)N(C2=O)c2ccc(cc2)Cc2ccc(cc2)[*])cc1)(C)C,217.0,,
4608,[*]Oc1ccc(cc1)C(c1ccc(cc1)OC(=O)c1c(cccc1)c1c(cccc1)C(=O)[*])(C(F)(F)F)C(F)(F)F,162.0,,
7081,[*]C(CCC[*])(Cl)C,,115.0,
11674,[*]Oc1ccc(C(C)(C)c2cc(Cl)c(OC([*])=O)c(Cl)c2)cc1,,,4.8819
1726,[*]N1C(=O)c2c(C1=O)cc(cc2)Oc1ccc(cc1)C(=O)c1ccc(cc1)Oc1cc2c(C(=O)N(C2=O)c2cc(ccc2)[*])cc1,239.0,,
3588,[*]Oc1ccc(cc1)C(c1ccc(cc1)OC1(C(C(C1(F)F)(F)F)([*])F)F)(C)C,98.0,,
7816,[*]OC(=O)CCCCCCCCCC(=O)OCCC[*],,59.0,
2816,[*]c1nc2c(c(c1)c1ccc(cc1)Oc1ccc(cc1)c1cc(nc3c1cccc3)c1ccc(cc1)Oc1ccc(cc1)[*])cccc2,275.67,483.0,
10914,[*]CCCCCc1nc2cc3sc([*])nc3cc2s1,,,4.2723
6358,[*]C1C2C(C(=O)N(C2=O)c2c(cccc2)Br)C(C1)C=C[*],270.2,,
6165,[*]N1C(=O)C(CC1=O)Nc1cc(ccc1)NC1C(=O)N(C(=O)C1)c1c(cc(cc1C)C(c1cc(c(c(c1)C)[*])C)c1cnccc1)C,224.0,,
7843,[*]OC(=O)CCCCS(=O)(=O)CCCCC(=O)OCCCCCCCCCCCCCCCCCCCC[*],,115.5,
5921,[*]c1cc2c(C(=O)N(C2=O)c2ccc(cc2)Oc2ccc(cc2)N2C(=O)c3c(C2=O)cc(cc3)C(=O)N2C(=O)N(C(=O)C2(CC)CC)C(=O)[*])cc1,160.0,,
2957,[*]Oc1c2c(ccc1)ccc(c2)Oc1ccc(cc1)NC(=O)c1ccc(cc1)Oc1cc(ccc1)Oc1ccc(cc1)C(=O)Nc1ccc(cc1)[*],196.0,,
10333,[*]C1C2CCC(C2)C1[*],,,6.1739
3601,[*]Oc1c(cc(cc1OC)/C=C/c1ccc(cc1)/C=C/c1cc(c(c(c1)OC)OCCCCCCCCCCCC[*])OC)OC,61.1,,
4245,[*]Oc1ccc(cc1)C1(c2ccccc2Cc2ccccc12)c1ccc(cc1)OC(=O)c1ccc(cc1)C(=O)[*],342.0,,
10633,[*]Oc1ccc(Oc2ccc(C(=O)c3ccc([*])cc3)cc2)cc1C=O,,,3.6677
5082,[*]N1C(=O)c2c(C1=O)cc(cc2)c1cc2c(C(=O)N(C2=O)c2cc(ccc2)C(=O)Nc2ccc(cc2)Oc2ccc(cc2)Oc2ccc(cc2)Oc2ccc(cc2)NC(=O)c2cc(ccc2)[*])cc1,244.0,,
5933,[*]c1cc2c(C(=O)N(C2=O)c2ccc(cc2)Oc2ccc(cc2)C(=O)c2ccc(cc2)Oc2ccc(cc2)N2C(=O)c3c(C2=O)cc(cc3)C([*])(C(F)(F)F)C(F)(F)F)cc1,266.0,,
4040,[*]C1COC2C1OCC2OC(=O)c1cc(ccc1)OCCCCCCOc1cc(ccc1)C(=O)O[*],42.25,,
6668,[*]N(CC(C[*])O)c1cc(cc(c1)C)C,80.0,,
7688,[*]OC(=O)C(C(C(=O)OCCCCCCCCCC[*])O)O,,49.5,
4883,[*]Nc1ccc(cc1)Cc1ccc(cc1)NC(=O)c1cc(cc(c1)NC(=O)C(C(CC)C)N1C(=O)c2c(C1=O)cccc2)C(=O)[*],195.0,,
652,[*]Oc1ccc(cc1)C(c1ccc(cc1)OCC(=O)OC(=O)C[*])(C)C,105.0,199.0,
6147,[*]N1C(=O)c2c(C1=O)cc(cc2)NC(=O)Nc1ccc(cc1)NC(=O)Nc1cc2c(C(=O)N(C2=O)c2ccc(cc2)c2nc(cc(c2)c2ccc(cc2)c2ccccc2)c2ccc(cc2)[*])cc1,243.0,,
2348,[*]C=CC([*])(c1ccccc1)C,51.5,193.0,
1456,[*]NC1CCC(CC1)CCC1CCC(CC1)NC(=O)CCCCCCCCC(=O)[*],116.0,331.0,
4720,[*]Nc1cc(cc(c1)C(=O)Oc1ccccc1)NC(=O)c1ccc(cc1)C(=O)[*],200.0,,
456,[*]C(C[*])(C(=O)OCCC(CC(C)(C)C)C)C,1.0,,
6872,[*]c1c(cc(c(c1)c1cc(c(cc1)F)C(F)(F)F)C=C[*])OCC(CCCC)CC,122.0,,
9690,[*]CCCCCCCCCCCCCCCCCCCCOC(=O)CCCCCC(=O)O[*],,,6.7391
3512,[*]Oc1ccc(cc1)CC(NC(=O)Cc1ccc(cc1)OC(=O)COCCOCC(=O)[*])C(=O)OCCCCCC,31.0,,
7534,[*]NC(C(=O)[*])(CC(C)C)CC(=O)O,,286.0,
9840,[*]Nc1ccc(NC(=O)c2cccc(C([*])=O)c2)cc1,,,3.551
5811,[*]N1C(=O)c2c(C1=O)cc(cc2)c1cc2c(C(=O)N(C2=O)c2cc(ccc2)Oc2c(ccc(c2)Oc2cc(ccc2)[*])P(=O)(c2ccccc2)c2ccccc2)cc1,234.0,,
3436,[*]Oc1ccc(cc1)C(c1ccc(cc1)Oc1ccc(cc1)C(=O)c1cc(ccc1)c1cc(ccc1)C(=O)c1ccc(cc1)[*])(C(F)(F)F)C(F)(F)F,159.0,,
12156,[*]C(=O)C(C=C1)=CC=C1C(=S)O[*],,,3.2688
4786,[*]Nc1c(cc(cc1)NC(=O)c1ccc(cc1)NC(=O)CCCCCCCCCCCCC(=O)Nc1ccc(cc1)C(=O)[*])C(=O)OCCCCCCCCCCCC,199.5,,
3182,[*]Oc1ccc(cc1)C(c1ccc(cc1)Oc1ccc(cc1)C(=O)c1ccc(cc1)C(c1ccc(cc1)C(=O)c1ccc(cc1)[*])(C(F)(F)F)C(F)(F)F)(C(F)(F)F)C(F)(F)F,185.0,,
11885,[*]CCCN([*])C,,,4.8968
7901,[*]OC(=O)NC1CC(CCC1)NC(=O)OCC[*],,200.0,
6953,[*]C(=C[*])CCCOc1ccc(cc1)C1CCC(CC1)CCCCCCCC,,87.0,
10036,[*]CCOC(=O)NCCCCCCCCCNC(=O)O[*],,,6.3118
32,[*]C(C(CC[*])C)C,-32.0,132.5,
9306,[*]CCCCCCO[*],,,6.1189
7834,[*]OC(=O)CCCCCNC(=O)c1ccc(cc1)C(=O)NCCCCCC(=O)OCCCC[*],,190.0,
4062,[*]OCCCCOc1ncnc(n1)[*],-11.0,,
2898,[*]Oc1cc2c(cc1)ccc(c2)Oc1ccc(cc1)C(=O)Nc1ccc(cc1)Oc1ccc(cc1)S(=O)(=O)c1ccc(cc1)Oc1ccc(cc1)NC(=O)c1ccc(cc1)[*],227.0,,
11979,[*]C(S1)=CC=C1C(S2)=CC=C2C(S3)=CC=C3O[*],,,2.5408
2239,[*]C(C[*])OC(=O)c1c2c(n(n1)C(=O)C)cccc2,150.0,,
4428,[*]OC(=O)c1cc2c(cc1)cc(cc2)C(=O)OCCCCCCCCCCC[*],39.0,,
3586,[*]Oc1ccc(cc1)c1ccc(cc1)OC1(C(C(C1(F)F)(F)F)([*])F)F,157.93,,
11238,[*]C(=O)NNC(=O)c1cccc([*])n1,,,4.6124
10923,[*]c1cc(CCCCCCCCCC2COC(C)(C)O2)c([*])s1,,,2.9938
5629,[*]C1C(=O)N(C(=O)C1C(C[*])OC)c1ccc(cc1)N(C)C,221.0,,
11845,[*]Nc1ccc(C=Cc2ccc(NC(=C(C#N)C#N)c3ccc(C([*])=C(C#N)C#N)cc3)cc2)cc1,,,2.0414
6311,[*]c1cc2c(C(=O)N(C2=O)C2C(=O)N(C(=O)C2)c2cc(ccc2)NC(=O)[*])cc1,130.0,,
6690,[*][Si]([Si]([Si]([Si](C[*])(C)C)(C)C)(C)C)(C)C,-68.0,36.85,
9025,[*]c1sc(nn1)c1cc(ccc1)OCCCCCCCCCCCOC(=O)CCCCC(=O)OCCCCCCCCCCCOc1cc(ccc1)[*],,95.0,
2361,[*]C(C[*])C(=O)NC,171.0,,
6081,[*]N1C(=O)c2c(C1=O)cc(cc2)Oc1ccc(cc1)C(c1ccc(cc1)Oc1cc2c(C(=O)N(C2=O)c2ccc(cc2)Oc2ccc(cc2)c2ccc(cc2)Oc2ccc(cc2)[*])cc1)(C)C,220.0,,
3471,[*]OCCOCCOCCCNC(=O)C(NC(=O)C(NC(=O)CCCCCCCCC(=O)NC(C(=O)NC(C(=O)NCCC[*])C(C)C)Cc1ccccc1)Cc1ccccc1)C(C)C,66.0,238.0,
10138,[*]C(=O)Oc1ccc(OC(=O)c2ccc3c(c2)C(=O)N(c2ccc(Oc4ccc(N5C(=O)c6ccc([*])cc6C5=O)cc4)cc2)C3=O)cc1,,,2.5383
3171,[*]Oc1ccc(cc1)S(=O)(=O)c1ccc(cc1)Oc1c(cc(cc1C)Cc1cc(c(c(c1)C)[*])C)C,232.0,,
10649,[*]C=Cc1ccc([*])o1,,,3.8424
7036,[*]C(C[*])CC(CC)CC,,246.0,
724,[*]Oc1ccc(cc1)CC(Cc1ccc(cc1)[*])(C#N)C#N,147.0,,
11092,[*]OC1CCC(C2CCC(OC(=O)CCCCCCCCCC([*])=O)CC2)CC1,,,6.4908
12297,[*]C([2H])=C([*])[2H],,,1.4005
391,[*]C(C[*])(C(=O)OCCN(C)C)C,24.75,,
2500,[*]C(C[*])(C(=O)OCCCCCCCCCCOc1ccc(cc1)OC(=O)c1ccc(cc1)OCCCC)C,31.0,,
1566,[*]OC(=O)Nc1ccc(cc1)Cc1ccc(cc1)NC(=O)OCCC[*],119.0,234.0,
6572,[*]Nc1ccc(cc1)C(c1cc(ccc1)C(c1ccc(cc1)NC(=C(C#N)C#N)c1ccc(cc1)C(=C(C#N)C#N)[*])(C)C)(C)C,208.0,,
1787,[*]c1cc2c(C(=O)N(C2=O)c2ccc(cc2)C(=O)Nc2cc(ccc2)C=CC(=O)C=Cc2cc(ccc2)NC(=O)[*])cc1,237.0,,
4793,[*]Nc1c(cc(cc1)NC(=O)c1ccc(cc1)NC(=O)CCCCCCC(=O)Nc1ccc(cc1)C(=O)[*])C(=O)OCCCCCCCCCCCCCCCCCC,305.0,,
1802,[*]c1cc2c(C(=O)N(C2=O)c2ccc(cc2)Oc2c3c(ccc2)c(ccc3)Oc2ccc(cc2)N2C(=O)c3c(C2=O)cc(cc3)C(=O)Nc2ccc(cc2)c2sc(c(c2c2ccccc2)c2ccccc2)c2ccc(cc2)NC(=O)[*])cc1,340.0,,
3623,[*]Oc1ccc(cc1)Oc1ccc(cc1)NC(=C(C#N)C#N)c1ccc(cc1)C(=C(C#N)C#N)Nc1ccc(cc1)[*],255.0,,
10626,[*]COC(=O)OCC1OC(OCC)(OCC)OC1[*],,,6.474
4256,[*]Oc1ccc(cc1)Cc1ccc(cc1)OC(=O)c1ccc(cc1)C(c1ccc(cc1)C(=O)[*])(C)C,135.0,,
9483,[*]Oc1cccc(C(=O)OCC(F)(F)C(F)(F)C(F)(F)COC(=O)c2cccc([*])c2)c1,,,4.5011
5733,[*]c1cc2c(C(=O)N(C2=O)c2ccc(cc2)C(c2ccc(cc2)N2C(=O)c3c(C2=O)cc(cc3)C(=O)[*])(c2ccccc2)C(F)(F)F)cc1,311.0,,
1649,[*]N1C(=O)c2c(C1=O)cc(cc2)c1cc2c(C(=O)N(C2=O)c2c(ccc(c2)[*])C)cc1,341.33,,
2881,[*]O[Si](O[Si](O[Si](O[Si](Oc1c(cc(cc1C)c1cc(c(c(c1)C)[*])C)C)(C)C)(C)C)(C)C)(C)C,-16.0,,
2440,[*]C(C[*])C(=O)OCCOC(=O)c1cc(cc(c1)[N+](=O)[O-])[N+](=O)[O-],60.8,,
2601,[*]C(C[*])(CC(=O)OC1CCCCCC1)C(=O)OC1CCCCCC1,105.0,,
1054,[*]SSCc1ccc(cc1)C[*],23.0,182.5,
6162,[*]c1cc2c(C(=O)N(C2=O)c2ccc(cc2)Oc2ccc(cc2)N2C(=O)c3c(C2=O)cc(cc3)C(=O)Nc2ccc(cc2)C2(c3ccccc3c3ccccc23)c2ccc(cc2)NC(=O)[*])cc1,240.0,,
8919,[*]c1ncc(cc1)C(=O)NNC(=O)c1nc(ccc1)C(=O)NNC(=O)[*],,350.0,
9859,[*]CCCC(C)CCC(=O)N[*],,,5.9091
6494,[*]Oc1ccc(cc1)C(c1ccc(cc1)OC(=O)OCC1CCC(CC1)COC(=O)[*])(C)C,90.4,,
11097,[*]CCCS(=O)(=O)CCCS(=O)(=O)CCCOC(=O)c1ccccc1C(=O)O[*],,,5.0984
11754,[*]N=C1C=CC([*])C=C1Cl,,,4.0784
2094,[*]c1ccc(cc1)c1c(cc(c(c1c1ccccc1)c1ccccc1)c1ccc(cc1)c1c(c(c(c(c1)c1ccccc1)c1ccc(cc1)CCCCCCCCCC[*])c1ccccc1)c1ccccc1)c1ccccc1,235.0,,
9998,[*]CCCCCCCCCCCCCCCCCCCCCC(=O)N[*],,,5.9891
9655,[*]CC(C)(CC)C(=O)O[*],,,6.6259
5692,[*]N1C(=O)c2c(C1=O)cc(cc2)c1cc2c(C(=O)N(C2=O)c2cc(ccc2)OCCCCCOc2cc(ccc2)[*])cc1,165.0,,
10090,[*]CCOC(=O)Nc1cccc(NC(=O)O[*])c1,,,5.098
10061,[*]CC(F)(F)C(F)(F)COC(=O)NCC(F)(F)C(F)(F)C(F)(F)C(F)(F)CNC(=O)O[*],,,7.202
7833,[*]OC(=O)CCCCCNC(=O)c1ccc(cc1)C(=O)NCCCCCC(=O)OCC[*],,204.0,
2175,[*]C(C[*])c1ccc(cc1)[Si](O[Si](O[Si](C)(C)C)(C)C)(C)C,-27.0,,
7166,[*]N(C(=O)[*])c1ccccc1,,247.1666667,
3768,[*]Oc1ccc(cc1)c1ccc(cc1)OCCCCCCCCCCCOC(=O)c1cc(cc(c1)OCCCCCCCCOc1ccc(cc1)N=Nc1ccc(cc1)OC)C(=O)OCCCCCCCCCCC[*],60.0,128.0,
5393,[*]N1C(=O)c2c(C1=O)cc(cc2)c1ccc(cc1)c1cc2c(C(=O)N(C2=O)CCCCCCC[*])cc1,135.0,,
1343,[*]NC(=O)c1cc(cc(c1)C(C)(C)C)C(=O)NCC(CCC(C[*])C)C,149.0,271.0,
6587,[*]N(c1ccc(cc1)C=C(c1c(cc(c(c1)OCCCCCCCC)C(=Cc1ccc(cc1)[*])C#N)OCCCCCCCC)C#N)c1ccccc1,78.0,,
1464,[*]Nc1ccc(cc1)Cc1ccc(cc1)NC(=O)CCCCCCCCC(=O)[*],160.0,270.0,
4214,[*]c1cc2n(c3c(c2cc1)ccc(c3)c1sc(cc1CCCCCC)c1c2c(nsn2)c(cc1)c1sc(c(c1)CCCCCC)[*])C(CCCCCCCC)CCCCCCCC,77.0,,
9912,[*]NC1CC(CCC([*])=O)C1(C)C,,,5.7546
513,[*]C(C[*])(C(=O)OCC1OC1)C,62.81,,
8328,[*]OP(=O)(OCCCCOc1ccc(cc1)C=Cc1ccc(cc1)OCCCC[*])Oc1ccccc1,,166.0,
822,[*]Oc1c(cc(cc1)C(=O)c1ccc(cc1)C(=O)c1cc(c(cc1)[*])C(C)C)C,149.0,253.0,
2225,[*]C(C[*])c1c(cccc1)C(F)(F)F,165.0,,
5820,[*]c1cc2c(C(=O)N(C2=O)c2cc(ccc2)C(c2cc(ccc2)N2C(=O)c3c(C2=O)cc(cc3)C(=O)[*])(c2ccccc2)C(F)(F)F)cc1,311.0,,
11236,[*]C(=O)NNC(=O)c1cncc(C(=O)NNC(=O)c2ccc([*])nc2)c1,,,3.9225
8644,[*]S(=O)(=O)CCCCC[*],,243.0,
6203,[*]c1cc2c(C(=O)N(C2=O)c2cc(cc(c2)OCCCC)N2C(=O)c3c(C2=O)cc(cc3)C([*])(C(F)(F)F)C(F)(F)F)cc1,246.0,,
6639,[*]N(CC[*])C(=O)c1c(c(cc(c1F)F)F)F,122.0,,
2138,[*]C(C[*])(c1nc2c(cc1)cccc2)C,181.8,,
7561,[*]NC(CCCCNC(=O)CCCCC(=O)NCCCCC(NC(=O)CCCCC(=O)[*])C(=O)O)C(=O)O,,101.25,
3906,[*]Oc1ccc(cc1)Oc1ccc(cc1)C(=O)c1c2c(c(cc1)C(=O)c1ccc(cc1)[*])cccc2,200.02,,
5841,[*]N1C(=O)c2c(C1=O)cc(cc2)Oc1c(cc(cc1C)C(c1cc(c(c(c1)C)Oc1cc2c(C(=O)N(C2=O)c2cc(c(cc2)c2c(cc(cc2)[*])C(F)(F)F)C(F)(F)F)cc1)C)(C)C)C,262.0,,
8717,[*]SCCCCC(=O)NCCCCCCNC(=O)CCCC[*],,185.0,
5465,[*]N1C(=O)c2c(C1=O)cc(cc2)C(=O)Oc1ccc(cc1)c1ccc(cc1)OC(=O)c1cc2c(C(=O)N(C2=O)CCCOCCCCOCCC[*])cc1,70.0,220.0,
4779,[*]Nc1ccc(cc1)c1c(cc(cc1c1ccc(cc1)c1ccccc1)c1ccc(cc1)c1cc(c(c(c1)c1ccc(cc1)c1ccccc1)c1ccc(cc1)NC(=O)c1ccc(cc1)C(=O)[*])c1ccc(cc1)c1ccccc1)c1ccc(cc1)c1ccccc1,305.0,,
3489,[*]Oc1ccc(cc1)CC(NC(=O)CCc1ccc(cc1)OC(=O)COCC(=O)[*])C(=O)OCC,79.0,,
5743,[*]N1C(=O)c2c(C1=O)cc(cc2)Oc1ccc(cc1)C1(CCC(CC1)C(C)(C)C)c1ccc(cc1)Oc1cc2c(C(=O)N(C2=O)c2ccc(cc2)Oc2ccc(cc2)C(c2ccc(cc2)Oc2ccc(cc2)[*])(C(F)(F)F)C(F)(F)F)cc1,227.0,,
495,[*]C(C[*])(C(=O)OCC(C(C(C(C(C(F)F)(F)F)(F)F)(F)F)(F)F)(F)F)C,12.5,,
3307,[*]Oc1ccc(cc1)NC(=O)c1cc(ccc1)C(=O)Nc1ccc(cc1)Oc1ccc(cc1)C(=O)c1ccc(cc1)[*],145.0,,
11851,[*]c1ccc2cc(N([*])c3ccccc3)ccc2c1,,,2.8541
2801,[*]Oc1ccc(cc1)S(=O)(=O)c1ccc(cc1)OCC(COc1c(cc(cc1C)C(c1cc(c(c(c1)C)OCC(C[*])O)C)(C)C)C)O,145.0,,
7576,[*]NCCC[*],,82.5,
3716,[*]Oc1ccc(cc1)c1ccc(cc1)Oc1ccc(cc1)C(=O)c1ccc(cc1)C(=O)c1ccc(cc1)[*],173.0,426.0,
1071,[*]Oc1c(cc(cc1)OC(=O)c1ccc(cc1)Sc1cc(ccc1)OC(=O)c1ccc(cc1)C(=O)Oc1cc(ccc1)Sc1ccc(cc1)C(=O)[*])C,135.0,,
3157,[*]Oc1cc(ccc1)OCC(COc1ccc(cc1)C(c1ccc(cc1)OCC(C[*])O)(C)C)O,83.0,,
2576,[*]C(C[*])(C(=O)OCCCC1CCCCC1)C,41.33,,
11386,[*]C(=O)Nc1cccc(NC(=O)c2ccc3[nH]c(-c4cc(-c5nc6cc([*])ccc6[nH]5)cc(N5C(=O)c6ccccc6C5=O)c4)nc3c2)c1,,,2.7447
3340,[*]Oc1ccc(cc1)NC(=O)c1cc(ccc1)C(=O)Nc1ccc(cc1)Oc1ccc(cc1)C(c1cc(ccc1)C(c1ccc(cc1)[*])(C)C)(C)C,180.0,,
8604,[*]Oc1ccc(cc1)Oc1ccc(cc1)OC(=O)c1ccc(cc1)C(=O)Oc1ccc(cc1)Oc1ccc(cc1)OCCCCCCCCCC[*],,239.3333333,
11235,[*]C(=O)NNC(=O)c1ccc([*])nc1,,,3.5892
7680,[*]OC(=O)C(=O)OCCCCC[*],,51.5,
4563,[*]O[Zn]OC(=O)c1c(cccc1)C(=O)OCCCCCOC(=O)Nc1c(ccc(c1)NC(=O)OCCCCCOC(=O)c1c(cccc1)C(=O)[*])C,4.2,,
9945,[*]NC(C)C([*])=O,,,6.0729
9482,[*]OC(F)(F)COC(=O)c1cccc(C(=O)OCC([*])(F)F)c1,,,4.7299
4061,[*]Oc1c(c(c(c(c1F)C#N)Oc1ccc(cc1)C(c1cc(ccc1)C(c1ccc(cc1)[*])(C)C)(C)C)F)C#N,131.5,,
2971,[*]Oc1ccc(cc1)C(c1ccc(cc1)Oc1ccc(cc1)C(=O)c1c2c(ccc1C)c(c(cc2)C)C(=O)c1ccc(cc1)[*])(C)C,222.0,,
9682,[*]CCCCCCCCCCCCOC(=O)CCCCCNC(=O)CCCCC(=O)NCCCCCC(=O)O[*],,,5.3312
7449,[*]NC(=O)CCCCCCCCCCC(=O)NCCCCCCCCCCCCCCCCCC[*],,170.0,
80,[*]C(C[*])c1ccc(cc1)CCCCCCCC,-45.0,,
8684,[*]SC(=O)CCCCC(=O)SCC[*],,154.0,
7031,[*]C(C[*])C1CCCCCC1,,300.0,
10940,[*]c1cc2c(s1)-c1sc([*])cc1C2=C(C#N)C#N,,,0.6839
2655,[*]C(C[*])(C(=O)OCCn1c2ccc(cc2c2ccccc12)N=Nc1c(cc(cc1)[N+](=O)[O-])[N+](=O)[O-])C,182.0,,
8283,[*]OCCCCCC[*],,64.11111111,
4537,[*]OC1CCC(CC1)OC(=O)c1ccc(cc1)C(=O)[*],94.3,280.5,
11074,[*]Oc1ccc(C(C)=NN=C(C)c2ccc(OC(=O)CCCCCCCCC([*])=O)cc2)cc1,,,3.996
1493,[*]Nc1ccc(cc1)C(c1ccc(cc1)NC(=O)c1cc(ccc1)C(=O)[*])(C)C,278.33,424.0,
10472,[*]CC([*])(C)C(=O)OCc1ccc(Cl)cc1Cl,,,4.8651
454,[*]C(C[*])(C(=O)OCCC(C)(C)C)C,45.0,,
6220,[*]N1C(=O)c2c(C1=O)cc(cc2)Oc1cc2c(C(=O)N(C2=O)c2cc(c(cc2)Oc2c(cc(cc2C(C)(C)C)c2ccc(cc2)[*])C(C)(C)C)C(F)(F)F)cc1,353.0,,
9052,[*]n1c(=O)c2cc3c(cc2c1=O)c(=O)n(c3=O)CCCCCC(=O)OCCCCCCCCCCOC(=O)CCCCC[*],,134.3333333,
11727,[*]c1nc(-c2ccccc2)nc(N([*])C)n1,,,4.2966
3791,[*]OP(=O)(Oc1ccc(cc1)c1ccc(cc1)[*])OC1CCCCC1,116.0,,
4125,[*]c1sc(cc1)c1ccc(cc1)C=Nc1ccc(cc1)C(c1ccc(cc1)N=Cc1ccc(cc1)[*])c1ccccc1,129.0,,
4277,[*]Oc1c(cc(cc1OC)c1cc(c(c(c1)OC)OC(=O)CCCCCCCCC(=O)[*])OC)OC,94.0,,
8242,[*]OCC(C[*])(C[N-][N+]#N)C[N-][N+]#N,,96.75,
5187,[*]N1C(=O)c2c(C1=O)cc(cc2)C(=O)c1cc2c(C(=O)N(C2=O)CCCC(=O)Nc2ccc(cc2)Cc2ccc(cc2)NC(=O)CCC[*])cc1,195.0,,
1137,[*]OC(=O)c1ccc(cc1)C(=O)OCC(C(C[*])CCCC)CCCC,16.0,,
11329,[*]Nc1ccc(NC(=O)c2cc(NC(=O)c3ccncc3)cc(C([*])=O)c2)cc1,,,3.6703
8918,[*]c1ncc(cc1)C(=O)NNC(=O)c1cncc(c1)C(=O)NNC(=O)[*],,350.0,
8162,[*]OC(C[*])COc1c(cccc1)C,,190.0,
11969,[*]CC([*])(F)C(=O)OCC,,,6.7238
7968,[*]OC(=O)Nc1ccc(cc1)Cc1ccc(cc1)NC(=O)OCC#CC#CC[*],,150.0,
7346,[*]NC(=O)C(C(=O)NCCCCCC[*])CCCCCCCC,,132.0,
1081,[*]OC(=O)CCCCC(=O)OCC[*],-61.91,51.1,
5116,[*]C1(c2c(C(=O)N1)cccc2)c1ccc(cc1)Oc1ccc(cc1)NC(=O)c1cc2c(C(=O)N(C2=O)c2ccc(cc2)Cc2ccc(cc2)N2C(=O)c3c(C2=O)cc(cc3)C(=O)Nc2ccc(cc2)Oc2ccc(cc2)[*])cc1,302.0,,
11557,[*]C(=O)Oc1ccc2ccc(OC(=O)c3ccc4c(c3)C(=O)N(c3ccc(Oc5ccc(N6C(=O)c7ccc([*])cc7C6=O)cc5)cc3)C4=O)cc2c1,,,2.5688
12427,[*]CCN(CCOC(=O)C=Cc1ccc(C=CC(=O)O[*])cc1)c1ccc(N=Nc2ccc([N+](=O)[O-])cc2)cc1,,,2.3089
6871,[*]c1c(cc(c(c1)c1ccc(cc1)N(c1ccc(cc1)OC)c1ccc(cc1)OC)C=C[*])OCC(CCCC)CC,163.0,,
3571,[*]OC(=O)c1c(ccc(c1)N=Nc1ccc(cc1)OCC)c1c(cc(cc1)N=Nc1ccc(cc1)OCC)C(=O)OCCOCCOCC[*],65.0,,
8561,[*]Oc1ccc(cc1)N=Cc1ccc(cc1)OC(=O)c1ccc(cc1)C=Nc1ccc(cc1)OCCCCCCCCOC(=O)NC1CCC(CC1)CC1CCC(CC1)NC(=O)OCCCCCCCC[*],,155.3,
6346,[*]c1oc(nn1)c1ccc(cc1)Oc1cc(ccc1)n1c(=O)c2ccc3c(=O)n(c(=O)c4ccc(c1=O)c2c34)c1cc(ccc1)Oc1ccc(cc1)[*],318.0,,
7989,[*]OC(=O)SSSC(=O)OCCCC[*],,66.0,
10920,[*]C=NN=Cc1cc(CCCCCCCCCCCC)c([*])s1,,,1.846
1814,[*]N1C(=O)c2c(C1=O)cc(cc2)Oc1cc2c(C(=O)N(C2=O)c2ccc(cc2)Oc2cc3c(cc2Oc2ccc(cc2)[*])cccc3)cc1,254.17,,
10535,[*]OC(F)(C([*])(F)F)C(F)(F)F,,,8.6002
5208,[*]N1C(=O)c2c(C1=O)cc(cc2)Oc1ccc(cc1)Sc1ccc(cc1)Oc1cc2c(C(=O)N(C2=O)c2ccc(cc2)Oc2ccc(cc2)C(c2ccc(cc2)Oc2ccc(cc2)[*])(C(F)(F)F)C(F)(F)F)cc1,217.5,,
757,[*]c1oc(nn1)c1ccc(cc1)C1(c2c(C(=O)O1)cccc2)c1ccc(cc1)[*],370.0,,
11854,[*]c1[nH]c([*])c2c1CCCC2,,,2.7316
3975,[*]C1=CC(=C(C#N)C#N)C=C(O1)C=Cc1sc(c(c1CCCCCC)CCCCCC)c1sc(cc1)c1sc(cc1)c1sc(c(c1CCCCCC)CCCCCC)C=C[*],112.0,,
8994,[*]c1sc(cc1)c1sc(cc1)[Si]([*])([Si](c1ccccc1)(C)C)C,,220.0,
4915,[*]N(c1ccc(cc1)C(=O)[*])C,197.0,,
3106,[*]OC(CC(=O)OCC[*])C,-37.1,11.0,
6366,[*]c1cc2c(C(=O)N(C2=O)c2c(c(cc(c2)C(F)(F)F)N2C(=O)c3c(C2=O)cc(cc3)C(=O)Nc2c(c(cc(c2)C(F)(F)F)NC(=O)[*])Oc2ccc(cc2)C(F)(F)F)Oc2ccc(cc2)C(F)(F)F)cc1,315.0,,
11789,[*]Nc1cc(OC)c([*])cc1OC,,,3.2172
1651,[*]N1C(=O)c2c(C1=O)cc(cc2)c1cc2c(C(=O)N(C2=O)c2ccc(cc2)Oc2ccc(cc2)C(c2ccc(cc2)Oc2ccc(cc2)[*])(C)C)cc1,230.0,,
7300,[*]N1CCN(CC1)SC(=O)OCCCCCCOC(=O)S[*],,140.5,
1699,[*]c1cc2c(C(=O)N(C2=O)c2cc(ccc2)N2C(=O)c3c(C2=O)cc(cc3)C(=O)[*])cc1,292.1,,
1377,[*]NC(=O)c1ccc(cc1)CC(=O)NCCCC[*],84.0,221.0,
8170,[*]OC(C[*])COc1ccc(cc1)Cl,,180.75,
4026,[*]c1n(c(cc1)Oc1ccc(cc1)C(c1ccc(cc1)OC[*])(C)C)c1ccc(cc1)C#N,73.13,,
2213,[*]C(C[*])c1ccc(cc1)COc1ccc(cc1)c1c2c(nsn2)c(cc1)c1ccc(cc1)C,117.0,,
2332,[*]c1cc2C(c3c(c2cc1)ccc(c3)c1cc2C(c3c(c2cc1)ccc(c3)[*])(c1ccc(cc1)c1oc(nn1)c1ccc(cc1)C(C)(C)C)c1ccc(cc1)c1oc(nn1)c1ccc(cc1)C(C)(C)C)(CCCCCCCC)CCCCCCCC,213.0,,
5186,[*]N1C(=O)c2c(C1=O)cc(cc2)C(=O)c1cc2c(C(=O)N(C2=O)CCC(=O)Nc2ccc(cc2)Cc2ccc(cc2)NC(=O)CC[*])cc1,221.0,,
3319,[*]Oc1c(cc(cc1)OC(=O)c1ccc(cc1)OCCCCCCCCCCOc1ccc(cc1)C(=O)[*])S(=O)(=O)c1ccccc1,88.0,115.0,
498,[*]C(C[*])(CC(=O)OC)C(=O)OC,80.04,,
2641,[*]C(C[*])(CCCCCCCC)C(=O)OC,20.0,,
11805,[*]N=Nc1ccc(-c2ccc([*])c(C)c2)cc1C,,,2.1369
893,[*]c1oc(cc1)C(c1oc(cc1)CNC(=O)OC(C(OC(=O)NC[*])c1occc1)c1occc1)(C)C,45.0,,
341,[*]C(C[*])C(=O)OC(C(F)(F)F)C(F)(F)F,24.06,,
5016,[*]c1nc(ccc1)NC(=O)Nc1ccc(cc1)Cc1ccc(cc1)NC(=O)N[*],216.67,281.5,
6731,[*]O[Si]([*])(CCCCCCCCCCCOc1ccc(cc1)/C=C/c1ccc(cc1)C#N)C,-55.0,58.85,
4527,[*]c1ccc2n(c3c(c2c1)cc(cc3)C=C(C(=O)OCCCCCCCCCCOC(=O)C(=C[*])C#N)C#N)CCCCCCCCCCCCCC,35.0,,
5571,[*]N1C(=O)c2c(C1=O)cc(cc2)c1cc2c(C(=O)N(C2=O)c2cc(c(c(c2)C(=O)OCCCCCCCCCC)c2c(cc(cc2Br)[*])C(=O)OCCCCCCCCCC)Br)cc1,116.0,,
10993,[*]c1cc(-c2ccc(OCCCCCC)cc2)c([*])s1,,,2.6448
11559,[*]CCCCCCCCN1C(=O)CC(C2C=C(C)C3C(=O)N([*])C(=O)C3C2)C1=O,,,5.4303
8201,[*]OC(COC(=O)CCCCC(=O)[*])C,,-23.75,
858,[*]Oc1ccc(cc1)Oc1ccc(cc1)C(=O)c1cc(ccc1)C(=O)c1ccc(cc1)[*],144.0,279.0,
7254,[*]N1C(CN(C(C1)C)C(=O)OC1CCC(CC1)OC(=O)[*])C,,260.0,
762,[*]Oc1ccc(cc1)C(c1ccc(cc1)Oc1ccc(cc1)C(=O)c1ccc(cc1)[*])(C)C,155.23,248.0,
8370,[*]Oc1c(cc(cc1)C=C1C(=O)C(=Cc2cc(c(cc2)OCCCCCCCCCC[*])OC)CC1)OC,,176.0,
8606,[*]Oc1ccc(cc1)Oc1ccc(cc1)OC(=O)c1ccc(cc1)Oc1ccc(cc1)Oc1ccc(cc1)C(=O)[*],,325.0,
3430,[*]Oc1ccc(cc1)S(=O)(=O)c1ccc(cc1)Oc1ccc(cc1)C1(CCCC1)c1ccc(cc1)[*],230.0,,
4681,[*]NC(=O)CCP(=O)(CCC(=O)NCCCCCCCC[*])C,52.0,,
3641,[*]Oc1c(ccc(c1)OC(=O)c1ccc(cc1)Oc1ccc(cc1)C1(CCC(CC1)C(C)(C)C)c1ccc(cc1)Oc1ccc(cc1)C(=O)[*])C12CC3CC(CC(C1)C3)C2,180.0,,
9764,[*]CC(F)(F)C(F)(F)C(F)(F)COC(=O)CCCC(=O)O[*],,,6.894
8466,[*]Oc1ccc(cc1)C(=NN=C(c1ccc(cc1)OC(=O)OCCCCCCCCOC(=O)[*])C)C,,179.85,
3027,[*]Oc1c(c(ccc1)Oc1ccc(cc1)c1ccc(cc1)[*])C#N,210.0,331.0,
12013,[*]CC(S1)=CC=C1C(C=C2)=CC=C2O[*],,,4.0623
4530,[*]c1ccc2n(c3c(c2c1)cc(cc3)C=C(C(=O)OCCCCCCOC(=O)C(=C[*])C#N)C#N)CCCCCCC,87.0,,
830,[*]OC(COC(=O)c1cc(ccc1)C(=O)OCC([*])(F)F)(F)F,28.0,,
4276,[*]Oc1c(cc(cc1OC)c1cc(c(c(c1)OC)OC(=O)c1cc(ccc1)C(=O)[*])OC)OC,252.0,,
9770,[*]CC(C)(C)COC(=O)C1CCC(C(=O)O[*])CC1,,,6.6144
8438,[*]Oc1cc(ccc1)Oc1ccc(cc1)C(=O)Oc1ccc(cc1)OC(=O)c1ccc(cc1)[*],,344.0,
9529,[*]CCCCCOC(=O)NCCSCCSCCNC(=O)O[*],,,5.3739
5647,[*]N1C(=O)c2cc3C(c4c(Oc3cc2C1=O)cc1C(=O)N(C(=O)c1c4)c1ccc(cc1)C(c1ccc(cc1)[*])(C(F)(F)F)C(F)(F)F)(C(F)(F)F)C(F)(F)F,430.0,,
6890,[*]C(C[*])(C(=O)OCC)F,94.0,,
10351,[*]CC([*])c1c(F)c(F)c(P(=O)(O)O)c(F)c1F,,,4.4874
2342,[*]C=CCCCC(CCC[*])Cl,-63.0,,
2855,[*]c1ccc2c3n(c4ccc(cc4n3)c3cc4n5c(nc4cc3)c3cccc4c(ccc(c5=O)c34)Oc3c(cccc3)c3c(cccc3)O[*])c(=O)c3cccc1c23,376.0,,
5989,[*]c1cc2c(C(=O)N(C2=O)c2c(ccc(c2)N2C(=O)c3c(C2=O)cc(cc3)C(=O)Nc2c(cc(cc2C)Cc2cc(c(c(c2)C)NC(=O)[*])C)C)N=Nc2ccc(cc2)OC(F)(F)F)cc1,278.0,,
11704,[*]CCCCCCc1nnc([*])n1N,,,5.4103
11675,[*]Oc1ccc(C(C)(C)c2ccc(OC([*])=O)c(Cl)c2)cc1C,,,5.1208
4170,[*]c1sc(cc1)C(=O)OC(COC(=O)[*])COc1ccc(cc1)N=Nc1ccc(cc1)C#N,119.0,,
11523,[*]C(=O)c1ccc2c(c1)C(=O)N(c1cc(-c3nc4ccccc4s3)cc(N3C(=O)c4ccc([*])cc4C3=O)c1)C2=O,,,2.5125
5499,[*]c1cc2c(C(=O)N(C2=O)c2c(cc(c(c2C)N2C(=O)c3c(C2=O)cc(cc3)C(=O)Nc2ccc(cc2)C(c2ccc(cc2)NC(=O)[*])(C(F)(F)F)C(F)(F)F)C)C)cc1,250.0,,
2671,[*]C(C[*])(C(=O)OCCCCCCOc1ccc(cc1)N=Nc1ccc(cc1)OCCCC)C,79.0,,
6704,[*][Si](CC=CC[*])(C=C)C=C,-65.0,,
4027,[*]c1n(c(cc1)Oc1ccc(cc1)C(c1ccc(cc1)OC[*])(C)C)c1ccc(cc1)[N+](=O)[O-],76.75,,
3173,[*]Oc1ccc(cc1)C(=C(Cl)Cl)c1ccc(cc1)OC[*],108.0,,
1092,[*]OC(=O)c1cc(ccc1)C(=O)OCC[*],56.5,165.25,
1279,[*]c1cc2c(C(=O)N(C2=O)c2ccc(cc2)C(=O)Nc2ccc(cc2)C(=O)OCCCCCOC(=O)[*])cc1,129.0,272.0,
10323,[*]C1CCC2C([*])CCC12,,,6.7514
10801,[*]OC(=O)OCCCCOC(=O)OC1COC2C([*])COC12,,,6.6085
12145,[*]C(=O)C(S1)=CC=C1C(=O)O[*],,,3.9821
10854,[*]c1cccc(-c2ccc(-c3ccc([*])s3)s2)c1,,,2.9634
3840,[*]Oc1c(cc(cc1C)C(=O)c1ccc(cc1)[*])C,200.0,,
4252,[*]Oc1ccc(cc1)C(c1ccc(cc1)OC(=O)c1cc(ccc1)C(=O)[*])(c1ccccc1)C,202.0,,
6281,[*]N1C(=O)c2c(C1=O)cc(cc2)Oc1cc2c(C(=O)N(C2=O)c2ccc(cc2)Sc2sc(cc2)Sc2sc(cc2)Sc2sc(cc2)Sc2ccc(cc2)[*])cc1,158.5,,
5679,[*]N1C(=O)C(CC1=O)Nc1ccc(cc1)N(c1ccc(cc1)NC1C(=O)N(C(=O)C1)c1ccc(cc1)Cc1ccc(cc1)[*])c1ccc(cc1)[N+](=O)[O-],276.0,,
786,[*]Oc1ccc(cc1)S(=O)(=O)N(CCCCN(S(=O)(=O)c1ccc(cc1)Oc1ccc(cc1)C(c1ccc(cc1)[*])(C)C)C)C,120.0,,
339,[*]C(C[*])C(=O)OCC(F)(F)F,0.97,,
3935,[*]Oc1ccc(cc1)S(=O)(=O)c1ccc(cc1)Oc1c(cc(cc1)C(c1cc(c(cc1)[*])C(O)(C(F)(F)F)C(F)(F)F)(C)C)C(O)(C(F)(F)F)C(F)(F)F,167.0,,
11381,[*]C(=O)Nc1cccc(C(=O)Nc2cccc(NC(=O)c3ccc4[nH]c(-c5ccc(-c6nc7cc([*])ccc7[nH]6)cc5)nc4c3)c2)c1,,,3.1175
9572,[*]C(=O)C(O)c1ccc([*])s1,,,4.0132
9727,[*]OC(C)COC(=O)C([*])=O,,,5.4575
7807,[*]OC(=O)CCCCCCCCC(=O)OCC1CCC(CC1)C[*],,57.33333333,
7352,[*]NC(=O)C(C(=O)NCCCCCC[*])CCCCCCCCCCCCCC,,150.0,
12017,[*]CC(S1)=CC=C1C(=O)C(=S)[*],,,3.0928
12227,[*]NC(=S)NC(C=C1)=CC=C1NC(=S)NC(C=C2)=CC=C2CC(C=C3)=CC=C3[*],,,3.7248
5260,[*]c1cc2c(C(=O)N(C2=O)c2c(cccc2)Oc2ccc(cc2)N2C(=O)c3c(C2=O)cc(cc3)C(=O)[*])cc1,286.0,,
10743,[*]OC(=O)C(Cc1ccccc1)NC(=O)CCCCCCCCCCC(=O)NC(Cc1ccccc1)C(=O)OC1COC2C([*])COC12,,,5.5385
5349,[*]c1cc2c(C(=O)N(C2=O)c2c(cc(cc2C)C2(c3ccccc3c3ccccc23)c2cc(c(c(c2)C(C)C)N2C(=O)c3c(C2=O)cc(cc3)C([*])(C(F)(F)F)C(F)(F)F)C)C(C)C)cc1,335.0,,
3861,[*]c1nc2c([nH]1)ccc(c2)NC(=O)c1ccc(cc1)OCCOCCOCCOc1ccc(cc1)C(=O)Nc1cc(ccc1)[*],180.0,,
8659,[*]S(=O)(=O)NCCCCCCNS(=O)(=O)c1ccc(cc1)c1ccc(cc1)[*],,288.0,
8431,[*]Oc1cc(ccc1)C(=O)OCCOC(=O)c1cc(ccc1)OCCCC[*],,100.0,
4115,[*]c1sc(cc1)c1sc(c(c1)CCCCCCCC)c1sc(cc1)c1sc(cc1)c1sc(cc1CCCCCCCC)c1sc(cc1)[Si]([Si]([*])(CCCC)CCCC)(CCCC)CCCC,-10.0,,
4297,[*]OC(CC(=O)[*])COc1ccccc1,20.0,,
9352,[*]CCCCCCCCC(=O)NCCCCCCNC(=O)CCCCCCCCO[*],,,5.8982
4063,[*]c1nc(nc(n1)OCCCCO[*])OC,-8.0,,
8541,[*]Oc1ccc(cc1)C=C1C(=O)C(=Cc2ccc(cc2)OCCCCCC[*])CC1,,296.0,
2389,[*]C(C[*])(C(=O)OCCCCCCOc1ccc(cc1)C(=O)Oc1ccc(cc1)OCCCC)C,55.17,,
11022,[*]CC=CCOC(=O)CCCCCCCCC(=O)O[*],,,6.002
3792,[*]OP(=O)(Oc1c2c(ccc1)c(ccc2)[*])OC1CCCCC1,134.0,,
1743,[*]N1C(=O)c2c(C1=O)c(ccc2)Oc1ccc(cc1)S(=O)(=O)c1ccc(cc1)Oc1c2c(C(=O)N(C2=O)c2ccc(cc2)Oc2ccc(cc2)[*])ccc1,267.0,,
5957,[*]N1C(=O)c2c(C1=O)cc(cc2)S(=O)(=O)c1cc2c(C(=O)N(C2=O)c2cc(c(cc2)Oc2c(cccc2)Oc2c(cc(cc2)[*])C(F)(F)F)C(F)(F)F)cc1,255.0,,
2887,[*]c1oc2c(n1)ccc(c2)c1ccc2c(oc(n2)CCCCCCCCCCC[*])c1,62.0,172.0,
10841,[*]c1cc(C)c([*])s1,,,1.9299
6906,[*]/C(=C\CC[*])/C,,47.79444444,
12296,[*]CC(C#N)(C#N)CC(C#N)(C#N)CC(C#N)(C#N)C(C#N)C(C#N)(C#N)[*],,,6.9588
10312,[*]c1cccc([*])c1,,,4.1803
6997,[*]C(C[*])(C(=O)OCCOP(=O)(OCC[N+](C)(C)C)O)C,,225.0,
1210,[*]OC(=O)c1cc(ccc1)c1cc(ccc1)C(=O)OCC(C(C(C[*])(F)F)(F)F)(F)F,45.0,145.0,
6110,[*]N1C(=O)C2C3C4C(C(C2C1=O)C=C3)C(=O)N(C4=O)C1C(CC(CC1)CC1CC(C(CC1)[*])C)C,241.0,,
5141,[*]c1cc2c(C(=O)N(C2=O)c2ccc(cc2)N2C(=O)c3c(C2=O)cc(cc3)C(=O)c2ccc(cc2)Oc2ccc(cc2)c2ccc(cc2)Oc2ccc(cc2)C(=O)[*])cc1,229.0,,
2605,[*]C(C[*])C(=O)Nc1c(cccc1)Cl,63.0,,
3479,[*]Oc1ccc(cc1)NC(=O)c1cc2c(cc1)cc(cc2)C(=O)Nc1ccc(cc1)Oc1ccc(cc1)C1(C2CCC(C1)C2)c1ccc(cc1)[*],276.0,,
5013,[*]Nc1c(ccc(c1)NC(=O)Nc1ccc(cc1)CCc1c(cccc1)NC(=O)[*])C,227.0,,
2460,[*]C(C[*])C(=O)OCCCCCCn1c2ccccc2c2ccccc12,48.0,,
10913,[*]CCCc1nc2cc3sc([*])nc3cc2s1,,,4.1967
11388,[*]C(=O)Nc1cccc(NC(=O)c2ccc3[nH]c(-c4cccc(-c5nc6cc([*])ccc6[nH]5)c4)nc3c2)n1,,,3.4965
8556,[*]Oc1ccc(cc1)N=Cc1cc(c(cc1)OC(=O)CCCCC(=O)Oc1c(cc(cc1)C=Nc1ccc(cc1)[*])OC)OC,,132.5,
12260,[*]C(F)(F)C(F)(F)C(C=C1)=CC=C1O[*],,,4.5008
4231,[*]OC(=O)c1cc(ccc1)C(=O)OCCN(CC[*])c1ccccc1,60.0,120.0,
8310,[*]OCOCCCCCCCCCCCCCCCCCC[*],,71.5,
7868,[*]OC(=O)COCC(=O)OCCCCCC[*],,49.0,
6405,[*]Oc1c(cc(cc1Cl)C(c1cc(c(c(c1)Cl)OC(=O)[*])Cl)C1C2CCC(C1)C2)Cl,270.0,,
10033,[*]C(=O)OC1CCN([*])CC1,,,5.5791
10440,[*]CC([*])(C)C(=O)OCc1cccs1,,,4.9884
13,[*]C(C(C[*])C)(C)C,37.0,,
11267,[*]CCCCCCOC(=O)NNC(=O)CCCCCCCCC(=O)NNC(=O)O[*],,,5.8625
404,[*]C(C[*])(C(=O)OC1C2(CCC(C1)C2(C)C)C)C,149.83,,
12163,[*]C(=O)OC(=O)O[*],,,5.0987
1332,[*]NC(=O)CCCCCCCCC(=O)NCCCCCCCCCC[*],57.78,203.7647059,
11718,[*]c1ccc([*])n1C,,,2.6193
191,[*]C(C[*])c1ncccc1,98.28,,
5323,[*]c1cc2c(C(=O)N(C2=O)c2cc(cc(c2)C(F)(F)F)N2C(=O)c3c(C2=O)cc(c(c3)Cl)C(=O)[*])cc1Cl,305.0,,
5777,[*]c1oc(nn1)c1c(cc(cc1)c1oc(nn1)CN1C(=O)c2c(C1=O)cc(cc2)C(c1cc2c(C(=O)N(C2=O)C[*])cc1)(C(F)(F)F)C(F)(F)F)Oc1ccccc1,208.0,,
1857,[*]Oc1ccc(cc1)C(c1ccc(cc1)OC(=O)[*])(CC)C,131.5,212.9,
536,[*]C(C[*])(C(=O)OCC(C)C)C#N,51.0,,
7706,[*]OC(=O)CC(=O)OCCC[*],,6.0,
1004,[*]Oc1cc(ccc1)NC(=O)c1ccc(cc1)Oc1ccc(cc1)C(c1cc(ccc1)C(c1ccc(cc1)Oc1ccc(cc1)C(=O)Nc1ccc(cc1)[*])(C)C)(C)C,147.0,,
4898,[*]Nc1c2c(ccc1)c(ccc2)NC(=O)c1cc(cc(c1)NC(=O)C(CCSC)N1C(=O)c2c(C1=O)cccc2)C(=O)[*],198.0,,
10912,[*]Cc1nc2cc3sc([*])nc3cc2s1,,,3.8345
4211,[*]c1c2c(c(s1)c1sc(c(c1)CCCCCC)c1cc3n(c4c(c3cc1)ccc(c4)c1sc(cc1CCCCCC)[*])CCCCCCCCCCCC)nc(c(n2)CC)CC,89.0,,
2530,[*]C(C[*])(C(=O)OCCCCCCCCOc1ccc(cc1)N=Nc1ccc(cc1)C#N)C,35.0,,
4541,[*]Oc1ccc(cc1)CC(NC(=O)CCc1ccc(cc1)OC(=O)CC(CCC(=O)[*])C)C(=O)OC(CC)C,45.0,,
7466,[*]NC(=O)CCCCCCCCCCCCCCCC(=O)NCc1ccc(cc1)C[*],,239.0,
10745,[*]CCC(O[*])(C(F)(F)F)C(F)(F)F,,,7.6175
8323,[*]OP(=O)(OCCCCCCOc1ccc(cc1)C=Cc1ccc(cc1)OCCCCCC[*])Oc1c2c(ccc1)cccc2,,174.0,
9097,[*]C=CC1CCC([*])C1,,,5.4117
5092,[*]N1C(=O)c2c(C1=O)c(ccc2)c1cc2c(C(=O)N(C2=O)c2cc(ccc2)C(=O)Nc2ccc(cc2)Oc2ccc(cc2)Oc2ccc(cc2)Oc2ccc(cc2)NC(=O)c2cc(ccc2)[*])cc1,260.0,,
810,[*]Oc1cc(ccc1)NC(=O)CCCCCC(=O)Nc1ccc(cc1)[*],130.0,170.0,
11103,[*]CCCCCCCCCC#CC#CCCCCCCCCCOC(=O)CCC(=O)O[*],,,5.3773
1132,[*]OC(=O)c1ccc(cc1)C(=O)OCCC[*],53.44,207.3208571,
1861,[*]Oc1c(cc(cc1Cl)C(c1cc(c(c(c1)Cl)OC(=O)[*])Cl)(C)C)Cl,213.8,259.2,
2349,[*]C1C2CC(C(C1[*])C2)[Si](C)(C)C,298.0,,
838,[*]c1c(nc2c(n1)cc(cc2)Oc1cc2c(nc(c(n2)c2ccc(cc2)c2ccc(cc2)[*])c2ccccc2)cc1)c1ccccc1,410.0,,
11567,[*]C=CC1CC([*])C2C(=O)N(CCCCCC)C(=O)C12,,,4.6556
5644,[*]c1cc2c(C(=O)N(C2=O)C2CCC(CC2)N2C(=O)c3c(C2=O)cc(cc3)C([*])(C(F)(F)F)C(F)(F)F)cc1,346.5,,
3933,[*]Oc1ccc(cc1)N=Cc1ccc(cc1)N(c1ccc(cc1)C=Nc1ccc(cc1)[*])c1ccccc1,162.0,,
3315,[*]c1nc(nc(n1)c1ccc(cc1)Oc1cc2c(cc1)ccc(c2)Oc1ccc(cc1)[*])c1ccccc1,255.0,,
4699,[*]Nc1ccc(cc1)C(c1ccc(cc1)NC(=O)c1cc(cc(c1)NC(=O)c1ccccc1)C(=O)[*])(C)C,303.5,,
327,[*]C(C[*])C(=O)OCC,-9.27,,
5539,[*]c1cc2c(C(=O)N(C2=O)c2ccc(cc2)C(=O)Nc2cc(ccc2)NC(=O)[*])cc1,240.0,,
4873,[*]Nc1cc(cc(c1)C(=O)OCCOC(=O)C=Cc1ccc(cc1)N(C)C)NC(=O)c1ccc(cc1)C(=O)[*],198.0,,
211,[*]C(C[*])OC(CC)C,-26.0,,
9333,[*]CCSSCCOCO[*],,,5.3189
12286,[*]C(F)(F)NC(F)(F)C(=O)[*],,,4.8818
7019,[*]C(C[*])C(=O)OCCOC(=O)NCCCCNC(=O)C(C(C(C(CO)O)O)O)O,,137.0,
4929,[*]Nc1cc(cc(c1)c1oc(nn1)c1ncccc1)NC(=O)c1ccc(cc1)c1ccc(cc1)C(=O)[*],120.0,285.0,
9307,[*]CCCCCCCCO[*],,,6.1709
8845,[*]c1cc2c(C(=O)N(C2=O)c2ccc(cc2)Oc2cc3c(cc2)ccc(c3)Oc2ccc(cc2)N2C(=O)c3c(C2=O)cc(cc3)C(=O)Nc2ccc(cc2)Oc2ccc(cc2)Oc2ccc(cc2)NC(=O)[*])cc1,,407.0,
6835,[*]c1c(cc(c(c1)OC)C(=Cc1c(cc(c(c1)OC)C=C([*])C#N)OCCCCCCCCCC)C#N)OCCCCCCCCCC,198.0,,
7109,[*]C1C2C(CC1)C(CC2)[*],,140.0,
8202,[*]OC(COC(=O)CCCCCC(=O)[*])C,,-33.5,
10546,[*]Oc1cccc(Oc2ccc3c(=O)n4c5cc(Oc6ccc7c(c6)nc6c8ccc([*])c9cccc(c(=O)n76)c98)ccc5nc4c4cccc2c34)c1,,,2.6185
7955,[*]OC(=O)Nc1c(cc(cc1)c1cc(c(cc1)NC(=O)OCC[*])C)C,,260.0,
10518,[*]OC([*])CCl,,,7.2522
11976,[*]C(S1)=CC=C1C(S2)=CC=C2[*],,,1.5925
12112,[*]CNC(C=C1)=CC=C1O[*],,,4.3424
11764,[*]Nc1cc([*])ccc1CCCCCCCCCCCC,,,4.025
2077,[*]S(=O)(=O)C1CC(CCC1)[*],108.0,309.0,
2210,[*]C(C[*])c1ccc(cc1)CCC(C(C(C(F)(F)F)(F)F)(F)F)(F)F,23.0,,
230,[*]C(C[*])OCC(CC)(C)C,9.0,,
3389,[*]Oc1ccc(cc1)NC(=O)c1cc(cc(c1)C(C)(C)C)C(=O)Nc1ccc(cc1)Oc1ccc(cc1)C(c1ccc(cc1)[*])(C)C,215.33,,
8001,[*]OC(=O)c1c(cccc1)NC(=O)c1cc(ccc1)C(=O)Nc1c(cccc1)C(=O)OC(=O)c1ccc(cc1)C(=O)[*],,262.0,
4687,[*]Nc1ccc(cc1)Cc1ccc(cc1)NC(=O)c1cc(cc(c1)N1C(=O)C2C(C1=O)C1CCC2C1)C(=O)[*],293.0,,
8987,[*]c1sc(cc1)[Si](c1ccc(cc1)[Si]([*])(C)C)(C)C,,185.0,
1938,[*]c1cc2c(nc(cn2)c2ccc(cc2)c2nc3c(nc2)cc(cc3)C(=O)[*])cc1,318.0,,
6008,[*]c1cc2c(C(=O)N(C2=O)c2ccc(cc2)NC(=O)Nc2ccc(cc2)N2C(=O)c3c(C2=O)cc(cc3)C(=O)Nc2ccc(cc2)Cc2ccc(cc2)NC(=O)[*])cc1,211.0,,
10322,[*]c1ccc([*])c(O)c1,,,5.0734
11234,[*]NNC(=O)c1ccc(C([*])=O)cc1,,,4.8451
4622,[*]OC(=O)C(C(C(=O)OCCCCCCCCC[*])O)O,-11.0,59.0,
1012,[*]Oc1ccc(cc1)NC(=O)c1cc(cc(c1)C(C)(C)C)C(=O)Nc1ccc(cc1)Oc1ccc(cc1)C(c1ccc(cc1)[*])(C(F)(F)F)C(F)(F)F,254.25,,
6124,[*]N1C(=O)C(CC1=O)(SCCOCCSC1(C(=O)N(C(=O)C1)c1ccc(cc1)S(=O)(=O)c1ccc(cc1)N1C(=O)C(C(C1=O)C)SCCOCCSC1C(=O)N(C(=O)C1C)c1ccc(cc1)S(=O)(=O)c1ccc(cc1)[*])C)C,157.0,,
8794,[*][Si](c1ccc(cc1)[*])(CCCC)C,,72.25,
3445,[*]Oc1ccc(cc1)c1ccc(cc1)OCCCCCCCCCCCOC(=O)Nc1c(cc(cc1)NC(=O)OCCCCCCCCCCC[*])C,77.0,173.0,
907,[*]c1nc2c(n1c1ccc(cc1)n1c(nc3c1cccc3)c1ccc(cc1)Oc1ccc(cc1)C(=O)c1ccc(cc1)Oc1ccc(cc1)C(=O)c1ccc(cc1)Oc1ccc(cc1)[*])cccc2,223.0,,
5849,[*]N1C(=O)C2C(C1=O)CC(CC2)C1CC2C(C(=O)N(C2=O)c2ccc(cc2)Cc2ccc(cc2)[*])CC1,260.0,,
848,[*]c1nc2c(nc1)cc(cc2)Oc1cc2c(nc(cn2)c2ccc(cc2)Oc2ccc(cc2)[*])cc1,382.0,,
9858,[*]CCCCC(C)CC(=O)N[*],,,6.0469
6436,[*]OC(=O)OCC(C(C[*])OC(=O)C)OC(=O)C,51.38,,
7088,[*]C1(CCC(CC1)C)C[*],,195.0,
4592,[*]OC(COC(=O)c1ccc(cc1)c1ccc(cc1)C(=O)[*])COc1ccc(cc1)N=Nc1ccc(cc1)C#N,141.0,,
2020,[*][Si](C/C=C\C[*])(CCCOc1ccc(cc1)c1ccccc1)C,10.0,44.0,
4028,[*]Oc1ccc(cc1)NC(=O)c1cc(cc(c1)NC(=O)C12CC3CC(CC(C1)C3)C2)C(=O)Nc1ccc(cc1)[*],335.0,,
6207,[*]c1cc2c(C(=O)N(C2=O)c2cc(cc(c2)OCCCC)N2C(=O)c3c(C2=O)cc(cc3)C(=O)[*])cc1,244.0,,
5391,[*]C1C(=O)N(C(=O)C1[*])C(CC)C,205.0,,
1395,[*]NC(=O)CCCCC(=O)NCC(CCC[*])(C)C,77.0,,
8065,[*]OC(=O)c1ccc(cc1)C(=O)NCCCNC(=O)c1ccc(cc1)C(=O)OCCC[*],,235.0,
9408,[*]c1ccc(Oc2ccc(-c3cnc4cc5nc([*])cnc5cc4n3)cc2)cc1,,,2.6218
6904,[*]/C(=C/CC[*])/C,,70.04102564,
3848,[*]OP(=O)(OCCCCCCCCCCOc1ccc(cc1)C=Cc1ccc(cc1)OCCCCCCCCCC[*])OCCCCCCCCCCOc1ccc(cc1)N=Nc1ccccc1,55.0,118.0,
6250,[*]c1cc2c(C(=O)N(C2=O)c2c(cc(cc2C)Cc2cc(c(c(c2)C)N2C(=O)c3c(C2=O)cc(cc3)C(=O)OCCN(CCOC(=O)[*])c2ccc(cc2)N=Nc2c(cc(cc2)[N+](=O)[O-])C#N)C)C)cc1,216.0,,
11782,[*]c1ccc([*])n1CC(=O)NO,,,2.9276
8832,[*]c1cc2C(c3c(-c2cc1)ccc(c3)[*])(CCCCCCCC)CCCCCCCC,,161.2333333,
4797,[*]Nc1ccc(cc1)NC(=O)c1c(cc(c(c1)C(=O)[*])C(=O)OCC)C(=O)OCC,221.6,,
2893,[*]Oc1cc2c(cc1)ccc(c2)Oc1ccc(cc1)C(=O)Nc1cc(ccc1)NC(=O)c1ccc(cc1)[*],168.0,,
6563,[*]N(CC(C(C[*])O)O)c1ccc(cc1)N(C)C,72.0,,
3584,[*]Oc1ccc(cc1)NC(=O)Nc1c(cccc1)CCc1c(cccc1)NC(=O)Nc1ccc(cc1)[*],232.0,,
3014,[*]c1c2c(c(nn1)c1ccc(cc1)Oc1ccc(cc1)C(=O)c1ccc(cc1)Oc1ccc(cc1)[*])c(c(c(c2c1ccccc1)c1cc2c(cc1)cccc2)c1cc2c(cc1)cccc2)c1ccccc1,305.67,,
7351,[*]NC(=O)C(C(=O)NCCCCCC[*])CCCCCCCCCCCCC,,133.0,
9750,[*]CC(C)(C)COC(=O)CCCCCCC(=O)O[*],,,6.7281
12003,[*]C(C=C1)=CC=C1C(=S)OC(=S)[*],,,2.8098
508,[*]C(C[*])(C(=O)OCC)C#N,115.0,,
5252,[*]c1cc2c(C(=O)N(C2=O)c2ccc(cc2)Oc2ccc(cc2)C(=O)c2cc3c(cc2)cc(cc3)C(=O)c2ccc(cc2)Oc2ccc(cc2)N2C(=O)c3c(C2=O)cc(cc3)C(=O)[*])cc1,246.0,424.0,
11965,[*]CC([*])(F)C(=O)OCC(F)(F)C(F)(F)C(F)(F)F,,,6.7366
5680,[*]N1C(=O)c2c(C1=O)cc(cc2)c1c2c(C(=O)N(C2=O)c2cc(ccc2)OCCCc2cc(ccc2)[*])ccc1,178.0,,
8614,[*]Oc1ccc(cc1)S(=O)(=O)NCCNS(=O)(=O)c1ccc(cc1)[*],,302.0,
10562,[*]c1ccc(Oc2ccc(-c3csc(-c4nc([*])cs4)n3)cc2)cc1,,,3.5312
86,[*]C(C[*])c1ccc(cc1)CCCCCCCCCCCCCCCCCC,32.0,,
8398,[*]Oc1c(cc(cc1)OC(=O)c1ccc(cc1)Oc1ccc(cc1)C(=O)[*])Cl,,340.0,
11779,[*]c1ccc([*])n1CCC(=O)NO,,,2.8742
11954,[*]c1cc(C=Nc2ccc(C)cc2)c([*])c(OC)c1,,,3.3765
1513,[*]Nc1cc(ccc1)C(=O)c1ccc(cc1)NC(=O)c1cc(ccc1)C(=O)c1ccc(cc1)C(=O)[*],215.0,,
1435,[*]S(=O)(=O)c1cc(ccc1)NC(=O)CCCCCCC(=O)Nc1cc(ccc1)[*],125.0,,
7986,[*]OC(=O)SNc1ccc(cc1)Cc1ccc(cc1)NSC(=O)OCCCCCC[*],,102.0,
9992,[*]NC(CCC(=O)OCc1ccc(Cl)cc1)C([*])=O,,,5.2897
11430,[*]Cc1c(O)c(C(C)=O)cc(CNC(=S)N[*])c1OC,,,3.7679
5148,[*]c1cc2c(C(=O)N(C2=O)c2ccc(cc2)Oc2ccc(cc2)N2C(=O)c3c(C2=O)cc(cc3)C(=O)c2ccc(cc2)Oc2ccc(cc2)c2ccc(cc2)Oc2ccc(cc2)C(=O)[*])cc1,233.0,,
7377,[*]NC(=O)CC/C=C/CCC(=O)NC/C=C/C[*],,301.0,
8290,[*]OCCCCCCOCCCCCCCCCCOCCCCCCCCCC[*],,76.5,
4937,[*]NNC(=O)c1cc(cc(c1)NC(=O)c1cc2c(C(=O)N(C2=O)c2ncc(cc2)C)cc1)C(=O)NNC(=O)c1ccc(cc1)C(=O)[*],145.6,,
1497,[*]NC(=O)c1c(c(c(c(c1Cl)Cl)C(=O)NCCCCCC[*])Cl)Cl,268.83,362.0,
961,[*]Oc1ccc(cc1)Oc1ccc(cc1)NC(=O)c1ccc(cc1)Oc1ccc(cc1)Oc1ccc(cc1)C(=O)Nc1ccc(cc1)[*],236.0,,
5466,[*]N1C(=O)c2c(C1=O)cc(cc2)C(=O)Oc1ccc(cc1)C(c1ccc(cc1)OC(=O)c1cc2c(C(=O)N(C2=O)CCCOCCCCOCCC[*])cc1)(C)C,60.0,,
5370,[*]c1c2C(=O)N(C(=O)c2c(c2ccccc12)c1ccc(cc1)Oc1ccc(cc1)S(=O)(=O)c1ccc(cc1)Oc1ccc(cc1)[*])C,314.0,,
8545,[*]Oc1ccc(cc1)C=C1C(=O)C(=Cc2ccc(cc2)OCCCCCCCCCC[*])CC(C1)C(C)(C)C,,89.0,
5224,[*]N1C(=O)c2c(C1=O)cc(cc2)[Si](c1cc2c(C(=O)N(C2=O)c2ccc(cc2)Cc2ccc(cc2)[*])cc1)(C)C,280.0,,
2960,[*]Oc1c2c(ccc1)ccc(c2)Oc1ccc(cc1)NC(=O)c1ccc(cc1)Oc1ccc(cc1)C(c1ccc(cc1)Oc1ccc(cc1)C(=O)Nc1ccc(cc1)[*])(c1ccccc1)C,175.5,,
5919,[*]C1C(=O)N(C(=O)C1CC[*])CCCCCCCCCCCCCCCCCC,67.1,96.05,
11955,[*]c1cc([*])c(O)c(C=Nc2ccc(N3CCOCC3)cc2)c1,,,3.01
4969,[*]OC(=O)Nc1c(c(ccc1)NC(=O)OCCN(CC[*])c1ccc(cc1)C=Cc1ccc(cc1)[N+](=O)[O-])C,123.0,,
11642,[*]Oc1c(Cl)cc(C2(c3cc(Cl)c(OC([*])=O)c(Cl)c3)CC3CCC2C3)cc1Cl,,,4.8308
5063,[*]c1cc2c(C(=O)N(C2=O)c2c(cc(c(c2)N2C(=O)c3c(C2=O)cc(cc3)C([*])(C(F)(F)F)C(F)(F)F)O)O)cc1,324.0,,
11460,[*]C(=O)c1ccc2c(c1)C(=O)N(c1ccc(Oc3cc(C(C)(C)C)c(Oc4ccc(N5C(=O)c6ccc([*])cc6C5=O)cc4)cc3C(C)(C)C)cc1)C2=O,,,2.2297
770,[*]Oc1ccc(cc1)S(=O)(=O)c1ccc(cc1)Oc1ccc(cc1)C(c1ccc(cc1)[*])(c1ccccc1)C,207.0,,
4895,[*]c1ccc2c(nc([nH]2)c2cc(ccc2)c2nc3c([nH]2)ccc(c3)C(=O)Nc2cc(ccc2)NC(=O)[*])c1,297.5,,
4586,[*]OC(COC(=O)c1cc(cc(c1)C(C)(C)C)C(=O)[*])COc1ccc(cc1)N=Nc1ccc(cc1)C#N,137.0,,
7510,[*]NC(=O)NCCCNC(=O)NCCCCCC[*],,245.25,
10802,[*]OC(=O)OCCCCCCCCOC(=O)OC1COC2C([*])COC12,,,6.6539
2251,[*]C(=C([*])C)[Si](CCCCCC)(C)C,200.0,,
9027,[*]c1sc(nn1)c1cc(ccc1)OCCCCCCCCCCCOC(=O)CCCCCCCCC(=O)OCCCCCCCCCCCOc1cc(ccc1)[*],,94.0,
6387,[*]C1(C(=O)OC(=O)C1(C(C[*])OC)C)C,170.2,,
10147,[*]C(=O)Nc1ccc(-c2ccc(NC(=O)c3ccc4c(c3)C(=O)N(c3ccc(S(=O)(=O)c5ccc(N6C(=O)c7ccc([*])cc7C6=O)cc5)cc3)C4=O)cc2)cc1,,,2.4779
5023,[*]Nc1c2c(ccc1)c(ccc2)NC(=O)Nc1cc(cc(c1)C(=O)Nc1c2C(=O)c3c(C(=O)c2ccc1)cccc3)NC(=O)[*],185.0,,
4668,[*]OC(C(=O)[*])Cc1ccccc1,35.05,,
10569,[*]CCCCCCCCc1nc2cc(-c3ccc4oc([*])nc4c3)ccc2o1,,,4.6999
9573,[*]CC(F)(F)C(F)(F)C(F)(F)COC(=O)CSCSCC(=O)O[*],,,5.1865
642,[*]Oc1ccc(cc1)C(=O)OC(=O)c1ccc(cc1)OC[*],84.0,220.0,
10593,[*]CCCCCCCCCc1nc2ccc(-c3ccc4nc([*])oc4c3)cc2o1,,,4.1522
4508,[*]Oc1c(cc(c(c1)OC(=O)c1ccc(cc1)OCC)OC(=O)CCCC(=O)[*])OC(=O)c1ccc(cc1)OCC,71.0,227.0,
7039,[*]C(C[*])CCC(CC)C,,56.66666667,
8733,[*]SCCCCSCCCCCC[*],,70.0,
9430,[*]CCOCCOCCOCCOCCOCCOC(=O)NCCCCCCNC(=O)O[*],,,5.6975
11975,[*]CC(C1=CC=CC=C1)CC(C2=CC=CC=C2)CC(C3=CC=CC=C3)CC(C4=CC=CC=C4)[*],,,5.2025
7859,[*]OC(=O)CCSCCC(=O)[*],,55.0,
4126,[*]c1sc(cc1CCCC)c1sc(c(c1)CCCC)c1ccc(cc1)[*],122.3,,
8565,[*]Oc1ccc(cc1)N=Cc1ccc(cc1)OC(=O)c1ccc(cc1)C=Nc1ccc(cc1)OCCCCOC(=O)NC1CCC(CC1)CC1CCC(CC1)NC(=O)OCCCC[*],,212.3,
3754,[*]O[Si](CCCC(=O)Oc1ccc(cc1)C=Nc1ccc(cc1)Oc1ccc(cc1)N=Cc1ccc(cc1)OC(=O)CCC[Si]([*])(C)C)(C)C,52.0,170.0,
12235,[*]CNCCCOCO[*],,,5.4895
12230,[*]C(C=C1)=CC=C1C(=O)NC(=O)[*],,,4.4505
9541,[*]Sc1ccc([*])cc1,,,3.6211
7566,[*]NC(CCCCNC(=O)NCCCNC(=O)[*])C(=O)OC,,197.5,
7638,[*]Nc1cc(ccc1)NC(=O)CCCCCCCCCC(=O)[*],,150.0,
8731,[*]SCCCCCSCCCCCC[*],,64.5,
4206,[*]c1ccc2N(c3c(Sc2c1)cc(cc3)c1sc2c(c1CCCCC)sc(c2)[*])CCCCCCCCCCCC,136.0,,
8161,[*]OC(C[*])COc1c(cc(cc1Cl)Cl)Cl,,125.0,
5980,[*]C1C(=O)N(C(=O)C1[*])c1cc(c(c(c1)Br)O[Si](c1ccccc1)(c1ccccc1)c1ccccc1)Br,179.0,,
8094,[*]OC(=O)c1ccc(cc1)C(=O)OCCCCCc1ccc(cc1)CCCCC[*],,114.5,
8150,[*]OC(C(C(=O)[*])(C)C)c1ccc(cc1)Cl,,260.0,
9061,[*]n1c(=O)c2cc3c(cc2c1=O)c(=O)n(c3=O)CCCCCCCCCC[*],,320.5,
5997,[*]N1C(=O)c2c(C1=O)cc(cc2)Oc1cc2c(C(=O)N(C2=O)c2c(ccc(c2)C(c2cc(c(cc2)OCCN(c2ccc(cc2)C=CC2=CC(=C(C#N)C#N)CC(C2)(C)C)c2ccccc2)[*])(C(F)(F)F)C(F)(F)F)OCCN(c2ccc(cc2)C=CC2=CC(=C(C#N)C#N)CC(C2)(C)C)c2ccccc2)cc1,220.0,,
5040,[*]c1cc2c(C(=O)N(C2=O)c2c3c(ccc2)c(ccc3)N2C(=O)c3c(C2=O)cc(cc3)C([*])(C(F)(F)F)C(F)(F)F)cc1,390.0,,
1874,[*]Oc1ccc(cc1)C(c1ccc(cc1)OC(=O)[*])(c1ccccc1)C#N,138.0,219.25,
3407,[*]Oc1c(cc(cc1C)[*])C(CCCCC)C,60.0,,
10133,[*]NC(C)CNC(=O)NC(CCCCNC([*])=O)C(=O)OC,,,5.7921
6538,[*]c1nc2c(c(c1)c1ccccc1)cc(cc2)C1(c2ccccc2c2ccccc12)c1cc2c(nc(cc2c2ccccc2)c2ccc(cc2)C2(c3ccccc3c3ccccc23)c2ccc(cc2)[*])cc1,390.0,,
3727,[*]c1sc(nn1)c1cc(ccc1)OCCCCCCCCCCCOC(=O)c1cc(ccc1)C(=O)OCCCCCCCCCCCOc1ccc(cc1)[*],53.5,158.0,
3537,[*]Oc1ccc(cc1)S(=O)(=O)c1ccc(cc1)Oc1ccc(cc1)C=C1C(=O)C(=Cc2ccc(cc2)Oc2ccc(cc2)S(=O)(=O)c2ccc(cc2)Oc2ccc(cc2)C(c2ccc(cc2)[*])(C)C)CCCC1,188.0,,
6820,[*]c1ccc(cc1)c1ccc(cc1)C(=Nc1ccccc1)[*],225.0,,
12005,[*]C(C=C1)=CC=C1OC(C=C2)=CC=C2O[*],,,4.7875
4030,[*]OC(=O)C1CCC(CC1)C(=O)OCCOCCOCC[*],-25.0,,
3292,[*]Oc1ccc(cc1)C(c1ccc(cc1)OCC(CN(CC(C[*])O)c1ccc(cc1)C#N)O)(C)C,100.0,,
7951,[*]OC(=O)NCc1ccc(cc1)CNC(=O)OCCCCCCCC[*],,196.0,
2823,[*]c1nc2cc3c(cc2c(c1)c1ccccc1)c(cc(n3)c1ccc(cc1)Oc1ccc(cc1)[*])c1ccccc1,380.5,502.0,
5771,[*]c1c(nc2c(n1)cc(cc2)Oc1ccc(cc1)NC(=O)CN1C(=O)c2c(C1=O)cc(cc2)C(c1cc2c(C(=O)N(C2=O)CC(=O)Nc2ccc(cc2)Oc2cc3c(nc(c(n3)c3ccc(cc3)[*])c3ccccc3)cc2)cc1)(C(F)(F)F)C(F)(F)F)c1ccccc1,280.0,,
3138,[*]c1n(c(nn1)c1ccc(cc1)Oc1ccc(cc1)C(c1ccc(cc1)Oc1ccc(cc1)[*])(C(F)(F)F)C(F)(F)F)c1cc(ccc1)C(F)(F)F,185.0,,
9777,[*]OC(C)COC(=O)CCCCCC([*])=O,,,6.6845
334,[*]C(C[*])C(=O)OCCCCCC,-57.0,,
6819,[*]c1ccc(cc1)C(=C([*])c1ccc(cc1)Oc1ccccc1)c1ccc(cc1)Oc1ccccc1,163.0,,
2735,[*]C(C[*])(C(=O)Oc1ccc(cc1)OCc1ccccc1)C,95.3,,
9849,[*]NC(CCC(=O)OC)C([*])=O,,,5.9283
4020,[*]Oc1ccc(cc1)C(c1ccc(cc1)Oc1c(c(c(c(c1F)F)COC(c1cc(ccc1)C(OCc1c(c(c(c(c1F)F)[*])F)F)(C(F)(F)F)C(F)(F)F)(C(F)(F)F)C(F)(F)F)F)F)(C)C,98.0,,
3594,[*]Oc1c2c(c(cc1)c1c3c(c(cc1)Oc1ccc(cc1)Oc1c(c(ccc1)Oc1ccc(cc1)[*])C)cccc3)cccc2,156.0,,
5516,[*]N1C(=O)c2c(C1=O)cc(cc2)C(=O)Oc1cc2c(cc1)cc(cc2)OC(=O)c1cc2c(C(=O)N(C2=O)CC(CCC[*])C)cc1,130.0,282.5,
6667,[*]N(CC(C[*])O)c1cc(c(c(c1)C)N=Nc1c(cc(cc1)[N+](=O)[O-])C)C,149.0,,
12413,[*]CC(C[N-][N+]#N)O[*],,,5.5722
2942,[*]Oc1cc(ccc1)NC(=O)c1cc(ccc1)C(=O)Nc1cc(ccc1)OCC(COc1ccc(cc1)C(c1ccc(cc1)OCC(C[*])O)(C)C)O,133.0,,
5031,[*]c1cc2c(C(=O)N(C2=O)c2cc(ccc2)Nc2nc(nc(n2)Nc2cc(ccc2)N2C(=O)c3c(C2=O)cc(cc3)C(=O)[*])c2ccccc2)cc1,292.0,,
10620,[*]CC(CO[*])(CS(=O)(=O)C(C)C)CS(=O)(=O)C(C)C,,,5.5454
10578,[*]CCCCCCCc1nnc(-c2ccc(-c3nnc([*])o3)cc2)o1,,,3.843
7866,[*]OC(=O)COCC(=O)OCCC[*],,30.5,
8409,[*]Oc1c2c(ccc1)c(ccc2)OC(=O)Oc1ccc(cc1)OC(=O)[*],,205.0,
3061,[*]OC(C[*])CSCC,-57.0,,
11046,[*]CCCCOC(=O)CCCCCNC(=O)O[*],,,6.3358
8082,[*]OC(=O)c1ccc(cc1)C(=O)NCCNC(=O)c1ccc(cc1)C(=O)OCCCCCCCCCCCCCC[*],,249.0,
1713,[*]c1cc2c(C(=O)N(C2=O)c2cc(ccc2)OCCOc2cc(ccc2)N2C(=O)c3c(C2=O)cc(cc3)C(=O)[*])cc1,191.0,290.0,
1068,[*]Sc1c(cc(cc1C)[*])C,198.0,160.0,
12307,[*]C(=O)C(C=C1)=CC=C1C(=S)C(C=C2)=CC=C2[*],,,2.9419
5717,[*]N1C(=O)c2c(C1=O)cc(cc2)c1cc2c(C(=O)N(C2=O)c2cc(cc(c2)C(=O)NCCCCCCCCCC)[*])cc1,245.1,,
9870,[*]CCNC(=O)CCCCCCCCCCC(=O)N[*],,,5.5657
3973,[*]C1=CC(=C(C#N)C#N)C=C(O1)C=Cc1sc(c(c1CCCCCC)CCCCCC)c1cc2C(c3c(c2cc1)ccc(c3)c1sc(c(c1CCCCCC)CCCCCC)C=C[*])(CCCCCC)CCCCCC,115.0,,
6283,[*]C1C(=O)N(C(=O)C1)c1ccc(cc1)Cc1ccc(cc1)N1C(=O)C(CC1=O)CC=Cc1c(ccc(c1)C(c1cc(c(cc1)O)C=CC[*])(C)C)O,215.0,,
5126,[*]c1cc2c(C(=O)N(C2=O)c2ccc(cc2)Oc2ccc(cc2)C2(c3c(C(=O)N2)cccc3)c2ccc(cc2)Oc2ccc(cc2)N2C(=O)c3c(C2=O)cc(cc3)C(=O)Nc2cc(ccc2)Oc2ccc(cc2)NC(=O)[*])cc1,302.0,,
4573,[*]C1N(CC(C1)OC(=O)[*])C(=O)OCc1ccccc1,78.0,,
3108,[*]Oc1cc(ccc1)C(=O)c1ccc(cc1)Oc1ccc(cc1)C(=O)c1ccc(cc1)[*],146.0,193.0,
6448,[*]Oc1c(cc(cc1)C(c1cc(c(cc1)OC(=O)[*])Cl)(CC)C)Cl,142.0,,
5451,[*]c1cc2c(C(=O)N(C2=O)c2ccc(cc2)Oc2ccc(cc2)N2C(=O)c3c(C2=O)cc(cc3)C([*])O[Si](O[Si](O[Si](C)(C)C)(C)C)(C)C)cc1,167.0,,
281,[*]C(C[*])OC(=O)C(C(C(C)C)C)(C)C,50.0,,
2183,[*]C(C[*])c1ccc(cc1)[SiH](C)C,105.0,,
4756,[*]Nc1ccc(cc1)c1ccc(cc1)NC(=O)Cc1c(cc(c(c1)C)CC(=O)[*])C,171.0,,
4056,[*]Oc1ccc(cc1)CCc1ccc(cc1)OCCCCCCOC(=O)NC1CCC(CC1)CC1CCC(CC1)NC(=O)OCCCCCC[*],40.3,115.7,
477,[*]C(C[*])(CC(=O)OCC)C(=O)OCC,63.17,,
10568,[*]c1ccc(-c2nc3cc(-c4ccc5oc([*])nc5c4)ccc3o2)cc1,,,3.1145
8211,[*]OC(COC(=O)c1cc(ccc1)c1cc(ccc1)C(=O)[*])C,,95.0,
11344,[*]Nc1c(Cl)cc(C([*])=O)cc1Cl,,,3.9189
3683,[*]Oc1ccc(cc1)S(=O)(=O)c1ccc(cc1)Oc1ccc(cc1)C(=O)c1cc(cc(c1)I)C(=O)c1ccc(cc1)[*],203.0,,
10798,[*]Oc1c(F)c(F)c(S(=O)(=O)c2c(F)c(F)c(Oc3ccc(C(c4ccc([*])cc4)(C(F)(F)F)C(F)(F)F)cc3)c(F)c2F)c(F)c1F,,,3.7366
8243,[*]OCC1(C2C=CC(C1)C2)C[*],,190.0,
10170,[*]C(=O)c1ccc2c(c1)C(=O)N(c1cccc(C(=O)c3cccc(N4C(=O)c5ccc([*])cc5C4=O)c3)c1)C2=O,,,3.3361
1379,[*]NC(=O)Cc1ccc(cc1)CC(=O)NCCCCCCCC[*],110.0,280.0,
7059,[*]C(C[*])OC(=O)CCCCCCCCCCC,,28.35,
9060,[*]n1c(=O)c2cc3c(cc2c1=O)c(=O)n(c3=O)CCCCCCCCC[*],,326.5,
4562,[*]OC(=O)Nc1c(ccc(c1)NC(=O)OCCCCCOC(=O)c1c(cccc1)C(=O)O[Pb]OC(=O)c1c(cccc1)C(=O)OCCCCC[*])C,-11.3,,
9156,[*]CC([*])C(=O)c1ccc(Br)c(OC)c1,,,3.8338
1381,[*]NC(=O)CCP(=S)(CCC(=O)NCCCCCC[*])c1ccccc1,43.0,,
1059,[*]SCCCCCCCCCCC(=O)NCCc1ccc(cc1)CCNC(=O)CCCCCCCCCC[*],58.0,207.0,
1073,[*]Oc1c(cc(cc1)OC(=O)c1cc(ccc1)Sc1ccc(cc1)OC(=O)c1ccc(cc1)C(=O)Oc1ccc(cc1)Sc1cc(ccc1)C(=O)[*])c1ccccc1,128.0,,
3827,[*]Oc1ccc(cc1)C(=O)Nc1cc(cc(c1)c1nc2c([nH]1)cccc2)NC(=O)c1ccc(cc1)OCC[*],275.0,,
9261,[*]CCC(Cl)C([*])Cl,,,6.5471
3118,[*]Oc1cc(c(cc1)S(=O)(=O)c1ccc(cc1)Oc1c(cc(cc1)C(c1cc(c(cc1)[*])N)(C)C)N)N,237.1,,
6322,[*]N1C(=O)c2c(C1=O)cc(cc2)Oc1ccc(cc1)C(c1ccc(cc1)Oc1cc2c(C(=O)N(C2=O)c2ccc(cc2)Sc2ccc(cc2)Oc2ccc(cc2)Sc2ccc(cc2)[*])cc1)(C)C,180.0,,
10330,[*]CCCCCC([*])CC,,,6.7743
10874,[*]C#CC#Cc1ccc([*])s1,,,1.5604
9300,[*]OC(F)(F)C([*])(F)F,,,9.8627
11057,[*]Cc1ccc(COC(=O)CCCCS(=O)(=O)CCCCC(=O)O[*])cc1,,,5.4522
10074,[*]CCCCCCCCOC(=O)NCc1ccc(CNC(=O)O[*])cc1,,,5.5232
2246,[*]C(=C([*])c1ccccc1)CCCCCC,200.0,,
6299,[*]c1cc2c(C(=O)N(C2=O)c2cc(cc(c2)c2sc3c(n2)cccc3)N2C(=O)c3c(C2=O)cc(cc3)C(=O)Nc2ccc(cc2)NC(=O)[*])cc1,356.0,,
12247,[*]OC(C=C1)=CC=C1C(=O)C(S2)=CC=C2C(=O)NOC(=O)[*],,,3.9191
3453,[*]Oc1cc(ccc1)NC(=O)c1cc(ccc1)C(=O)Nc1cc(ccc1)OCCOCCOCC[*],111.0,207.0,
6941,[*]C#CC(=C([*])CCCCOC(=O)NCCCCCCC)CCCCOC(=O)NCCCCCCC,,189.85,
6815,[*]c1cc(cc(c1)c1oc2c(n1)cccc2)[*],250.0,,
8701,[*]SC(=O)NCCCCCCNC(=O)SCc1ccc(cc1)C[*],,190.25,
10829,[*]c1sc([*])c2c1OCC(CCCCCCCCCCCC)O2,,,1.9291
5112,[*]c1cc2c(C(=O)N(C2=O)c2ccc(cc2)N2C(=O)c3c(C2=O)cc(cc3)C(=O)Nc2ccc(cc2)Oc2ccc(cc2)C2(c3c(C(=O)N2)cccc3)c2ccc(cc2)Oc2ccc(cc2)NC(=O)[*])cc1,322.0,,
1948,[*]c1nc2c(nc1c1ccccc1)cc(cc2)S(=O)(=O)c1cc2c(nc(c(n2)c2ccc(cc2)[*])c2ccccc2)cc1,277.5,,
10842,[*]C=Cc1cc(OC)c(C=Cc2ccc([*])s2)cc1OC,,,1.7107
377,[*]C(C[*])(C(=O)Oc1ccccc1)C,111.1,,
10204,[*]c1ccc(Oc2cc3ccccc3cc2Oc2ccc(-n3c(=O)c4cc5c(=O)n([*])c(=O)c5cc4c3=O)cc2)cc1,,,2.0632
7250,[*]N1C(=O)c2c(C1=O)cc(cc2)c1cc2c(C(=O)N(C2=O)c2ccc(cc2)OCCCC[Si](O[Si](O[Si](O[Si](CCCCOc2ccc(cc2)[*])(C)C)(C)C)(C)C)(C)C)cc1,,222.0,
8601,[*]Oc1ccc(cc1)Oc1ccc(cc1)C(=O)Oc1ccc(cc1)OC(=O)c1ccc(cc1)[*],,450.0,
1310,[*]NC(=O)CCCCCC[*],51.14,220.6681818,
6140,[*]N1C(=O)c2c(C1=O)cc(cc2)NC(=O)Nc1c2c(ccc1)c(ccc2)NC(=O)Nc1cc2c(C(=O)N(C2=O)c2ccc(cc2)Oc2c(c3c(cc2)cccc3)c2c3c(ccc2Oc2ccc(cc2)[*])cccc3)cc1,297.0,,
9385,[*]CCCCCCOc1ccc(C(=O)OC(=O)c2ccc(O[*])cc2)cc1,,,4.3827
4201,[*]c1ccc2N(c3c(Sc2c1)cc(cc3)c1sc(cc1)c1sc(cc1)[*])CCCCCC,140.0,,
2446,[*]C(C[*])C(=O)OCCCOc1ccc(cc1)c1ccc(cc1)C#N,51.55,,
11746,[*]C1C=CC([*])N1,,,4.6504
10488,[*]C1C=C(C)C([*])C1,,,5.3361
6329,[*]c1cc2c(C(=O)N(C2=O)c2ccc(cc2)Oc2c(c(ccc2)Oc2ccc(cc2)N2C(=O)c3c(C2=O)cc(cc3)C(=O)Nc2cc(ccc2)Oc2c(c(ccc2)Oc2cc(ccc2)Oc2c(c(ccc2)Oc2cc(ccc2)NC(=O)[*])C#N)C#N)C#N)cc1,199.0,,
7516,[*]NC(=O)c1c(cccc1)C(=O)NCCCCCCCCCC[*],,115.0,
9341,[*]CCOCCOC(=O)CCCCCCCCC(=O)O[*],,,6.493
9296,[*]CC(COc1cccc(C)c1)O[*],,,5.1113
5752,[*]N1C(=O)c2c(C1=O)cc(cc2)c1cc2c(C(=O)N(C2=O)CCCCCCOC(=O)OCCCCCC[*])cc1,71.0,176.0,
11791,[*]c1cc(CCCCCCCCCC)c([*])[nH]1,,,2.8756
11012,[*]c1cc(C(=O)Oc2cccc3cccnc23)c([*])s1,,,2.8057
8870,[*]c1ccc2n(c3c(c2c1)cc(cc3)C(=O)c1c(cc(c(c1)C(=O)[*])C(=O)O)C(=O)O)C(=O)C,,304.0,
6773,[*]O[Si](O[Si](O[Si](O[Si](CC[Si](O[Si](CC[Si]([*])(c1ccccc1)c1ccccc1)(C)C)(C)C)(c1ccccc1)c1ccccc1)(c1ccccc1)c1ccccc1)(c1ccccc1)c1ccccc1)(c1ccccc1)c1ccccc1,11.0,,
5435,[*]c1cc2c(C(=O)N(C2=O)c2ccc(cc2)c2sc(c(c2c2ccccc2)c2ccccc2)c2ccc(cc2)N2C(=O)c3c(C2=O)cc(cc3)C(=O)Nc2ccc(cc2)Cc2ccc(cc2)NC(=O)[*])cc1,253.0,,
3693,[*]c1oc(nn1)c1c(cc(cc1)[*])OCCCCC,205.0,,
5542,[*]c1cc2c(C(=O)N(C2=O)c2ccc(cc2)NC(=O)c2ccc(cc2)N2C(=O)c3c(C2=O)cc(cc3)C(=O)[*])cc1,300.0,,
2494,[*]C(C[*])(C(=O)OCCCCCCOc1ccc(cc1)OC(=O)c1cc(c(cc1)OC)Br)C,51.0,,
133,[*]C(C[*])c1ccc(cc1)OCC,86.0,,
10376,[*]C([*])(C#N)C#N,,,4.3364
11442,[*]C(=O)Nc1ccc(NC(=O)c2ccc3c(c2)C(=O)N(c2ccc(Oc4ccc(N5C(=O)c6ccc([*])cc6C5=O)cc4)cc2)C3=O)cc1,,,2.6514
7044,[*]C(C[*])CCCCCCCCC,,36.35,
7159,[*]N(C(=O)[*])CCCCCCC,,180.0,
4588,[*]OC(COC(=O)c1cc(c(cc1)C(=O)[*])OC)COc1ccc(cc1)N=Nc1ccc(cc1)C#N,120.0,,
1985,[*]O[Si]([*])(CCC)CCC,-77.5,139.85,
7000,[*]C(C[*])Br,,116.0,
691,[*]c1nc2c(nc1)cc(cc2)c1ccc2c(nc(cn2)c2ccc(cc2)Oc2ccc(cc2)Oc2ccc(cc2)Oc2ccc(cc2)[*])c1,216.0,,
5835,[*]c1cc2c(C(=O)N(C2=O)c2cc(ccc2)C(=O)Nc2ccc(cc2)Oc2c(cccc2)Oc2ccc(cc2)NC(=O)c2cc(ccc2)N2C(=O)c3c(C2=O)cc(cc3)C([*])(C(F)(F)F)C(F)(F)F)cc1,265.0,,
12056,[*]CCCC(=O)[*],,,5.3982
11433,[*]CCCCCCCCCNC(=O)NCCCCCCCNC(=O)N[*],,,5.422
7568,[*]NC(CNC(=O)C1C(C1)C(=O)[*])C,,310.0,
4194,[*]c1cc2n(c3c(c2cc1)ccc(c3)c1sc(cc1)c1c2c(nsn2)c(cc1)c1sc(cc1)[*])C(CCCCCCCC)CCCCCCCC,128.0,,
2037,[*]N=P([*])(OCCCCC)OCCCCC,-104.0,,
3439,[*]Oc1c2c(c(cc1)C(=O)c1ccc(cc1)Oc1ccc(cc1)C(c1ccc(cc1)[*])(C(F)(F)F)C(F)(F)F)cccc2,190.0,,
6788,[*]OS(=O)(=O)c1cc(c(c(c1)C)[*])C,153.0,250.0,
2703,[*]C(C[*])(C(=O)OCCCCCCOc1ccc(cc1)C(=O)Oc1c2c(c(cc1)N=Nc1ccc(cc1)Cl)cccc2)C,50.0,150.0,
2708,[*]C(C[*])(C(=O)OCCN(c1ccc(cc1)N=Nc1ccc(cc1)C#N)CC)C,116.25,,
2394,[*]C(C[*])(C(=O)OCCCCCCOc1ccc(cc1)C(=O)Oc1ccc(cc1)OCCCC)Cl,75.75,,
446,[*]C(C[*])C(=O)Oc1c(cccc1)Cl,146.33,,
755,[*]c1oc(nn1)c1ccc(cc1)Oc1ccc(cc1)[*],237.67,,
4543,[*]OC(=O)c1ccc(cc1)C(=O)OCC(C[*])C,55.0,73.0,
2195,[*]C(C[*])c1ccc(cc1)B(Oc1c2ncccc2c(cc1)c1c(c(c(c(c1F)F)F)F)F)c1ccc(cc1)C(C)(C)C,245.0,,
6719,[*]O[Si]([*])(CCCOc1ccc(cc1)C(=O)Oc1ccc(cc1)c1ccc(cc1)OC(=O)c1cc(c(c(c1)OCCCCCCCCCCCC)OCCCCCCCCCCCC)OCCCCCCCCCCCC)C,40.33,,
10130,[*]NC(CCCCNC(=O)NCCNC([*])=O)C(=O)OC,,,5.4494
9586,[*]CCCCCCCCCCOC(=O)CCCCCCC(=O)O[*],,,6.7689
8862,[*]c1ccc(cc1)C(C(=O)[*])O,,255.0,
7416,[*]NC(=O)CCCCCCC(=O)NCCCCCCC[*],,224.6666667,
5908,[*]c1cc2c(C(=O)N(C2=O)c2ccc(cc2)Oc2ccc(cc2)S(=O)(=O)c2ccc(cc2)Oc2ccc(cc2)N2C(=O)c3c(C2=O)cc(cc3)C(=O)Nc2ccc(cc2)Oc2ccc(cc2)c2ccc(cc2)Oc2ccc(cc2)NC(=O)[*])cc1,267.0,381.0,
574,[*]C(=CCC[*])CCCCCCCCCC,-53.0,,
10359,[*]C=C([*])c1cccc2ccccc12,,,0.8664
3408,[*]Oc1c(cc(cc1C)[*])C(CCCCCC)C,54.0,,
10218,[*]OC(=O)CCCCCCCCCCCCCCCCC([*])=O,,,6.1592
10709,[*]Oc1ccc(C(C)=Nc2ccccc2N=C(C)c2ccc([*])cc2)cc1,,,3.9432
8122,[*]OC(=O)c1ccc(cc1)N=Nc1ccc(cc1)C(=O)OCCOCCOCC[*],,126.0,
1155,[*]OC(CCC(C(=O)[*])C1OCCCO1)CCC,17.4,132.8,
10196,[*]CCCCCCCCCCn1c(=O)c2cc3c(=O)n([*])c(=O)c3cc2c1=O,,,3.7892
10827,[*]Oc1ccc(NC(=O)c2cc(NC(=O)C34CC5CC(CC(C5)C3)C4)cc(C(=O)Nc3ccc([*])cc3)c2)cc1,,,3.5033
1251,[*]Oc1c(cc(cc1)C(c1cc(c(cc1)OC(=O)c1ccc(cc1)C(=O)[*])C(C)C)(C)C)C(C)C,130.0,,
11835,[*]Nc1cc([*])ccc1N,,,3.7339
8803,[*][Si](c1ccc(cc1)[*])(OC)C,,300.0,
6808,[*]S(=O)(=O)c1c(cc(cc1C)C(c1cc(c(c(c1)C)[*])C)(C)C)C,229.0,,
4250,[*]O[Sn](OC(=O)/C=C/C(=O)[*])(CCCC)CCCC,186.0,285.85,
2770,[*]c1cc2C(c3c(c2cc1)ccc(c3)C=C[*])(CC(CCCC)CC)CC(CCCC)CC,165.0,,
6045,[*]c1cc2c(C(=O)N(C2=O)c2ccc(cc2)N(c2ccc(cc2)N2C(=O)c3c(C2=O)cc(cc3)C(=O)[*])c2ccc(cc2)C#N)cc1,315.0,,
5850,[*]N1C(=O)C2C(C1=O)CC(CC2)C1CC2C(C(=O)N(C2=O)c2ccc(cc2)Oc2ccc(cc2)Oc2ccc(cc2)[*])CC1,238.0,,
2039,[*]N=P([*])(OCCCCCCC)OCCCCCCC,-94.0,,
8921,[*]c1ncc(cc1)C(=O)OC(=O)COc1ccc(cc1)C(c1ccc(cc1)OCC(=O)OC(=O)[*])(C)C,,115.0,
8123,[*]OC(=O)c1ccc(cc1)N=Nc1ccc(cc1)C(=O)OCCOCCOCCOCC[*],,87.0,
7053,[*]C(C[*])CCN(C(C)C)C(C)C,,315.0,
1033,[*]SC([*])(F)F,-118.0,35.0,5.6762
11111,[*]CCCCCCCCCCOC(=O)CCC=CCCC(=O)O[*],,,6.0842
7426,[*]NC(=O)CCCCCCCC(=O)NCCCCCCCCCC[*],,206.75,
9634,[*]CCCCCCCCCCOC(=O)c1cccc(C(=O)O[*])c1,,,5.173
12321,[*]Oc7ccc(C6(c3ccc(OC(=O)c2ccc(c1ccc(C([*])=O)cc1)cc2)cc3)c4ccccc4c5ccccc56)cc7,,,3.4473
11664,[*]OC1CCC(OC(=O)OCCCCCOC([*])=O)CC1,,,7.0367
7322,[*]NC(=O)C(=O)NCCCCCNC(=O)CCCCCC(=O)NCCCCC[*],,273.0,
2545,[*]C(C[*])(C(=O)OCc1ccc2n(c3c(c2c1)cccc3)CCCCCCCCCCCCCC)C,26.0,,
3980,[*]Oc1c(cc(cc1)C=C1C(=O)C(=Cc2cc(c(cc2)OCCCCCCCC[*])OC)CCC1)OC,72.0,,
2664,[*]C(C[*])(C(=O)OCc1c(c(ccc1)Cl)Cl)C,42.6,,
1697,[*]c1cc2c(C(=O)N(C2=O)c2ccc(cc2)C(=O)c2ccc(cc2)N2C(=O)c3c(C2=O)cc(cc3)C(=O)[*])cc1,286.33,,
137,[*]C(C[*])c1ccc(cc1)Oc1ccccc1,85.0,,
5423,[*]N1C(=O)c2c(C1=O)cc(cc2)Sc1cc2c(C(=O)N(C2=O)c2ccc(cc2)Cc2ccc(cc2)[*])cc1,265.0,,
5911,[*]C1C(=O)N(C(=O)C1CC[*])C,141.2,,
8491,[*]Oc1ccc(cc1)C(=O)OC(=O)c1ccc(cc1)OCCCCCC[*],,157.0,
8030,[*]OC(=O)c1cc2c(cc1)cc(cc2)C(=O)OCC1CCC(CC1)C[*],,284.0,
10423,[*]C=CCCCC(Cl)CCC[*],,,5.737
8488,[*]Oc1ccc(cc1)C(=O)OC(=O)c1ccc(cc1)C(=O)OC(=O)c1ccc(cc1)OCC[*],,207.75,
6751,[*][Si](CCC[*])(C[Si](C)(C)C)C,-51.0,,
4024,[*]Oc1ccc(cc1)NC(=O)NC1CC(CC(C1)(CNC(=O)Nc1ccc(cc1)[*])C)(C)C,274.0,,
4833,[*]Nc1ccc(cc1)C1(c2ccccc2c2ccccc12)c1ccc(cc1)NC(=O)c1cc(cc(c1)C(C)(C)C)C(=O)[*],284.0,,
5276,[*]c1cc2c(C(=O)N(C2=O)c2cc(ccc2)Oc2ccc(cc2)P(=O)(c2ccc(cc2)Oc2cc(ccc2)N2C(=O)c3c(C2=O)cc(cc3)C([*])(C(F)(F)F)C(F)(F)F)c2ccccc2)cc1,243.0,,
7350,[*]NC(=O)C(C(=O)NCCCCCC[*])CCCCCCCCCCCC,,133.0,
624,[*]Oc1ccc(cc1)C(=O)OCCOC(=O)c1ccc(cc1)[*],74.0,134.0,
1061,[*]OC(=O)c1ccc(cc1)SCCCCSc1ccc(cc1)C(=O)[*],62.0,206.0,
8729,[*]SCCCCCCSCCCCCCCCCC[*],,77.0,
10937,[*]c1sc([*])c2nc(-c3ccccc3)c(C)nc12,,,2.498
9397,[*]CCOCCOC(=O)C(CCC)C(=O)O[*],,,6.4978
8084,[*]OC(=O)c1ccc(cc1)C(=O)NCc1ccc(cc1)CNC(=O)c1ccc(cc1)C(=O)OCCCCCC[*],,285.0,
2521,[*]C(C[*])(C(=O)OCCN(c1ccc(cc1)N=Nc1ccc(cc1)[N+](=O)[O-])C)C,110.0,,
2376,[*]C(C(C(C[*])OC)(C(=O)OC)C)(C(=O)OC)C,134.0,,
2015,[*]O[Si]([*])(c1ccccc1)c1ccccc1,45.8,229.85,
1918,[*]N(CC[*])C(=O)CCCCCCCCCCC,10.0,149.75,
8522,[*]Oc1ccc(cc1)C(c1ccc(cc1)OC(=O)c1cc(ccc1)C(=O)[*])(CCC(=O)O)C,,192.0,
11973,[*]c1ccc2ccc3c([*])cc(C#CC=C)c4ccc1c2c34,,,2.2865
4528,[*]c1ccc2n(c3c(c2c1)cc(cc3)C=C(C(=O)OCCCCCCOC(=O)C(=C[*])C#N)C#N)CCCCCCCCCCCCCC,53.0,,
8778,[*][NH+]1CC=C(C=C1)C=CC1=CC[NH+](C=C1)CCCCCCCCC[*],,133.85,
11741,[*]c1ccc([*])nn1,,,3.3251
4910,[*]c1ccc2c(nc([nH]2)c2cc(ccc2)c2nc3c([nH]2)ccc(c3)C(=O)Nc2cc(cc(c2)c2nc3c([nH]2)cccc3)NC(=O)[*])c1,315.0,,
10118,[*]CCCCCCNC(=O)NCCCNC(=O)N[*],,,5.6415
7488,[*]NC(=O)CNC(=O)CCCCCCCCCC[*],,235.0,
2792,[*]Oc1c(cc(cc1)S(=O)(=O)c1cc(c(cc1)OCC(COc1ccc(cc1)S(=O)(=O)c1ccc(cc1)OCC(C[*])O)O)C)C,142.5,,
9593,[*]CCCCCCCOC(=O)CCCCCCCCC(=O)O[*],,,6.8159
12295,[*]CC(C#N)(C#N)CC(C#N)(C#N)C(C#N)C(C#N)(C#N)[*],,,6.9307
3410,[*]Oc1c(cc(cc1C)[*])C(CCCCCCCCCCCC)C,-10.0,,
6444,[*]OC1CCC(CC1)OC(=O)OCCCCCCCOC(=O)[*],-5.0,165.0,
6665,[*]N(CC(C[*])O)c1cc(c(c(c1)C)N=Nc1ccc(cc1)C#N)C,150.0,,
3606,[*]Oc1ccc(cc1)NC(=O)c1c(cc(c(c1)C(=O)Nc1ccc(cc1)[*])C(=O)OCC)C(=O)OCC,208.05,,
8751,[*]SSCCCCSSCCCCCCCCCC[*],,57.0,
4660,[*]Oc1c(cc(cc1C)C1(CC2C(CC1)CCCC2)c1cc(c(c(c1)C)OC(=O)c1cc(ccc1)C(=O)[*])C)C,261.0,,
10185,[*]C(=O)c1ccc2c(c1)C(=O)N(c1ccc(OCCOCCOc3ccc(N4C(=O)c5ccc([*])cc5C4=O)cc3)cc1)C2=O,,,2.4449
11279,[*]CCCCC(=O)NCCCCCCC(=O)NCCC(=O)N[*],,,5.7097
3491,[*]Oc1ccc(cc1)CC(NC(=O)CCc1ccc(cc1)OC(=O)COCC(=O)[*])C(=O)OCCCCCC,45.0,,
2277,[*]C=CC(C([*])COCc1ccccc1)COCc1ccccc1,-4.0,124.0,
4010,[*]c1cc2c(cc1)oc(=O)c(c2)C(=O)Nc1ccc(cc1)Oc1ccc(cc1)NC(=O)c1c(=O)oc2c(cc(cc2)C[*])c1,312.0,,
10389,[*]CC1CC([*])CC(O)C1,,,6.4795
8129,[*]OC(=O)c1ccc(cc1)NC(=O)CCCCCCCCCCC(=O)Nc1ccc(cc1)C(=O)OCCCCCC[*],,203.5,
8441,[*]Oc1cc2c(cc1)cc(cc2)C(=O)[*],,541.0,
5171,[*]N1C(=O)c2c(C1=O)cc(cc2)C(=O)c1cc2c(C(=O)N(C2=O)CCC(=O)Nc2ccc(cc2)Oc2ccc(cc2)NC(=O)CC[*])cc1,232.0,,
9202,[*]CC([*])(C)C(=O)OC(F)(C(F)(F)F)C(F)(F)F,,,6.1534
6295,[*]c1cc2c(C(=O)N(C2=O)c2cc(cc(c2)c2oc3c(n2)cccc3)N2C(=O)c3c(C2=O)cc(cc3)C(=O)Nc2nc(ccc2)NC(=O)[*])cc1,365.0,,
7795,[*]OC(=O)CCCCCCCC(=O)OCC1CCC(CC1)C[*],,43.5,
2026,[*]O[Si]([*])(CCCn1c2ccccc2c2ccccc12)C,51.0,,
5967,[*]c1cc2c(C(=O)N(C2=O)c2cc(ccc2)P(=O)(c2cc(ccc2)N2C(=O)c3c(C2=O)cc(cc3)C(=O)Nc2ccc(cc2)c2ccc(cc2)NC(=O)[*])c2ccccc2)cc1,253.0,,
7499,[*]NC(=O)NCCCCCCCCCC[*],,197.0,
6284,[*]N1C(=O)C2C3C4C(C(C2C1=O)C=C3)C(=O)N(C4=O)c1cc(ccc1)Oc1cc(ccc1)Oc1cc(ccc1)[*],162.0,,
4829,[*]NC(=O)CCCCCCCCCCCCCCC(=O)NCCCCCCCCCCCC[*],46.0,170.0,
11407,[*]CCCNC(=O)O[*],,,6.2603
6259,[*]c1oc(nn1)c1ccc(cc1)Oc1ccc(cc1)N1C(=O)c2c(C1=O)cc(cc2)[Si](O[Si](c1cc2c(C(=O)N(C2=O)c2ccc(cc2)Oc2ccc(cc2)[*])cc1)(C)C)(C)C,190.5,,
1038,[*]SC(C[*])CC,-50.0,,
10297,[*]c1ccc(-c2ccc3[nH]c(-c4nc5cc([*])ccc5[nH]4)nc3c2)cc1,,,3.3322
6757,[*]O[Si](c1ccc(cc1)c1ccc(cc1)[Si]([*])(c1ccccc1)c1ccccc1)(c1ccccc1)c1ccccc1,94.0,391.0,
5793,[*]N1C(=O)c2c(C1=O)cc(cc2)c1cc2c(C(=O)N(C2=O)c2ccc(cc2)Oc2ccc(cc2)Oc2ccc(cc2)[*])cc1,264.88,467.37,
7772,[*]OC(=O)CCCCCC(=O)OCC1CCC(CC1)C[*],,30.0,
6897,[*]c1cc2C3(CCC(CC3)(C3=NC(CO3)c3ccccc3)C3=NC(CO3)c3ccccc3)c3c(c2cc1)ccc(c3)c1cc2C(c3c(c2cc1)ccc(c3)[*])(CCCCCC)CCCCCC,161.0,,
9748,[*]CCCOC(=O)Cc1ccc(CC(=O)O[*])cc1,,,5.2766
6474,[*]Oc1ccc(cc1)S(=O)(=O)c1ccc(cc1)OC(=O)OC1C(C(C1(C)C)OC(=O)[*])(C)C,162.0,,
11933,[*]c1c(F)c(F)c([*])c(F)c1F,,,5.4728
7211,[*]N(CC[*])CCCCCCCCCC,,-24.0,
1094,[*]OC(=O)c1cc(ccc1)C(=O)OCCCC[*],19.1,130.1111111,
5988,[*]c1cc2c(C(=O)N(C2=O)c2c(ccc(c2)N2C(=O)c3c(C2=O)cc(cc3)C(=O)Nc2c(cc(cc2C)Cc2cc(c(c(c2)C)NC(=O)[*])C)C)N=Nc2ccc(cc2)F)cc1,279.0,,
7364,[*]NC(=O)C(C[*])(CCC)C,,74.0,
996,[*]Oc1ccc(cc1)Oc1ccc(cc1)NC(=O)c1ccc(cc1)Oc1ccc(cc1)C(c1ccc(cc1)C(c1ccc(cc1)Oc1ccc(cc1)C(=O)Nc1ccc(cc1)[*])(C)C)(C)C,165.0,,
8762,[*]Sc1ccc(cc1)c1ccc(cc1)[*],,433.0,
2937,[*]Oc1cc(ccc1)NC(=O)CCCCC(=O)Nc1cc(ccc1)OCC(COc1ccc(cc1)C(c1ccc(cc1)OCC(C[*])O)(C)C)O,103.0,,
8432,[*]Oc1cc(ccc1)OC(=O)Oc1ccc(cc1)OC(=O)[*],,275.0,
11290,[*]NC(C)=CC([*])=O,,,3.6072
11195,[*]CCCCCCN(C)C(=O)CCCCCCCCCCC(=O)N([*])C,,,5.5795
891,[*]c1oc(cc1)CNC(=O)OC(COC(=O)NC[*])c1occc1,30.0,160.0,
6198,[*]N1C(=O)c2c(C1=O)cc(cc2)Oc1ccc(cc1)C(c1ccc(cc1)Oc1cc2c(C(=O)N(C2=O)c2ccc(cc2)c2cc(c(cc2)Oc2cc3c(C(CC3(c3ccc(cc3)Oc3c(cc(cc3)c3ccc(cc3)[*])C(F)(F)F)C)(C)C)cc2)C(F)(F)F)cc1)(C)C,241.0,,
5366,[*]c1c2C(=O)N(C(=O)c2c(c2ccccc12)c1ccc(cc1)Oc1ccc(cc1)C(=O)c1ccc(cc1)Oc1ccc(cc1)[*])c1ccc(cc1)C(F)(F)F,260.0,,
3440,[*]Oc1c2c(c(cc1)C(=O)c1ccc(cc1)Oc1ccc(cc1)C1(c3ccccc3c3ccccc13)c1ccc(cc1)[*])cccc2,260.0,,
6210,[*]c1cc2c(C(=O)N(C2=O)c2cc(cc(c2)OCCCCCCCCCCCCCCCC)N2C(=O)c3c(C2=O)cc(cc3)C(=O)[*])cc1,179.0,,
10438,[*]CC([*])C(=O)N(CCC)CCC,,,5.3191
1191,[*]OC(=O)CCCCC(=O)OCC(C[*])(C)C,-50.0,37.0,
5230,[*]N1C(=O)c2c(C1=O)cc(cc2)[Si](c1ccc(cc1)c1ccc(cc1)[Si](c1cc2c(C(=O)N(C2=O)c2cc(ccc2)Cc2cc(ccc2)[*])cc1)(C)C)(C)C,285.0,,
10988,[*]c1cc(CCCCCCOC(=O)COc2ccccc2)c([*])s1,,,2.6531
3183,[*]c1c([nH]c(n1)c1ccc(cc1)c1[nH]c(c(n1)c1ccc(cc1)Oc1ccc(cc1)S(=O)(=O)c1ccc(cc1)Oc1ccc(cc1)[*])c1ccccc1)c1ccccc1,301.0,,
1269,[*]OC(=O)c1ccc(cc1)C(c1ccc(cc1)C(=O)OCCCC[*])(C)C,44.0,,
10361,[*]C=C([*])c1ccc(NC=O)cc1,,,0.2219
3333,[*]Oc1cc(ccc1)Oc1ccc(cc1)C(=O)c1ccc(cc1)NC(=O)c1cc(ccc1)C(=O)Nc1ccc(cc1)C(=O)c1ccc(cc1)[*],214.0,,
3248,[*]Oc1cc2c(cc1)ccc(c2)Oc1ccc(cc1)C(=Nc1ccc(cc1)Oc1ccc(cc1)N=C(c1ccc(cc1)[*])c1ccccc1)c1ccccc1,165.0,,
6846,[*]c1cc2c(cc1)cc(cc2)C(=Cc1c(cc(c(c1)OC)C=C([*])c1ccc(cc1)F)OC)c1ccc(cc1)F,208.0,,
8320,[*]OP(=O)(OCCCCCCCCOc1ccc(cc1)C=Cc1ccc(cc1)OCCCCCCCC[*])Oc1c2c(ccc1)cccc2,,150.0,
1164,[*]OC(=O)c1ccc(cc1)C(=O)OCCCCCCCC[*],23.0,132.8571429,
1318,[*]NC(=O)CCCCCCCC[*],44.29,203.0,
4951,[*]OC(=O)Nc1c(ccc(c1)NC(=O)OCCN(CC[*])c1ccc(cc1)C=C1NC(=O)NC1=O)C,178.0,,
6188,[*]N1C(=O)c2c(C1=O)cc(cc2)NC(=O)OCCOc1c(cc(cc1Br)C(c1cc(c(c(c1)Br)OCCOC(=O)Nc1cc2c(C(=O)N(C2=O)c2cc(ccc2)P(=O)(c2cc(ccc2)[*])C)cc1)Br)(C)C)Br,191.0,,
12353,[*]OC1(C)CCC([*])CC1CCCCCCCC,,,5.4763
2232,[*]C(C[*])c1c(ccc(c1)C(=O)Oc1ccc(cc1)OCCCCCCCCCCCC)C(=O)Oc1ccc(cc1)OCCCCCCCCCCCC,108.0,-6.0,
7932,[*]OC(=O)NCCSCCCCCSCCNC(=O)OCC1CCC(CC1)C[*],,100.25,
3569,[*]c1nc(nc(c1c1ccc(cc1)OC)OCCOC(=O)c1ccc(cc1)C(=O)OCCO[*])c1ccc(cc1)OCCCC,94.0,200.0,
11544,[*]C=CC1CC([*])C2C(=O)N(c3cccc(C)c3)C(=O)C12,,,4.9512
527,[*]C(C[*])C(=O)OCCCOc1ccc(cc1)N=Nc1ccc(cc1)[N+](=O)[O-],45.6,,
3474,[*]Oc1c(cc(cc1OC)C=Cc1c(cc(c(c1)C(C)C)C=Cc1cc(c(c(c1)OC)OCCCCCCCC[*])OC)C(C)C)OC,85.0,,
2013,[*]O[Si](O[Si](c1ccc(cc1)[Si]([*])(C)C)(C)C)(c1ccccc1)c1ccccc1,0.0,,
8670,[*]S(=O)(=O)c1ccc(cc1)C(=O)NCCCCNC(=O)c1ccc(cc1)[*],,358.0,
6381,[*]Nc1cc(ccc1)NC(=O)CCCCC(=O)Nc1cc(ccc1)NC(=S)NC(=O)CCCCC(=O)NC(=S)[*],236.0,,
1915,[*]N(CCC[*])C(=O)CCCCC,-16.0,,
11370,[*]CCCC1(C)CCN(C(=O)CCC(=O)N2CCC([*])(C)CC2)CC1,,,5.3334
9913,[*]CCCCCCCCCNC(=O)CCC=CCCC(=O)N[*],,,5.6551
5444,[*]N1C(=O)c2c(C1=O)cc(cc2)S(=O)(=O)c1cc2c(C(=O)N(C2=O)c2cc(c(cc2)c2c(cc(cc2)[*])C(F)(F)F)C(F)(F)F)cc1,320.0,,
5321,[*]c1cc2c(C(=O)N(C2=O)c2cc(cc(c2)C(=O)O)N2C(=O)c3c(C2=O)cc(c(c3)Cl)C(=O)[*])cc1Cl,368.0,,
4398,[*]Oc1ccc(cc1)CC(NC(=O)CCc1ccc(cc1)OC(=O)CCCCCCC(=O)[*])C(=O)OCCCCCC,26.45,,
8771,[*][NH+]1C(C=C(C=C1c1ccccc1)c1ccc(cc1)C1=CC([NH+](C(=C1)c1ccccc1)CCCCOCCCCOCCCC[*])c1ccccc1)c1ccccc1,,115.5,
6369,[*]N1C(=O)c2c(C1=O)cc(cc2)S(=O)(=O)c1cc2c(C(=O)N(C2=O)c2ccc(cc2)N(c2ccc(cc2)[*])c2ccc(cc2)C#N)cc1,325.0,,
11333,[*]NC(CO)C([*])=O,,,5.2646
7618,[*]Nc1c(cccc1)NC(=O)CCC(=O)[*],,195.0,
4019,[*]Oc1c(c(c(c(c1F)F)COC(c1cc(ccc1)C(OCc1c(c(c(c(c1F)F)Oc1ccc(cc1)Cc1ccc(cc1)[*])F)F)(C(F)(F)F)C(F)(F)F)(C(F)(F)F)C(F)(F)F)F)F,94.0,,
4561,[*]OC(=O)Nc1c(ccc(c1)NC(=O)OCCCCCOC(=O)c1c(cccc1)C(=O)O[Cd]OC(=O)c1c(cccc1)C(=O)OCCCCC[*])C,2.3,,
2209,[*]C(C[*])c1ccc(cc1)COCC(C(C(C(F)(F)F)(F)F)(F)F)(F)F,23.0,,
43,[*]C(C[*])c1ccccc1,92.74,250.8938854,
2570,[*]C(C[*])(C(=O)OCC(C1CC(C1)(c1ccccc1)C)O)C,105.0,,
5891,[*]N1C(=O)c2c(C1=O)cc(cc2)Oc1ccc(cc1)C1(CCCCCCCCCCC1)c1ccc(cc1)Oc1cc2c(C(=O)N(C2=O)c2ccc(cc2)Oc2ccc(cc2)C2(C3CC4CC(CC2C4)C3)c2ccc(cc2)Oc2ccc(cc2)[*])cc1,262.0,,
9167,[*]C=C([*])c1ccccc1,,,0.1289
10573,[*]CCCCCCCCCCCCc1nnc([*])o1,,,6.356
3284,[*]Oc1ccc(cc1)S(=O)(=O)c1c2c(ccc1)c(ccc2)S(=O)(=O)c1ccc(cc1)Oc1c(cc(cc1C)c1cc(c(c(c1)C)[*])C)C,262.0,,
1919,[*]N(CC[*])C(=O)CCCCCCCCCCCCCCCCC,10.0,139.0,
7895,[*]OC(=O)NC(=O)C1C(C1)C(=O)NC(=O)OCCCC[*],,226.0,
10661,[*]Oc1ccc(P(C)(=O)c2ccc([*])cc2)cc1,,,4.6884
9987,[*]CC1CCCC(CNC(=O)CCCCCCCCCCC(=O)N[*])C1,,,5.83
9449,[*]CC1CC1CO[*],,,5.9176
9552,[*]CCCCc1nc(-c2ccc(-c3csc([*])n3)cc2)cs1,,,3.7312
10245,[*]Oc1ccc(C(C)(C)c2ccc(OC([*])=O)c(Cl)c2)cc1Cl,,,4.9898
3091,[*]c1nc2c(c(c1)c1ccccc1)cc(cc2)Oc1cc2c(nc(cc2c2ccccc2)c2ccc(cc2)c2ccc(cc2)c2ccc(cc2)c2ccc(cc2)[*])cc1,298.33,,
7284,[*]N1CCN(CC1)C(=O)OCCCCCCOC(=O)[*],,115.0,
1475,[*]Nc1ccc(cc1)CC(NC(=O)CCCCC(=O)[*])(C)C,130.0,235.0,
7405,[*]NC(=O)CCCCCC(=O)NC[*],,275.0,
6769,[*]O[Si](O[Si](C#Cc1ccc(cc1)C#C[Si]([*])(C)C)(C)C)(C)C,104.0,,
10416,[*]CC(Cl)(C#N)C1C=CC([*])CC1,,,5.4881
10872,[*]c1nc2cc3sc(-c4cc(OCCCC)c([*])cc4OCCCC)nc3cc2s1,,,3.1607
2203,[*]C(C[*])c1ccc(cc1)c1cc2C(c3c(c2cc1)cccc3)(CCCCCC)CCCCCC,76.55,,
639,[*]OC(=O)NCCCCCCNC(=O)OCCOCC[*],5.0,128.2833333,
6242,[*]c1cc2c(C(=O)N(C2=O)c2cc(c(c(c2)Br)Oc2c(cc(cc2Br)N2C(=O)c3c(C2=O)cc(cc3)C([*])(C(F)(F)F)C(F)(F)F)Br)Br)cc1,303.0,,
1605,[*]NC(=O)NCc1ccc(cc1)CNC(=O)NCCCCCCCCCC[*],55.0,260.0,
3193,[*]c1c([nH]c(n1)c1cc(ccc1)c1[nH]c(c(n1)c1ccc(cc1)Oc1ccc(cc1)C(=O)c1ccc(cc1)C(=O)c1ccc(cc1)Oc1ccc(cc1)[*])c1ccccc1)c1ccccc1,270.0,,
1732,[*]N1C(=O)c2c(C1=O)cc(cc2)Oc1ccc(cc1)C(c1ccc(cc1)Oc1cc2c(C(=O)N(C2=O)c2cc(ccc2)[*])cc1)(C)C,221.3,225.0,
6316,[*]c1cc2c(C(=O)N(C2=O)C2C(=O)N(C(=O)C2)c2c(ccc(c2)C)NC(=O)[*])cc1,237.0,,
9217,[*]CC([*])C(=O)OCCSCC#N,,,5.2595
8534,[*]Oc1ccc(cc1)C=C1C(=O)C(=Cc2ccc(cc2)OCCC[*])CC(C1)C,,97.0,
8353,[*]Oc1c(cc(cc1)C(=O)OCCOCCOC(=O)c1cc(c(cc1)OC(=O)c1ccc(cc1)C(=O)[*])Cl)Cl,,185.0,
718,[*]C1OC(OC(C1)C[*])CCC,45.92,,
10060,[*]CC(F)(F)C(F)(F)COC(=O)NCCCCCCNC(=O)O[*],,,6.4212
6128,[*]c1cc2c(C(=O)N(C2=O)c2ccc(cc2)Oc2c(c(ccc2)Oc2ccc(cc2)N2C(=O)c3c(C2=O)cc(cc3)C([*])(C(F)(F)F)C(F)(F)F)C#N)cc1,280.0,,
1939,[*]c1nc2c(nc1)cc(cc2)S(=O)(=O)c1cc2c(nc(cn2)c2ccc(cc2)[*])cc1,342.0,,
4864,[*]NC(=O)c1c(cc(cc1)C(=O)NCCCCCCCC[*])Oc1ccccc1,96.0,134.0,
5470,[*]c1cc2c(C(=O)N(C2=O)c2cc(ccc2)Cc2ccc(cc2)Cc2ccc(cc2)N2C(=O)c3c(C2=O)cc(cc3)C(=O)[*])cc1,317.0,,
1457,[*]NC1CCC(CC1)CCC1CCC(CC1)NC(=O)CCCCCCCCCCC(=O)[*],105.0,293.0,
8690,[*]SC(=O)CCCCCCC(=O)SCCCC[*],,109.0,
10719,[*]c1ccc(S(=O)(=O)c2ccc(-n3nc(-c4ccccc4)c4ccc(Oc5ccc6c(-c7ccccc7)nn([*])c(=O)c6c5)cc4c3=O)cc2)cc1,,,3.4595
11259,[*]CCCCNC(=O)C(=O)N[*],,,5.1306
3994,[*]Oc1ccc(cc1)Nc1ccc(cc1)C(=O)c1ccc(cc1)C(=O)c1ccc(cc1)Nc1ccc(cc1)[*],215.0,,
9035,[*]c1sc2cc3c(cc2n1)sc(n3)CCCCCCCCCC[*],,245.0,
3334,[*]Oc1ccc(cc1)C(=O)c1cc(ccc1)NC(=O)CCCCCCCCC(=O)Nc1ccc(cc1)C(=O)c1ccc(cc1)[*],148.0,,
10157,[*]c1ccc(-c2ccc(-n3c(=O)c4cc5c(=O)n([*])c(=O)c5cc4c3=O)cc2)cc1,,,2.1894
2832,[*]Oc1ccc(cc1)Oc1cc(ccc1)C(=O)Oc1ccc(cc1)OC(=O)c1cc(ccc1)[*],119.0,259.0,
10618,[*]CC(CO[*])(CS(C)(=O)=O)CS(C)(=O)=O,,,5.8874
3121,[*]Oc1ccc(cc1)P(=O)(c1ccc(cc1)Oc1ccc(cc1)C(c1ccc(cc1)[*])(c1ccccc1)C(F)(F)F)C,229.0,,
4300,[*]OC(=O)c1ccc(cc1)C(=O)OCC(C[*])(CC)C,60.83,,
809,[*]Oc1ccc(cc1)NC(=O)CCCCCCCCCCC(=O)Nc1ccc(cc1)[*],150.0,290.0,
9566,[*]CCCCOC(=O)SSSC(=O)O[*],,,3.9747
9592,[*]CCCCCCOC(=O)CCCCCCCCC(=O)O[*],,,6.8548
3483,[*]Oc1ccc(cc1)NC(=O)c1cc(ccc1)C(=O)Nc1ccc(cc1)Oc1ccc(cc1)C1(C2CCC(C1)C2)c1ccc(cc1)[*],256.0,,
3901,[*]Oc1cc(cc(c1)C(=O)Oc1ccc(cc1)N=Nc1ccc(cc1)C#N)Oc1ccc(cc1)C(c1ccc(cc1)[*])(C)C,163.0,,
9418,[*]CC1CC([*])OCO1,,,6.5995
10064,[*]CC(F)(F)C(F)(F)C(F)(F)C(F)(F)COC(=O)NCCCCCCNC(=O)O[*],,,6.4368
6309,[*]Nc1cc(ccc1)NC(=O)CCCCCCCCC(=O)Nc1ccc(cc1)C(=O)NC(=S)[*],265.0,,
10454,[*]CC([*])(C)C(=O)Oc1ccc(N=Nc2ccc(C#N)cc2)cc1,,,2.5281
10523,[*]CNC(=O)CCCCC(=O)NCC1COC([*])CO1,,,6.0452
11343,[*]NC(Cc1c[nH]c2ccccc12)C([*])=O,,,4.3631
2410,[*]C(C[*])(C(=O)OCCOCCOCCOCCOCCOCCOCCOCCOC)C,-58.0,,
18,[*]C(C[*])CC1CCCC1,60.0,217.5,
6328,[*]c1cc2c(C(=O)N(C2=O)c2cc(ccc2)Oc2c(c(ccc2)Oc2cc(ccc2)N2C(=O)c3c(C2=O)cc(cc3)C(=O)Nc2ccc(cc2)Oc2cc(ccc2)Oc2ccc(cc2)NC(=O)[*])C#N)cc1,207.0,,
11776,[*]c1cc(-c2ccccc2)c([*])[nH]1,,,2.9521
8978,[*]c1sc(cc1)[Si]([*])(C)C=C,,112.0,
5469,[*]c1cc2c(C(=O)N(C2=O)c2ccc(cc2)Cc2ccc(cc2)Cc2ccc(cc2)N2C(=O)c3c(C2=O)cc(cc3)C(=O)[*])cc1,341.0,,
11686,[*]CC(C)(COC(=O)O[*])C(=O)OCc1ccccc1,,,5.7764
8071,[*]OC(=O)c1ccc(cc1)C(=O)NCCCNC(=O)c1ccc(cc1)C(=O)OCCCCCCCCCCC[*],,198.0,
8346,[*]Oc1c(cc(cc1)C(=O)OC(=O)c1ccc(cc1)C(=O)OC(=O)c1cc(c(cc1)OCC[*])OC)OC,,260.0,
7791,[*]OC(=O)CCCCCCC(=O)OCCOCCOCC[*],,-38.5,
343,[*]C(C[*])C(=O)OCC(C(F)C(F)(F)F)(F)F,-22.0,,
7573,[*]NC1C(C1)NC(=O)CCCCCCCCC(=O)[*],,220.0,
6077,[*]N1C(=O)c2c(C1=O)c(ccc2)Oc1c(cc(c(c1)C(C)(C)C)Oc1c2c(C(=O)N(C2=O)c2ccc(cc2)Oc2ccc(cc2)c2ccc(cc2)Oc2ccc(cc2)[*])ccc1)C(C)(C)C,275.0,,
6650,[*]N(c1ccc(cc1)C(=O)c1ccc(cc1)N(CCC[*])C)C,101.0,127.0,
489,[*]C(C[*])(CC(=O)OCCCc1ccccc1)C(=O)OCCCc1ccccc1,-8.0,,
11385,[*]Nc1ccc(Cc2ccc(NC(=O)c3ccc(P(=O)(c4ccccc4)c4ccc(C([*])=O)cc4)cc3)cc2)cc1,,,3.0916
12289,[*]C(F)(F)NC(F)(F)O[*],,,8.2061
8246,[*]OCC1(CC=CCC1)C[*],,102.0,
7909,[*]OC(=O)NCCCCCC(=O)OCCCCCC[*],,75.0,
3179,[*]Oc1ccc(cc1)C(c1ccc(cc1)Oc1ccc(cc1)C(=O)c1ccc(cc1)C(c1ccc(cc1)C(=O)c1ccc(cc1)[*])(C)C)(C)C,171.0,,
932,[*]N1C(=O)c2c(C1=O)cc(cc2)Oc1cc2c(cc1)ccc(c2)Oc1cc2c(C(=O)N(C2=O)c2ccc(cc2)C(c2ccc(cc2)C(c2ccc(cc2)[*])(C)C)(C)C)cc1,246.0,,
3041,[*]Oc1cc(c(cc1)CCc1ccc(cc1)OCCCCCCCCCCCC[*])C,-0.9,,
11981,[*]C(S1)=CC=C1C(=S)C(S2)=CC=C2O[*],,,2.6229
214,[*]C(C[*])Cc1cc(ccc1)C,38.75,180.0,
8358,[*]Oc1c(cc(cc1)C=C1C(=O)C(=Cc2cc(c(cc2)OCCC[*])OC)CC(C1)C(C)(C)C)OC,,148.0,
4623,[*]OC(=O)CCC(=O)OCCCCCCCCC[*],31.0,57.0,
7708,[*]OC(=O)CC(=O)OCCCCC[*],,-24.0,
6233,[*]N1C(=O)c2c(C1=O)cc(cc2)c1cc2c(C(=O)N(C2=O)c2cc(c(cc2)Oc2c(cc(cc2)[*])Br)Br)cc1,275.0,,
9023,[*]c1sc(nn1)SCC(=O)NN=Cc1ccc(cc1)OCCCCCCOc1ccc(cc1)C=NNC(=O)CS[*],,210.0,
7310,[*]NC(=O)C(=O)NCCCCCCCCCCCCNC(=O)CCCCCCCCC(=O)NCCCCCCCCCCCC[*],,217.0,
5419,[*]c1cc2c(C(=O)N(C2=O)c2ccc(cc2)OCCCCCCCCCCOc2ccc(cc2)N2C(=O)c3c(C2=O)cc(cc3)C([*])(C(F)(F)F)C(F)(F)F)cc1,143.0,,
11644,[*]Oc1ccc(C(c2ccc(OC([*])=O)cc2)C2CCCCC2)cc1,,,4.5492
11500,[*]c1ccc(Oc2ccc(N3C(=O)N([*])C3=O)cc2)cc1,,,4.3691
720,[*]Oc1ccc(cc1)OCC(C[*])O,54.5,,
11189,[*]CC1CCCC(CC(=O)N[*])C1,,,6.0189
2442,[*]C(C[*])(C(=O)OCCCCCCc1ccc(cc1)C(=Cc1ccc(cc1)OC)C)C,31.0,,
2635,[*]C1C2C(C(C1)CC[*])C1C(CC2C1)(C(=O)OC)C,152.46,,
37,[*]C(=CCC[*])CCCCCCC,-83.0,,
5632,[*]N1C(=O)C2C(C1=O)CC(c1ccccc21)C1C(=O)N(C(=O)C1)c1cc(cc(c1)C(=O)O)[*],249.43,,
6062,[*]N1C(=O)c2c(C1=O)c(ccc2)Oc1c(cc(cc1C)Cc1cc(c(c(c1)C)Oc1c2c(C(=O)N(C2=O)c2ccc(cc2)Oc2ccc(cc2)[*])ccc1)C)C,270.0,,
1112,[*]OC(=O)c1c(cccc1)C(=O)OCC[*],70.88,75.0,
8055,[*]OC(=O)c1ccc(cc1)C(=O)NCCCCNC(=O)c1ccc(cc1)C(=O)OCCCCC[*],,284.0,
5095,[*]N1C(=O)c2c(C1=O)c(ccc2)c1cc2c(C(=O)N(C2=O)c2cc(ccc2)C(=O)Nc2ccc(cc2)Oc2cc(ccc2)Oc2ccc(cc2)NC(=O)c2cc(ccc2)[*])cc1,253.0,,
10637,[*]c1ccc(C(c2ccccc2)(c2ccc(-c3nc4ccc(-c5ccc6nc([*])oc6c5)cc4o3)cc2)C(F)(F)F)cc1,,,3.4178
11326,[*]C(=S)N([*])C,,,3.6861
1730,[*]N1C(=O)c2c(C1=O)c(ccc2)Oc1ccc(cc1)C(=O)c1ccc(cc1)Oc1c2c(C(=O)N(C2=O)c2ccc(cc2)Oc2cc(ccc2)Oc2ccc(cc2)[*])ccc1,216.0,,
4688,[*]Nc1ccc(cc1)C(c1ccc(cc1)NC(=O)c1cc(cc(c1)N1C(=O)C2C(C1=O)CC=CC2)C(=O)[*])(C)C,308.0,,
7735,[*]OC(=O)CCC(=O)OCCCCCCCCCC[*],,70.4,
3132,[*]Oc1ccc(cc1)P(=O)(c1ccc(cc1)Oc1ccc(cc1)C(c1ccc(cc1)[*])(C)C)c1ccccc1,182.0,,
6029,[*]N1C(=O)c2c(C1=O)cc(cc2)Oc1c(cccc1)Oc1cc2c(C(=O)N(C2=O)c2cc(c(cc2)Oc2ccc(cc2)C2(c3ccccc3c3ccccc23)c2ccc(cc2)Oc2c(cc(cc2)[*])C(F)(F)F)C(F)(F)F)cc1,241.0,,
4788,[*]Nc1c(cc(cc1)NC(=O)c1ccc(cc1)NC(=O)CCCCCCCCCCC(=O)Nc1ccc(cc1)C(=O)[*])C(=O)OCCCCCCCCCCCCCC,199.5,,
1667,[*]c1cc2c(C(=O)N(C2=O)c2c(cccc2)Oc2ccc(cc2)N2C(=O)c3c(C2=O)cc(cc3)C([*])(C(F)(F)F)C(F)(F)F)cc1,276.0,,
4735,[*]NC(=O)C(C(C(=O)NCCCCCCC[*])OC)OC,87.0,209.0,
11788,[*]c1ccc2c(c1)c1cc([*])ccc1n2CC(=O)NO,,,3.6467
7980,[*]OC(=O)Nc1ccc(cc1)c1ccc(cc1)NC(=O)OCC[*],,388.0,
1104,[*]OC(=O)c1cc2c(cc1)ccc(c2)C(=O)OCC[*],119.0,270.0,
6547,[*]c1nc2c(c(c1)c1ccccc1)cc(cc2)c1cc2c(nc(cc2c2ccccc2)c2ccc(cc2)c2ccc(cc2)c2ccc(cc2)[*])cc1,351.67,504.0,
11865,[*]c1ccc([*])n1C(C)C(=O)OC,,,2.9894
10236,[*]CC1CC([*])C(=O)OC1=O,,,6.1563
2527,[*]C(C[*])C(=O)OCCC(C(C(C(C(C(C(C(F)(F)F)(F)F)(F)F)(F)F)(F)F)(F)F)(F)F)(F)F,52.0,77.425,
10761,[*]c1sc([*])c2c1OCC(CCCCS(=O)(=O)O)O2,,,2.1668
8121,[*]OC(=O)c1ccc(cc1)N=Nc1ccc(cc1)C(=O)OCCOCC[*],,137.0,
6156,[*]c1cc2c(C(=O)N(C2=O)c2c3c(ccc2)c(ccc3)Oc2ccc(cc2)N2C(=O)c3c(C2=O)cc(cc3)C(=O)Nc2ccc(cc2)c2ccc(cc2)NC(=O)[*])cc1,301.0,,
9601,[*]CCCCCCOC(=O)CCC(=O)O[*],,,6.7086
11498,[*]c1ccc(N2C(=O)N([*])C2=O)cc1,,,4.9853
8004,[*]OC(=O)c1c(cccc1)Nc1c(cccc1)C(=O)OC(=O)c1cc(ccc1)C(=O)[*],,91.0,
9111,[*]CC([*])c1ccc(F)cc1,,,2.0489
10615,[*]CC(CO[*])(CSC)CSC,,,4.984
4503,[*]Oc1c(cc(c(c1)OC(=O)c1ccc(cc1)OCCC)OC(=O)CCCCCCCCCCCCCCC(=O)[*])OC(=O)c1ccc(cc1)OCCC,18.0,132.0,
11197,[*]CCCCCCN(CC)C(=O)CCCCCCCCCCCCCCCCC(=O)N([*])CC,,,5.5078
4671,[*]C1OC(=O)C(C1)CCC1C(=O)OC(C1)CCCCCC[*],37.9,131.6,
10681,[*]CCOCCOC(=O)c1ccc(NC=Nc2ccc(C(=O)O[*])cc2)cc1,,,4.1569
9481,[*]OC(C)CCOC(=O)COCC([*])=O,,,6.1998
1734,[*]N1C(=O)c2c(C1=O)cc(cc2)Oc1ccc(cc1)C(c1ccc(cc1)Oc1cc2c(C(=O)N(C2=O)c2ccc(cc2)Oc2ccc(cc2)[*])cc1)(C)C,217.25,,
12393,[*]C=Nc1ccc(S(=O)(=O)c2ccc(N=Cc3ccc(Sc4ccc([*])o4)o3)cc2)cc1,,,3.0975
7136,[*]C=CC(C([*])C(=O)OCc1ccc(cc1)Cl)C(=O)OCc1ccc(cc1)Cl,,296.3,
5437,[*]c1cc2c(C(=O)N(C2=O)c2ccc(cc2)c2sc(c(c2c2ccccc2)c2ccccc2)c2ccc(cc2)N2C(=O)c3c(C2=O)cc(cc3)C(=O)Nc2ccc(cc2)S(=O)(=O)c2ccc(cc2)NC(=O)[*])cc1,340.0,,
8592,[*]Oc1ccc(cc1)OCC(=O)OC(=O)c1ccc(cc1)C(=O)OC(=O)C[*],,317.25,
11352,[*]CCCCCCNC(=O)CCCCCCCCCCCCCCC(=O)N[*],,,5.9557
399,[*]C(C[*])C(=O)OCC(CCCC)CC,-62.58,,
1368,[*]NC(=O)CCCCC(=O)NCc1cc(cc(c1)C(C)(C)C)C[*],109.0,186.0,
7565,[*]NC(CCCCNC(=O)NCCCCNC(=O)[*])C(=O)OC,,180.0,
11550,[*]C(=O)c1ccc2c(c1)C(=O)N(c1ccc(Oc3cccc(N4C(=O)c5ccc([*])cc5C4=O)c3)cc1)C2=O,,,2.4357
11162,[*]CCCCCCCCCCCCCCCCCCCCCCOC(=O)CCC(=O)O[*],,,6.6006
11710,[*]c1ccc(-c2ccc(-c3cc(-c4ccccc4)c4cc5c(-c6ccccc6)cc([*])nc5cc4n3)cc2)cc1,,,2.8216
3825,[*]C1(OC(C(O1)(F)C(F)(F)F)(F)F)C([*])(F)F,131.18,,
10228,[*]OC(=O)c1ccc(CCCCc2ccc(C([*])=O)cc2)cc1,,,4.8401
5495,[*]c1cc2c(C(=O)N(C2=O)c2c(ccc(c2)C(=O)Nc2ccc(cc2)C(c2ccc(cc2)NC(=O)c2cc(c(cc2)C)N2C(=O)c3c(C2=O)cc(cc3)C([*])(C(F)(F)F)C(F)(F)F)(C(F)(F)F)C(F)(F)F)C)cc1,293.5,,
8628,[*]Oc1ccc(cc1)c1ccc(cc1)OC(=O)c1c(cc(cc1)C(=O)[*])Oc1ccc(cc1)C(c1ccccc1)(C)C,,377.0,
7717,[*]OC(=O)CC(CCC(=O)OCCC[*])C,,-33.0,
6944,[*]C#CC(=C([*])CCCCOC(=O)NCCCCCCCCCC)CCCCOC(=O)NCCCCCCCCCC,,179.85,
9221,[*]CC([*])C(=O)Oc1ccc(OC)cc1,,,4.4447
5526,[*]N1C(=O)N(C(=O)C1=O)c1ccc(cc1)Cc1ccc(cc1)N1C(=O)N(C(=O)C1=O)c1c(cccc1)CCc1ccc(cc1)[*],198.0,,
4422,[*]OC(=O)c1ccc(cc1)c1ccc(cc1)C(=O)OCCCCCCCCC[*],43.75,111.0,
5591,[*]N1C(=O)c2c(C1=O)cc(cc2)OCCN(CCOc1cc2c(C(=O)N(C2=O)c2ccc(cc2)Cc2ccc(cc2)[*])cc1)c1ccc(cc1)C=Cc1ccc(cc1)[N+](=O)[O-],160.7,,
4686,[*]Nc1ccc(cc1)C(c1ccc(cc1)NC(=O)c1cc(cc(c1)N1C(=O)C2C(C1=O)C1CCC2C1)C(=O)[*])(C)C,311.0,,
2753,[*]C(CCCCCCCC[*])Cl,-33.0,41.0,
9378,[*]CC(=O)OC(=O)COc1cccc(O[*])c1,,,4.3174
1527,[*]OC(=O)NCCCCCCCCCNC(=O)OCC[*],44.0,,
6094,[*]c1cc2c(C(=O)N(C2=O)c2c(cc(cc2C)C(c2cc(c(c(c2)C)N2C(=O)c3c(C2=O)cc(cc3)C(=O)[*])C)c2cc(ccc2)C(F)(F)F)C)cc1,285.0,,
2710,[*]C1C2CC(C(C1[*])C2)C(=O)OCCc1ccc(cc1)N(c1cc(ccc1)C)c1ccccc1,305.0,,
11745,[*]c1ccc(Cc2ccc(N([*])Cc3ccccc3)cc2)cc1,,,4.2622
3953,[*]Oc1ccc(cc1)C(=O)OCCN(CCOC(=O)c1ccc(cc1)OC1(C(C(C1(F)F)(F)F)([*])F)F)c1ccc(cc1)C=CC1=CC(=C(C#N)C#N)CC(C1)(C)C,143.0,,
4704,[*]OC(=O)NNC(=O)CCCCCCCCC(=O)NNC(=O)OCCC[*],22.0,,
7492,[*]NC(=O)Cc1ccc(cc1)CC(=O)NCCCCCCCCCCCCCC[*],,235.0,
678,[*]OC(=O)CCCCCCCCCCCCCCCCC(=O)OCCOCC[*],-68.0,,
10268,[*]Oc1ccc(C(C)c2ccc(OC([*])=O)c(C)c2)cc1C,,,5.159
6672,[*]S(=O)(=O)c1ccc(cc1)Nc1c(c(c(c(c1F)F)c1c(c(c(c(c1F)F)Nc1ccc(cc1)[*])F)F)F)F,332.0,,
7726,[*]OC(=O)CC/C=C/CCC(=O)OCCCCCCCC[*],,39.0,
8019,[*]OC(=O)c1cc(ccc1)C(=O)OCCNC(=O)c1cc(ccc1)C(=O)NCC[*],,313.0,
5036,[*]N1C(=O)c2c(C1=O)cc(cc2)Oc1cc2c(C(=O)N(C2=O)CCCCCCCCCC[*])cc1,91.5,175.0,
10362,[*]C(C#N)=C([*])c1ccccc1,,,4.3452
8931,[*]c1oc(cc1)C(=O)NCCCCCCCCNC(=O)[*],,125.0,
5311,[*]c1cc2c(C(=O)N(C2=O)c2ccc(cc2)Oc2ccc(cc2)N2C(=O)c3c(C2=O)cc(cc3)C(=O)Nc2ccc(cc2)Sc2ccc(cc2)NC(=O)[*])cc1,284.0,,
1216,[*]Oc1c(cc(cc1)C(c1cc(c(cc1)OC(=O)c1cc(ccc1)C(=O)[*])C)(C)C)C,162.0,,
2364,[*]C(C[*])(C(=O)OCCCCCCCCCCCOc1ccc(cc1)C=Nc1ccc(cc1)C#N)C,23.0,,
3287,[*]Oc1ccc(cc1)S(=O)(=O)c1cc2c(cc1)cc(cc2)S(=O)(=O)c1ccc(cc1)Oc1c(cc(c(c1C)C)c1c(c(c(c(c1)C)[*])C)C)C,300.0,,
8480,[*]Oc1ccc(cc1)C(=O)Nc1c(cc(cc1)c1cc(c(cc1)NC(=O)c1ccc(cc1)OCCCCCCCCC[*])Cl)Cl,,251.0,
9581,[*]CCOC(=O)CCCCC(=O)O[*],,,6.7259
11982,[*]C(S1)=CC=C1C(=S)OC(=S)[*],,,2.38
11320,[*]CCCCCCCNC(=O)c1cccc(C(=O)N[*])c1,,,4.8667
6935,[*]C#C/C=C/[*],,300.0,
2988,[*]c1cc2c(oc(n2)c2cc(ccc2)c2oc3c(n2)cc(cc3)C([*])(C(F)(F)F)C(F)(F)F)cc1,298.5,,
1686,[*]c1cc2c(C(=O)N(C2=O)c2ccc(cc2)Oc2ccc(cc2)C(=O)c2ccc(cc2)C(=O)c2ccc(cc2)C(=O)c2ccc(cc2)Oc2ccc(cc2)N2C(=O)c3c(C2=O)cc(cc3)C(=O)[*])cc1,233.0,422.0,
6116,[*]N1C(=O)c2c(C1=O)cc(cc2)Oc1cc2c(C(=O)N(C2=O)c2ccc(cc2)Sc2cc3c(C(=O)N(C3=O)c3ccc(cc3)CC)cc2Sc2ccc(cc2)[*])cc1,271.0,,
1333,[*]N(CCCNC(=O)CCCCC(=O)NCCC[*])C,5.0,,
7490,[*]NC(=O)Cc1ccc(cc1)CC(=O)NCCCCCCCCCC[*],,265.0,
5790,[*]N1C(=O)c2c(C1=O)cc(cc2)Oc1ccc(cc1)C1(CCC(CC1)c1ccccc1)c1ccc(cc1)Oc1cc2c(C(=O)N(C2=O)c2ccc(cc2)Oc2cc(c(cc2)c2c(cc(cc2)Oc2ccc(cc2)[*])C)C)cc1,226.0,,
3235,[*]Oc1ccc(cc1)P(=O)(c1ccc(cc1)[*])c1ccccc1,240.0,,
3288,[*]c1cc2c(C(=O)OC2=Nc2cc(ccc2)Oc2cc(ccc2)Oc2cc(ccc2)N=C2OC(=O)c3c2cc(cc3)C(=O)[*])cc1,190.0,,
1935,[*]c1nc2cc3c(cc2nc1c1ccccc1)nc(c(n3)c1ccc(cc1)[*])c1ccccc1,395.0,,
9609,[*]CC(=O)O[*],,,7.0895
800,[*]C1OC(CO1)CCCCOC(=O)CCCCCCC[*],-44.0,23.0,
10652,[*]Oc1ccc(Oc2cccc([*])n2)c(C)c1,,,4.4881
3797,[*]c1sc(nn1)SCC(=O)NN=Cc1ccc(cc1)OCCCCCCCCCCOc1ccc(cc1)C=NNC(=O)CS[*],117.0,204.0,
95,[*]C(C[*])c1ccc(cc1)C(CC)(O)C,186.0,,
5981,[*]C1C(=O)N(C(=O)C1[*])c1cc(c(c(c1)Br)O[Si](C(C)(C)C)(C)C)Br,164.0,,
2649,[*]C(C[*])(C(=O)Oc1cc(c(cc1)[N+](=O)[O-])C)C,101.0,,
4370,[*]OC(=O)c1ccc(cc1)N=CNc1ccc(cc1)C(=O)OCCCC[*],91.0,228.0,
3653,[*]C1COC2C1OCC2OC(=O)C(NC(=O)CCCCCCCCCCC(=O)NC(C(=O)O[*])C)C,28.0,,
9117,[*]CC([*])c1cc(Br)ccc1OCC,,,4.458
11893,[*]CC(O)CN([*])c1ccc(N=Nc2ccc(C#N)cc2)cc1,,,2.0164
1348,[*]NC1CCC(CC1)CC1CCC(CC1)NC(=O)CCCCCCCCC(=O)[*],139.33,300.0,
4715,[*]Nc1c(cccc1)c1ccc(cc1)NC(=O)c1ccc(cc1)C(=O)[*],263.0,,
4381,[*]Oc1cc(ccc1)OC(=O)c1ccc(cc1)OC(=O)c1cc(ccc1)C(=O)Oc1ccc(cc1)C(=O)[*],156.75,286.0,
3212,[*]c1[nH]c(nc1c1ccc(cc1)Oc1ccc(cc1)C(=O)c1ccc(cc1)C(=O)c1ccc(cc1)Oc1ccc(cc1)[*])c1ccccc1,248.0,,
3277,[*]Oc1ccc(cc1)C(=O)c1ccc(cc1)OCCCCCCOC(=O)OCCCCCCCCCCCCOC(=O)OCCCCCC[*],-8.0,,
6471,[*]Oc1ccc(cc1)C(c1ccc(cc1)OC(=O)[*])C(Cl)Cl,165.0,,
1046,[*]SSCCCCCC[*],-74.0,,
9105,[*]CC([*])c1ccc(C(O)CCN2CCOCC2)cc1,,,3.8601
1436,[*]NC(C(=O)[*])CCC(=O)OC,0.0,,
12432,[*]Cc1ccc(C[n+]2ccc(-c3cc[n+]([*])cc3)cc2)cc1,,,2.0993
3609,[*]C1COC2C1OCC2OC(=O)C(NC(=O)CCCCC(=O)NC(C(=O)O[*])Cc1ccccc1)Cc1ccccc1,97.5,,
4090,[*]c1sc(cc1CCCCCCCCCC)[*],-33.0,121.425,
3217,[*]c1[nH]c(nc1c1ccc(cc1)Oc1ccc(cc1)C(=O)c1ccc(cc1)Oc1ccc(cc1)C(=O)c1ccc(cc1)Oc1ccc(cc1)[*])c1ccccc1,239.0,,
1515,[*]Nc1c(cc(cc1c1ccccc1)c1ccc(cc1)c1cc(c(c(c1)c1ccccc1)NC(=O)c1ccc(cc1)C(=O)[*])c1ccccc1)c1ccccc1,135.0,,
10674,[*]CCCCCCOC(=O)OCCCCCCCCOC(=O)OCCCCCCOc1ccc(Oc2ccc(O[*])cc2)cc1,,,4.4708
9656,[*]OC(CC([*])=O)C(C)C,,,6.7353
7483,[*]NC(=O)CCCCCCCCCCCCCCCCCCCCC(=O)NCc1ccc(cc1)C[*],,225.0,
10075,[*]CCCCCCCCCCOC(=O)NCc1ccc(CNC(=O)O[*])cc1,,,5.628
8533,[*]Oc1ccc(cc1)C=C1C(=O)C(=Cc2ccc(cc2)OCC[*])CC(C1)C(C)(C)C,,120.0,
4413,[*]Oc1ccc(cc1)CC(NC(=O)CCc1ccc(cc1)OC(=O)CCCC(=O)[*])C(=O)OCCCCCCCC,32.5,,
2872,[*]OC(COC(COC(=O)c1ccc(cc1)C(=O)[*])C)C,37.0,,
11184,[*]Cc1c(C)c(C)c(CNC(=O)CCCCCC(C)CC(=O)N[*])c(C)c1C,,,5.3395
959,[*]Oc1ccc(cc1)NC(=O)/C=C/c1ccc(cc1)/C=C/C(=O)Nc1ccc(cc1)[*],205.0,,
11749,[*]C1=CC2=NC([*])=CC2=N1,,,1.3051
371,[*]C(C[*])(C(=O)OCCCCCCCCCCCCCCCCCC)C,-103.33,35.44,
8951,[*]c1oc(nn1)c1cc(ccc1)[*],,400.0,
6040,[*]c1cc2c(C(=O)N(C2=O)c2c(cc(c(c2C)C(=O)c2cc(ccc2)N2C(=O)c3c(C2=O)cc(cc3)C(=O)[*])C)C)cc1,300.0,,
12404,[*]CC1(C)CC(N2C(=O)c3ccc(-c4ccc5c(c4)C(=O)N([*])C5=O)cc3C2=O)CC(C)(C)C1,,,3.6926
7170,[*]N(C(=O)CC[*])C,,203.0,
7747,[*]OC(=O)CCCC(=O)OCCCCCCCCCC[*],,57.6,
4923,[*]Nc1cc(cc(c1)c1oc(nn1)c1ncccc1)NC(=O)c1cc(ccc1)C(=O)[*],155.0,,
6004,[*]c1cc2c(C(=O)N(C2=O)c2ccc(cc2)NC(=O)Nc2ccc(cc2)N2C(=O)c3c(C2=O)cc(cc3)C(=O)Nc2ccc(cc2)c2nc(cc(c2)c2ccccc2)c2ccc(cc2)NC(=O)[*])cc1,215.0,,
10766,[*]c1cc(OCCOCCOC)c(-c2sc([*])c3c2OCCO3)s1,,,2.2046
11401,[*]CCCOC(=O)N1CCC([*])CC1,,,5.7499
6964,[*]C(C([*])(F)F)([2H])[2H],,178.0,
8788,[*][Si]([SiH]([Si](c1ccc(cc1)[*])(C)C)C)(C)C,,121.0,
1374,[*]NC(=O)c1ccc(cc1)C(c1ccc(cc1)C(=O)NCCCCCC[*])(CC)C,159.0,,
11173,[*]Oc1ccc(OC(=O)c2ccc(C([*])=O)cc2)cc1C(F)(F)F,,,3.9148
7210,[*]N(CC[*])C(=O)c1ccc(cc1)OCCCSCC(=O)O,,60.0,
1358,[*]NC(=O)c1cc(ccc1)C(=O)NCCCC1(c2ccccc2c2ccccc12)CCC[*],175.0,,
3393,[*]OP(=O)(N=Nc1ccc(cc1)c1ccc(cc1)N=NP(=O)(OCCCCCC[*])OC)OC,37.0,,
775,[*]Oc1ccc(cc1)Oc1ccc(cc1)S(=O)(=O)c1ccc(cc1)[*],206.67,310.0,
3265,[*]Oc1ccc(cc1)Oc1ccc(cc1)OCCCCCCOC(=O)OCCCCCCCCOC(=O)OCCCCCC[*],-17.0,,
11190,[*]CCCC(C)(C)CNC(=O)CCCCCCCCC(=O)N[*],,,5.8198
2771,[*]C=CC([*])(C)C,-10.0,124.5,
4455,[*]Oc1ccc(cc1)CC(NC(=O)CCc1ccc(cc1)OC(=O)CCCC(=O)[*])C(=O)OCC(C)C,62.0,,
2454,[*]C(C[*])(C(=O)OCCCn1c2ccccc2c2ccccc12)C,113.0,,
1591,[*]N1C(CN(C(C1)C)C(=O)OCC(CS(=O)(=O)CC(COC(=O)[*])(C)C)(C)C)C,85.0,,
3549,[*]Oc1ccc(cc1)NC(=O)c1c2c(c(cc1)C(=O)Nc1ccc(cc1)Oc1ccc(cc1)C1(C3CC4CC(CC1C4)C3)c1ccc(cc1)[*])cccc2,269.0,,
764,[*]Oc1ccc(cc1)C(c1ccc(cc1)Oc1ccc(cc1)C(=O)c1ccc(cc1)C(=O)c1ccc(cc1)[*])(C)C,156.4,,
11003,[*]c1cc2c(s1)-c1sc(-c3cc4c(s3)-c3sc([*])cc3C4(CC(CC)CCCC)CC(CC)CCCC)cc1C2=O,,,1.5473
10427,[*]CC([*])n1ccc2ccccc21,,,1.6204
2179,[*]C(C[*])c1ccc(cc1)OP1(=NP(=NP(=N1)(OCCOCCOCCOC)OCCOCCOCCOC)(OCCOCCOCCOC)OCCOCCOCCOC)OCCOCCOCCOC,-66.5,,
7850,[*]OC(=O)CCCCSCCCCC(=O)OCCCCCC[*],,45.0,
6404,[*]Oc1ccc(cc1)C(c1ccc(cc1)OC(=O)[*])C1C2CCC(C1)C2,207.0,,
9082,[*]n1c(=O)c2cc3c(cc2c1=O)c(=O)n(c3=O)c1ccc(cc1)Oc1cc2c(cc1Oc1ccc(cc1)[*])cccc2,,380.0,
11325,[*]CCCCCCCC(=O)N([*])C,,,5.5443
1579,[*]OC(=O)Nc1ccc(cc1)CCc1ccc(cc1)NC(=O)OCC[*],116.9,312.0,
5127,[*]c1cc2c(C(=O)N(C2=O)c2ccc(cc2)Oc2ccc(cc2)C2(c3c(C(=O)N2)cccc3)c2ccc(cc2)Oc2ccc(cc2)N2C(=O)c3c(C2=O)cc(cc3)C(=O)Nc2ccc(cc2)Sc2ccc(cc2)NC(=O)[*])cc1,312.0,,
11625,[*]c1cc(Br)c(Oc2c(Br)cc(N3C(=O)c4ccc(S(=O)(=O)c5ccc6c(c5)C(=O)N([*])C6=O)cc4C3=O)cc2Br)c(Br)c1,,,2.8362
1016,[*]Oc1ccc(cc1)NC(=O)c1ccc(cc1)P(=O)(c1ccc(cc1)C(=O)Nc1ccc(cc1)[*])c1ccccc1,254.0,,
12335,[*]c1ccc([Si](c2ccccc2)(c2ccccc2)c2ccc(-c3nnc([*])o3)cc2)cc1,,,4.0946
7953,[*]OC(=O)Nc1c(cc(cc1)Cc1cc(c(cc1)NC(=O)OCC(C[*])(C)C)C)C,,225.0,
9746,[*]CC(CCl)(CCl)COC(=O)C(=O)O[*],,,5.906
8546,[*]Oc1ccc(cc1)C=C1C(=O)C(=Cc2ccc(cc2)OCCCCCCCCCC[*])CC1,,259.0,
11452,[*]CCN1C(=O)C(=CC=C2SC(=S)N([*])C2=O)SC1=S,,,2.2801
4140,[*]c1sc(c(c1c1ccccc1)c1ccccc1)c1ccc(cc1)NC(=O)c1ccc(cc1)NC(=O)c1ccc(cc1)[Si](c1ccc(cc1)C(=O)Nc1ccc(cc1)C(=O)Nc1ccc(cc1)[*])(C)C,337.0,,
4587,[*]OC(COC(=O)c1ccc(cc1)C(=O)[*])COc1ccc(cc1)N=Nc1ccc(cc1)C#N,122.0,,
9561,[*]CCCCCCOC(=O)CCCCSCCCCC(=O)O[*],,,5.2687
2758,[*]C1(CC(c2c1cc(cc2)[*])(C)C)C,212.75,,
8126,[*]OC(=O)c1ccc(cc1)NC(=O)CCCCCCC(=O)Nc1ccc(cc1)C(=O)OCCCCCC[*],,250.0,
9151,[*]C(OC(F)(F)F)C([*])(F)F,,,8.5308
7792,[*]OC(=O)CCCCCCC(=O)OCc1ccc(cc1)C[*],,81.0,
3478,[*]Oc1ccc(cc1)c1cc(c(c(c1)c1ccc(cc1)c1ccccc1)c1ccc(cc1)NC(=O)c1ccc(cc1)C(=O)Nc1ccc(cc1)c1c(cc(cc1c1ccc(cc1)c1ccccc1)c1ccc(cc1)OCCCCCCCCCC[*])c1ccc(cc1)c1ccccc1)c1ccc(cc1)c1ccccc1,111.0,,
8859,[*]c1ccc(cc1)/C=C/c1c(cc(c(c1)OCCCCCCCCCCCC)/C=C/[*])OCCCCCCCCCCCC,,118.0,
7163,[*]N(C(=O)[*])Cc1ccccc1,,250.0,
6576,[*]N(c1ccc(cc1)c1ccc(cc1)[*])c1ccc(cc1)C,85.0,,
3794,[*]OP(=O)(Oc1ccc(cc1)[*])Oc1ccccc1,97.0,,
6807,[*]S(=O)(=O)c1ccc(cc1)[*],219.5,,
10106,[*]C(=O)OC1CCC(OC(=O)N2CC(C)N([*])CC2C)CC1,,,5.8738
7635,[*]Nc1cc(ccc1)NC(=O)CCCC(=O)[*],,212.0,
9886,[*]CCCCCCCCNC(=O)CCCCCCCCCCCCCCCCCCC(=O)N[*],,,5.8607
5534,[*]c1cc2c(C(=O)N(C2=O)c2ccc(cc2)C2(CCC(CC2)C(CC)(C)C)c2ccc(cc2)NC(=O)[*])cc1,342.0,,
11273,[*]NC(CCC([*])=O)C(=O)OCc1ccccc1,,,5.1457
11157,[*]OC(CCCCCC)CC([*])=O,,,6.7534
4033,[*]Oc1c(c(ccc1)Oc1cc(ccc1)NC(=O)c1c(ccc(c1)Oc1cc(c(cc1)C(=O)O)C(=O)Nc1cc(ccc1)[*])C(=O)O)C#N,200.1,,
10673,[*]CCCCCCOC(=O)OCCCCCCOC(=O)OCCCCCCOc1ccc(Oc2ccc(O[*])cc2)cc1,,,4.3261
4449,[*]Oc1ccc(cc1)CC(NC(=O)CCc1ccc(cc1)OC(=O)CCCCCCCCC(=O)[*])C(=O)OCCOCCOCC,2.0,,
2992,[*]c1cc2c(oc(n2)c2ccc(cc2)C(c2ccc(cc2)c2oc3c(n2)cc(cc3)C([*])(C(F)(F)F)C(F)(F)F)(C(F)(F)F)C(F)(F)F)cc1,313.0,,
12395,[*]O[Si](C)(C)O[Si](C)(C)OC(C)CCCCC([*])C,,,6.6242
3007,[*]c1c2c(c(nn1)c1ccc(cc1)Oc1ccc(cc1)c1ccc(cc1)Oc1ccc(cc1)[*])c(c(c(c2c1ccc(cc1)F)c1ccc(cc1)F)c1ccc(cc1)F)c1ccc(cc1)F,311.0,,
11466,[*]C(=O)c1ccc2c(c1)C(=O)N(c1ccc(C(c3ccccc3)c3ccc(N4C(=O)c5ccc([*])cc5C4=O)cc3)cc1)C2=O,,,2.6954
1353,[*]NC(=O)CCCC(=O)NCC(CCC[*])(C)C,82.0,,
1131,[*]OC(=O)CCCCCCC(=O)OCCCCCCCCCCCCCCCC[*],-26.0,99.77,
5808,[*]N1C(=O)c2c(C1=O)cc(cc2)Oc1cc2c(C(=O)N(C2=O)c2cc(ccc2)Oc2c(ccc(c2)Oc2cc(ccc2)[*])P(=O)(c2ccccc2)c2ccccc2)cc1,212.0,,
6930,[*]=Nc1ccc(cc1)Cc1ccc(cc1)NC=[*],,318.25,
4549,[*]OC(=O)c1ccc(cc1)C(=O)OCCCCOC(=O)CCCCC(=O)OCCCC[*],-20.0,92.5,
10686,[*]Oc1ccc(S(=O)(=O)c2ccc(Oc3ccc(NC(=O)c4cc(NC(=O)c5ccncc5)cc(C(=O)Nc5ccc([*])cc5)c4)cc3)cc2)cc1,,,3.3418
749,[*]Oc1ccc(cc1)C(=O)OCCCOC(=O)c1ccc(cc1)[*],57.0,90.0,
2529,[*]C(C[*])(C(=O)OCCCCOc1ccc(cc1)N=Nc1ccc(cc1)C#N)C,80.0,,
8651,[*]S(=O)(=O)NCC[*],,275.0,
9952,[*]C(=O)NCCCCCCCCNC(=O)c1ccc([*])nc1,,,4.7836
7608,[*]NNC(=O)c1ccc(cc1)C(=O)NNC(=O)CCCCCCCC(=O)[*],,320.0,
3853,[*]OP(=O)(OCCCCCCCCCCOc1ccc(cc1)C=Cc1ccc(cc1)OCCCCCCCCCC[*])OCCCCCCCCCCOc1ccc(cc1)N=Nc1ccc(cc1)c1ccccc1,50.0,149.0,
7025,[*]C(C[*])C(N(CC)CC)N(CC)CC,,171.0,
6852,[*]c1cc2C(c3c(c2cc1)ccc(c3)c1ccc(cc1)c1c(c(cc(c1)c1ccc(cc1)OCC(CCCC)CC)c1ccc(cc1)[*])c1ccc(cc1)OCC(CCCC)CC)(CCCCCC)CCCCCC,110.0,,
9186,[*]CC([*])C(=O)OCC(F)(F)C(F)C(F)(F)F,,,6.8499
11961,[*]CC([*])(F)C(=O)OCCC(F)(F)C(F)(F)C(F)(F)C(F)(F)C(F)(F)C(F)(F)C(F)(F)C(F)(F)F,,,6.6046
11966,[*]CC([*])(F)C(=O)OCC(F)(F)C(F)(F)C(F)(F)C(F)(F)C(F)(F)C(F)(F)C(F)(F)C(F)(F)F,,,6.7134
5550,[*]N1C(=O)c2c(C1=O)cc(cc2)c1cc2c(C(=O)N(C2=O)c2cc(c(cc2)Oc2ccc(cc2)C(c2ccc(cc2)Oc2c(cc(cc2)[*])C(F)(F)F)(C(F)(F)F)C(F)(F)F)C(F)(F)F)cc1,223.0,,
412,[*]C(C[*])C(=O)OCCOCCOC(C(F)F)(F)F,-40.0,,
1810,[*]c1cc2c(C(=O)N(C2=O)c2c(cc(c(c2C)N2C(=O)c3c(C2=O)cc(cc3)C([*])(C(F)(F)F)C(F)(F)F)C)C)cc1,366.25,,
338,[*]C(C[*])C(=O)OC1C2(CCC(C1)C2(C)C)C,98.6,,
10632,[*]Oc1ccc(Oc2ccc(C(=O)c3ccc([*])cc3)cc2)cc1CC(=O)O,,,4.0481
7873,[*]OC(=O)CS(=O)(=O)Cc1ccc(cc1)CS(=O)(=O)CC(=O)[*],,170.0,
2765,[*]C1C(CC(C1)C=C[*])C1CC=CCC1,105.0,,
3426,[*]Oc1ccc(cc1)NC(=O)c1c(cc(cc1)c1cc(c(cc1)C(=O)Nc1ccc(cc1)Oc1ccc(cc1)C(c1ccc(cc1)[*])(C)C)C)C,230.0,,
4248,[*]OC(=O)CCCCCCCCC(=O)OC/C=C/C[*],-40.0,68.75,
686,[*]c1c(nc2c(n1)cc(cc2)Oc1cc2c(nc(c(n2)c2cc(ccc2)[*])c2ccccc2)cc1)c1ccccc1,263.2,,
3434,[*]Oc1c(cc(cc1Br)C(c1cc(c(c(c1)Br)OC(=O)c1ccc(cc1)OCCCCCCCCCCOc1ccc(cc1)C(=O)[*])Br)(C)C)Br,128.0,,
3589,[*]Oc1ccc(cc1)C(c1ccc(cc1)OC1(C(C(C1(F)F)(F)F)([*])F)F)(C(F)(F)F)C(F)(F)F,122.5,200.0,
3764,[*]Oc1ccc(cc1)NC(=O)c1cc(cc(c1)NC(=O)CCCCCCCCCCN1C(=O)c2c(C1=O)cccc2)C(=O)Nc1ccc(cc1)[*],160.0,,
6525,[*]S(=O)(=NP(=NP(=N[*])(NC)NC)(NC)NC)NC,22.0,,
7167,[*]N(C(=O)C[*])CC=C,,160.0,
1433,[*]S(=O)(=O)c1cc(ccc1)NC(=O)CCCCCCCCC(=O)Nc1cc(ccc1)[*],112.0,,
3142,[*]Oc1ccc(cc1)C(c1ccc(cc1)Oc1ccc(cc1)C(=O)C(=O)c1ccc(cc1)[*])(C)C,157.0,,
17,[*]C(C[*])C1CCCC1,75.0,292.0,
9355,[*]CCCC(=O)NCCCCCOCCCCCNC(=O)CCCO[*],,,5.8594
11266,[*]CCCCCOC(=O)NNC(=O)CCCCCCCCC(=O)NNC(=O)O[*],,,5.6607
12315,[*]Nc8ccc(C7(c5ccc(NC(=O)c4ccc(C3(c1ccc(C([*])=O)cc1)OC(=O)c2ccccc23)cc4)cc5)OC(=O)c6ccccc67)cc8,,,3.8809
9137,[*]CC([*])OC(=O)CC,,,6.5454
5731,[*]c1cc2c(C(=O)N(C2=O)c2cc(ccc2)P(=O)(c2cc(ccc2)N2C(=O)c3c(C2=O)cc(cc3)C([*])(C(F)(F)F)C(F)(F)F)c2ccccc2)cc1,271.0,,
2676,[*]C(C[*])(C(=O)Oc1ccc(cc1)N=Nc1ccc(cc1)OC)C,120.0,,
9126,[*]CC([*])c1cccc(C)n1,,,5.0497
10395,[*]C(I)=C([*])I,,,3.8335
10444,[*]CC(OCC)C(C#N)(C#N)C([*])(C#N)C(=O)OC,,,5.4657
3987,[*]c1cc2c(oc(n2)C2CCC(CC2)c2oc3c(n2)cc(cc3)C([*])(C(F)(F)F)C(F)(F)F)cc1,271.0,,
7120,[*]C1NC(=O)C(NC1=O)CCC(=O)OCCCC=CCCCOC(=O)CC[*],,153.0,
3879,[*]C1COC2C1OCC2Oc1ccc(cc1)CNC(=O)CCCCC(=O)NCc1ccc(cc1)O[*],116.0,300.0,
899,[*]Oc1ccc(cc1)C(c1ccc(cc1)Oc1ccc(cc1)C(=O)Nc1ccc(cc1)NC(=O)c1ccc(cc1)[*])(c1ccccc1)c1ccccc1,254.0,,
11061,[*]CC#CC#CCOC(=O)CCCCC(=O)O[*],,,5.0598
3788,[*]Oc1ccc(cc1)Oc1ccc(cc1)C=Nc1ccc(cc1)Oc1ccc(cc1)N=Cc1ccc(cc1)[*],120.0,,
2452,[*]C(C[*])(C(=O)OCCOCCOc1ccc(cc1)N=Nc1ccc(cc1)C#N)C,57.0,,
2674,[*]C(C[*])(C(=O)OCCOc1ccc(cc1)N=Nc1ccc(cc1)[N+](=O)[O-])C,112.0,,
9299,[*]OC(C)C([*])C,,,5.7581
827,[*]c1nc2c(c(c1)c1ccccc1)cc(cc2)Oc1cc2c(nc(cc2c2ccccc2)c2ccc(cc2)Oc2ccc(cc2)[*])cc1,266.0,,
5125,[*]c1cc2c(C(=O)N(C2=O)c2ccc(cc2)Oc2ccc(cc2)C2(c3c(C(=O)N2)cccc3)c2ccc(cc2)Oc2ccc(cc2)N2C(=O)c3c(C2=O)cc(cc3)C(=O)Nc2ccc(cc2)Oc2ccc(cc2)NC(=O)[*])cc1,325.0,,
2321,[*]C1C(CC(C1)C=C[*])(CCC)C#N,108.0,,
10688,[*]CCOCCOC(=O)O[*],,,6.7562
9056,[*]n1c(=O)c2cc3c(cc2c1=O)c(=O)n(c3=O)CCCCCC(=O)Oc1ccc(cc1)Oc1ccc(cc1)OC(=O)CCCCC[*],,238.0,
12094,[*]CC(=S)C(C=C1)=CC=C1C(=S)[*],,,1.5353
7026,[*]C(C[*])C([N+](CC)(CC)C)[N+](CC)(CC)C,,133.0,
3839,[*]Oc1ccc(cc1)c1ccc(cc1)C(=O)OCC(COC(=O)c1ccc(cc1)c1ccc(cc1)OC(CC[*])C)C,88.33,,
8365,[*]Oc1c(cc(cc1)C=C1C(=O)C(=Cc2cc(c(cc2)OCCCCCC[*])OC)CC1)OC,,182.0,
3826,[*]Oc1ccc(cc1)C(=O)Nc1cc(cc(c1)c1nc2c([nH]1)cccc2)NC(=O)c1ccc(cc1)[*],335.0,,
605,[*]Oc1c(cc(cc1C)[*])C,204.61,262.2234375,
12257,[*]C(F)(F)C(F)(F)C(C=C1)=CC=C1C(S2)=CC=C2[*],,,3.7339
1848,[*]OC(=O)OCC(C(C(C(C[*])(F)F)(F)F)(F)F)(F)F,-41.0,39.0,
3947,[*]c1oc(nn1)c1ccc(cc1)C(=O)OCCCCCCOc1ccc(cc1)C=C1C(=O)C(=Cc2ccc(cc2)OCCCCCCOC(=O)c2ccc(cc2)[*])CCC1,71.0,152.0,
1292,[*]Oc1ccc(cc1)C(c1ccc(cc1)OC(=O)c1ccc(cc1)S(=O)(=O)c1ccc(cc1)C(=O)[*])(C)C,205.0,,
11896,[*]CC(=O)C([*])c1ccc(F)cc1,,,4.0711
1265,[*]Oc1ccc(cc1)C1(c2c(CC1)cccc2)c1ccc(cc1)OC(=O)c1ccc(cc1)C(=O)[*],312.0,,
2528,[*]C(C[*])(C(=O)OCCC(C(C(C(C(C(C(C(F)(F)F)(F)F)(F)F)(F)F)(F)F)(F)F)(F)F)(F)F)Cl,61.0,130.85,
8477,[*]Oc1ccc(cc1)C(=O)Nc1c(cc(cc1)c1cc(c(cc1)NC(=O)c1ccc(cc1)OCCCCCC[*])Cl)Cl,,284.0,
2645,[*]C(C[*])(C(=O)Oc1ccc(cc1)c1oc(nn1)c1ccc(cc1)C(C)(C)C)C,156.0,,
1905,[*]OC(=O)OCC(CS(=O)(=O)CC(C[*])(C)C)(C)C,50.0,,
1102,[*]Oc1ccc(cc1)Cc1ccc(cc1)OC(=O)c1cc(ccc1)C(=O)[*],150.0,348.0,
6860,[*]C1(c2ccccc2c2ccccc12)c1ccc(cc1)c1ccc(cc1)[*],297.0,,
8443,[*]Oc1cc2c(cc1)ccc(c2)OC(=O)Oc1c(cc(cc1)OC(=O)[*])C,,162.0,
3004,[*]Oc1ccc(cc1)C(=O)c1ccc(cc1)Oc1ccc(cc1)C(=O)c1c(c(c(c(c1c1ccccc1)c1cc2c(cc1)cccc2)c1cc2c(cc1)cccc2)c1ccccc1)C(=O)c1ccc(cc1)[*],290.0,,
1556,[*]OC(=O)Nc1c(ccc(c1)NC(=O)OCCCCCCC[*])C,61.0,,
9758,[*]CC(C)(C)COC(=O)CC(=O)O[*],,,6.7138
10327,[*]CCCC([*])C,,,7.1052
8804,[*][Si](c1ccc(cc1)[*])(OCC)C,,90.5,
10374,[*]CC([*])C(=O)n1sc2ccccc2c1=O,,,1.2252
10527,[*]CC1(CO[*])CC2CCC1CC2,,,5.9128
11691,[*]Oc1ccc(Cc2ccc(OC(=O)OCC3CCC(COC([*])=O)CC3)cc2)cc1,,,5.1271
4309,[*]OC(=O)c1ccc(cc1)c1ccc(cc1)c1ccc(cc1)C(=O)OCCCCC[*],40.0,,
8345,[*]Oc1c(cc(cc1)C(=O)OC(=O)c1cc(ccc1)C(=O)OC(=O)c1cc(c(cc1)OCCC[*])OC)OC,,209.0,
7713,[*]OC(=O)CC(CC(=O)OCCCCCCCCCC[*])(C)C,,4.0,
12428,[*]NC(CCCCNC(=O)CCCCC([*])=O)C(=O)O,,,5.7987
165,[*]C(C([*])(F)F)(c1c(c(c(c(c1F)F)F)F)F)F,194.0,,
811,[*]Oc1ccc(cc1)NC(=O)CCCCCC(=O)Nc1ccc(cc1)[*],180.0,315.0,
5852,[*]N1C(=O)C2C(C1=O)CC(CC2)C1CC2C(C(=O)N(C2=O)c2ccc(cc2)Oc2ccc(cc2)C(c2ccc(cc2)Oc2ccc(cc2)[*])(C)C)CC1,225.0,,
5565,[*]c1cc2c(C(=O)N(C2=O)c2ccc(cc2)c2c(cc(cc2c2ccc(cc2)c2ccccc2)c2ccc(cc2)OCCCCCCOc2ccc(cc2)c2cc(c(c(c2)c2ccc(cc2)c2ccccc2)c2ccc(cc2)N2C(=O)c3c(C2=O)cc(cc3)C(=O)[*])c2ccc(cc2)c2ccccc2)c2ccc(cc2)c2ccccc2)cc1,111.5,,
5303,[*]N1C(=O)c2c(C1=O)cc(cc2)c1cc2c(C(=O)N(C2=O)c2ccc(cc2)N2C(=O)c3c(C2=O)cc(cc3)C(c2cc3c(C(=O)N(C3=O)c3ccc(cc3)[*])cc2)(C(F)(F)F)C(F)(F)F)cc1,342.0,,
2517,[*]C(C[*])(C(=O)OCCCCCCCCCCCOc1cc2c(cc1)cc(cc2)C(=O)Oc1ccccc1)C,10.0,,
3923,[*]OP(=O)(OCCCCCCCCOc1c(cc(cc1)C=C1C(=O)C(=Cc2cc(c(cc2)OCCCCCCCC[*])OC)CC1)OC)OC,73.0,121.0,
4012,[*]c1cc2c(cc1)oc(=O)c(c2)C(=O)Nc1ccc(cc1)Oc1ccc(cc1)C(c1ccc(cc1)Oc1ccc(cc1)NC(=O)c1c(=O)oc2c(cc(cc2)C[*])c1)(C(F)(F)F)C(F)(F)F,283.0,,
538,[*]C(C[*])(C(=O)OCCCCCCC)C#N,102.0,,
11728,[*]c1nc(-c2ccccc2)nc(N([*])CC)n1,,,4.1252
1120,[*]OC(=O)C[*],55.86,206.2717391,
2889,[*]Oc1ccc(cc1)C(c1ccc(cc1)Oc1ccc(cc1)C(=O)c1ccc(cc1)P(=O)(c1ccc(cc1)C(=O)c1ccc(cc1)[*])c1ccccc1)(C(F)(F)F)C(F)(F)F,207.0,,
7846,[*]OC(=O)CCCCSCCCCC(=O)OCC[*],,-15.16666667,
12133,[*]COC(=O)O[*],,,8.0093
1295,[*]C1(c2c(C(=O)N1C)cccc2)c1ccc(cc1)OC(=O)c1cc(ccc1)C(=O)Oc1ccc(cc1)[*],285.0,395.0,
5681,[*]N1C(=O)c2c(C1=O)c(ccc2)c1cc2c(C(=O)N(C2=O)c2cc(ccc2)OCCCCOc2cc(ccc2)[*])cc1,178.0,,
3261,[*]Oc1ccc(cc1)Oc1ccc(cc1)OCCCCCCOC(=O)OCCCOC(=O)OCCCCCC[*],-6.0,,
10823,[*]OC(=O)CCC(=O)OC1COC2C([*])COC12,,,6.1275
9919,[*]CC1CCC(CNC(=O)CCCCCCCC(=O)N[*])CC1,,,5.7062
9680,[*]CCCCCCCCCCOC(=O)C(O)C(O)C(=O)O[*],,,6.2882
8910,[*]c1nc(sc1)c1nc(cs1)c1ccc(cc1)Oc1ccc(cc1)[*],,520.0,
4418,[*]Oc1ccc(cc1)CC(NC(=O)CCc1ccc(cc1)OC(=O)CCCCCCC(=O)[*])C(=O)OCCCCCCCCCCCC,15.0,,
10068,[*]CCCCOC(=O)Nc1ccc(C)c(NC(=O)O[*])c1,,,4.832
72,[*]C(C[*])c1cc(ccc1)Cl,87.25,158.0,
6814,[*]c1ccc(cc1)C(C([*])(C(=O)O)C#N)(C(=O)O)C#N,108.0,,
5163,[*]c1cc2c(C(=O)N(C2=O)c2cc(ccc2)C(=O)c2ccc(cc2)N2C(=O)c3c(C2=O)cc(cc3)C(=O)[*])cc1,271.5,,
11759,[*]c1ccc(-c2nc3ccc(-c4ccc5nc([*])c(-c6ccccc6)nc5c4)cc3nc2-c2ccccc2)cc1,,,3.1693
10529,[*]Oc1ccc(Oc2ccc(NC(=O)c3ccc(Oc4ccc(C(=O)Nc5ccc([*])cc5)c(C(=O)O)c4)cc3C(=O)O)cc2)cc1,,,3.1241
451,[*]C(C[*])C(=O)NC(C)(C)C,135.0,,
8526,[*]Oc1ccc(cc1)C(c1ccc(cc1)OCC(=O)OC(=O)c1cc(ccc1)C(=O)OC(=O)C[*])(C)C,,60.0,
5274,[*]c1cc2c(C(=O)N(C2=O)c2ccc(cc2)C(=O)OCCOCCOC(=O)[*])cc1,101.0,138.0,
946,[*]N1C(=O)c2c(C1=O)cc(cc2)Oc1c2c(ccc1)c(ccc2)Oc1cc2c(C(=O)N(C2=O)c2ccc(cc2)C(c2ccc(cc2)[*])(C(F)(F)F)C(F)(F)F)cc1,276.0,,
6524,[*]N(CC(C[*])O)c1ccccc1,65.75,,
2339,[*]c1cc2C(c3c(c2cc1)ccc(c3)C=Cc1cc2C(c3c(c2cc1)ccc(c3)C=C[*])(CCCCCCOc1ccc2c(c1)oc(=O)cc2)CCCCCCOc1ccc2c(c1)oc(=O)cc2)(CCCCCC)CCCCCC,115.0,,
6676,[*]N(CC[*])C(=O)C1CC1,77.0,,
4242,[*]Oc1ccc(cc1)C1(c2ccccc2c2ccccc12)c1ccc(cc1)OC(=O)CCCCCCCCCCC(=O)[*],117.0,,
7288,[*]N1CCN(CC1)C(=O)SSCCCCCCSSC(=O)[*],,196.0,
9246,[*]CC([*])(F)C(F)(F)F,,,8.6147
5262,[*]c1cc2c(C(=O)N(C2=O)N2C(=O)c3c(C2=O)cc(cc3)Oc2ccc(cc2)C(c2ccc(cc2)O[*])(C)C)cc1,216.7,,
6064,[*]N1C(=O)c2c(C1=O)c(ccc2)Oc1c(cc(cc1C)Cc1cc(c(c(c1)C)Oc1c2c(C(=O)N(C2=O)c2c(cc(cc2C)Cc2cc(c(c(c2)C)[*])C)C)ccc1)C)C,243.0,,
3804,[*]Oc1ccc(cc1)OC(=O)c1ccc(cc1)OCC(COC(=O)CCCCCCCCC(=O)OCC(C[*])O)O,36.0,,
3296,[*]c1nc2c(cc1)cc(cc2)C(=O)c1ccc(cc1)Oc1c(cc(cc1C)c1cc(c(c(c1)C)Oc1ccc(cc1)C(=O)[*])C)C,180.0,,
12438,[*]CCCCCC[N+](C)(C)CCC[N+]([*])(C)C,,,0.2161
11302,[*]CCCCNC(=O)C(OC)C(OC)C(=O)N[*],,,5.4347
3964,[*]Oc1ccc(cc1)NC(=O)c1cc(cc(c1)C(C)(C)C)C(=O)Nc1ccc(cc1)OCCCCCC[*],166.0,,
10856,[*]c1cc(CCCCCCCCCC)c([*])s1,,,2.6027
7072,[*]C(C[*])OCCOC,,73.0,
4499,[*]Oc1ccc(cc1)OC(=O)c1c(cc(c(c1)OCCCCCCCCCCOCC1N(CCC1)c1ccc(cc1)[N+](=O)[O-])C(=O)[*])OCCCCCCCCCCOCC1N(CCC1)c1ccc(cc1)[N+](=O)[O-],30.0,,
8135,[*]OC(=O)c1ccc(cc1)c1ccc(cc1)C(=O)OCCCC(=O)NCCCCCCNC(=O)CCC[*],,105.0,
12050,[*]CCC(S1)=CC=C1O[*],,,4.8828
11297,[*]NC(CC([*])=O)C(=O)OCCOC,,,5.9247
11996,[*]C(C=C1)=CC=C1C(C=C2)=CC=C2C(C=C3)=CC=C3C(=S)[*],,,2.6076
5197,[*]N1C(=O)c2c(C1=O)cc(cc2)C(=O)Nc1ccc(cc1)Cc1ccc(cc1)NC(=O)C[*],266.0,,
8734,[*]SCCCCSCCCCCCCCCC[*],,85.5,
5730,[*]c1cc2c(C(=O)N(C2=O)c2cc(ccc2)P(=O)(c2cc(ccc2)N2C(=O)c3c(C2=O)cc(cc3)C(=O)[*])c2ccccc2)cc1,273.0,,
620,[*]c1oc(cc1)C(=O)OCCOC(=O)[*],85.56,211.2333333,
4457,[*]Oc1ccc(cc1)CC(NC(=O)CCc1ccc(cc1)OC(=O)CCCC(=O)[*])C(=O)OC(CC)C,52.0,,
4837,[*]Nc1ccc(cc1)Cc1ccc(cc1)NC(=O)c1cc(cc(c1)NC(=O)CCN1C(=O)c2c(C1=O)cccc2)C(=O)[*],235.0,,
6287,[*]N1C(=O)c2c(C1=O)cc(cc2)c1cc2c(C(=O)N(C2=O)Cc2oc(cc2)C(c2oc(cc2)C[*])(C)C)cc1,129.0,,
7057,[*]C(C[*])Cc1cc(c(cc1)C)C,,271.5,
9975,[*]CCC(=O)NCC(=O)N[*],,,6.1234
11495,[*]CC(OC(C)=O)C1C(=O)N(c2ccc(C)cc2)C(=O)C1([*])Cl,,,4.7107
4616,[*]Oc1c(cccc1)C(=O)OC(=O)c1c(cccc1)OC(=O)CCCCCCCC(=O)[*],25.0,,
4952,[*]OC(=O)NCCC[*],22.0,169.25,
966,[*]Oc1ccc(cc1)C(=O)N(C(=O)c1ccc(cc1)OCCCCCC[*])c1ccccc1,100.0,,
6264,[*]N1C(=O)c2c(C1=O)c(ccc2)c1cc2c(C(=O)N(C2=O)c2cc(c(cc2)c2c(cc(cc2)[*])C(F)(F)F)C(F)(F)F)cc1,346.0,,
6513,[*]N=P([*])(Oc1cc(ccc1)Cl)Oc1cc(ccc1)Cl,-24.0,370.0,
6936,[*]C#CC(=C([*])CCCCOC(=O)NC)CCCCOC(=O)NC,,201.85,
1534,[*]OC(=O)NCC(C(C(C(CNC(=O)OCCCCCC[*])(F)F)(F)F)(F)F)(F)F,5.0,184.0,
1633,[*]c1cc2c(C(=O)N(C2=O)c2ccc(cc2)Oc2ccc(cc2)N2C(=O)c3c(C2=O)cc(cc3)C(C(C(C([*])(F)F)(F)F)(F)F)(F)F)cc1,212.0,,
9532,[*]CCCCCOC(=O)NCCSCCCCCCSCCNC(=O)O[*],,,5.1243
5734,[*]c1nc2c(nc1c1ccccc1)cc(cc2)Oc1ccc(cc1)N1C(=O)c2c(C1=O)cc(cc2)C(c1cc2c(C(=O)N(C2=O)c2ccc(cc2)Oc2cc3c(nc(c(n3)c3ccccc3)c3ccc(cc3)Oc3ccc(cc3)[*])cc2)cc1)(C(F)(F)F)C(F)(F)F,267.0,,
11939,[*]Oc1cccc([*])c1C#N,,,4.3829
4607,[*]OC(=O)c1c(cc(cc1)C(=O)OCCN(CC[*])c1ccc(cc1)N=Nc1[nH]c(c(n1)C#N)C#N)OCCCCC,131.0,,
8151,[*]OC(C(C(=O)[*])(C)C)c1ccc(cc1)OC,,240.0,
12207,[*]NC(=O)C(=S)O[*],,,3.3593
8158,[*]OC(C[*])C=C,,74.0,
6013,[*]c1cc2c(C(=O)N(C2=O)c2ccc(cc2)C(c2ccc(cc2)C(c2ccc(cc2)N2C(=O)c3c(C2=O)cc(cc3)C(=O)[*])(C)C)(C)C)cc1,323.4,,
4172,[*]c1sc(cc1CCCCCCC)c1sc(c(c1)CCCCCCC)c1c2c(ccccc2)c(c1)[*],56.0,,
4835,[*]Oc1ccc(cc1)CC(NC(=O)CCc1ccc(cc1)OC(=O)[*])C(=O)OCCCC,67.0,,
525,[*]C(C[*])C(=O)OCCCCCCOc1ccc(cc1)C(=O)Oc1ccc(cc1)C#N,19.5,,
4658,[*]Oc1c(cc(cc1)C1(CC2C(CC1)CCCC2)c1cc(c(cc1)OC(=O)c1cc(ccc1)C(=O)[*])C)C,207.0,,
5991,[*]c1cc2c(C(=O)N(C2=O)c2c(ccc(c2)N2C(=O)c3c(C2=O)cc(cc3)C(=O)Nc2ccc(cc2)Cc2ccc(cc2)NC(=O)[*])N=Nc2ccc(cc2)C)cc1,268.0,,
237,[*]C(C[*])C(=O)c1ccc(cc1)Cl,63.0,,
12274,[*]C(F)(F)C(F)(F)ON[*],,,6.8893
7546,[*]NC(CC(=O)[*])(C)C,,296.0,
7801,[*]OC(=O)CCCCCCCC(=O)OCCCCCCCCCCCCCCCCCCCC[*],,84.25,
7552,[*]NC(CC(=O)[*])C(=O)OCCCCCCCCCCCC,,348.0,
8039,[*]OC(=O)c1ccc(cc1)C(=O)NCCCCCCNC(=O)c1ccc(cc1)C(=O)OCCCCCCC[*],,227.0,
7045,[*]C(C[*])CCCCCCCCCCC,,45.56666667,
3707,[*]C1(c2c(C(=O)O1)cccc2)c1cc(c(cc1)Oc1ccc(cc1)S(=O)(=O)c1ccc(cc1)Oc1c(cc(cc1)[*])C)C,245.0,,
11643,[*]Oc1c(Br)cc(C2(c3cc(Br)c(OC([*])=O)c(Br)c3)CC3CCC2C3)cc1Br,,,4.8531
9588,[*]CCCCCCCCCCOC(=O)CCCCCCCC(=O)O[*],,,6.6816
11156,[*]CCCCCCCCCCCCOC(=O)CCCCCCCCCCCCC(=O)O[*],,,6.4766
7586,[*]NNC(=O)CCCCC(=O)NNC(=O)CCCCCCCC(=O)[*],,312.0,
7754,[*]OC(=O)CCCCC(=O)OCC(C[*])(CBr)CBr,,118.0,
9407,[*]c1ccc(-c2cnc3cc(Oc4ccc5nc([*])cnc5c4)ccc3n2)cc1,,,3.3179
8463,[*]Oc1ccc(cc1)C(=NN=C(c1ccc(cc1)OC(=O)CCCCCCCCCCCCC(=O)[*])C)C,,206.85,
9070,[*]n1c(=O)c2cc3c(cc2c1=O)c(=O)n(c3=O)CCCCCCOC(=O)OCCCCCCCCCCOC(=O)OCCCCCC[*],,187.0,
8453,[*]Oc1ccc(cc1)C(=Cc1ccc(cc1)OC(=O)CCCCCCCCCCCCC(=O)[*])C,,473.0,
7771,[*]OC(=O)CCCCCC(=O)[*],,54.0,
5796,[*]N1C(=O)c2c(C1=O)cc(cc2)c1cc2c(C(=O)N(C2=O)c2ccc(cc2)Oc2c(cc(cc2)Oc2ccc(cc2)[*])C(C)(C)C)cc1,274.0,,
11485,[*]C(=O)c1ccc2c(c1)C(=O)N(c1cccc(C#Cc3cccc(N4C(=O)c5ccc([*])cc5C4=O)c3)c1)C2=O,,,2.4849
10783,[*]OP(=O)(Oc1ccc(-c2ccc([*])cc2)cc1)OC1CCCCC1,,,4.479
10509,[*]COC1CC2CC(O[*])C1C2,,,5.9517
499,[*]C([*])C(=O)OCC,12.35,,
6237,[*]c1cc2c(C(=O)N(C2=O)c2cc(c(cc2)Oc2c(cc(cc2)N2C(=O)c3c(C2=O)cc(cc3)C([*])(C(F)(F)F)C(F)(F)F)Br)Br)cc1,299.0,,
1603,[*]NC(=O)NCc1ccc(cc1)CNC(=O)NCCCCCC[*],72.0,306.0,
10965,[*]c1cc2c(s1)-c1sc([*])cc1C2=O,,,1.4351
12022,[*]CC(S1)=CC=C1NC(=S)[*],,,3.7288
3534,[*]Oc1ccc(cc1)S(=O)(=O)c1ccc(cc1)Oc1ccc(cc1)C=C1C(=O)C(=Cc2ccc(cc2)[*])CCC1,190.0,,
2008,[*]O[Si](O[Si](c1ccc(cc1)[Si]([*])(C)C)(C)C)(C)C,-62.5,,
1967,[*]c1ncnc(n1)N(CCCCN([*])c1ccccc1)c1ccccc1,91.0,,
10845,[*]C(=O)NNC(=O)c1ccc(C(=O)NNC(=O)c2ccc([*])nc2)s1,,,3.3177
10145,[*]c1ccc2c(c1)C(=O)N(c1ccc(Oc3ccc(N4C(=O)c5ccc(C(F)(F)C(F)(F)C(F)(F)C(F)(F)C(F)(F)C(F)(F)C(F)(F)C([*])(F)F)cc5C4=O)cc3)cc1)C2=O,,,2.6011
11171,[*]CC(=O)NCCCCCCNC(=O)COC(=O)CCCCC(=O)O[*],,,6.0986
3358,[*]Oc1ccc(cc1)C(=O)OCCOCCOCCOC(=O)c1ccc(cc1)OC(=O)c1ccc(cc1)C(=O)[*],25.0,180.0,
11288,[*]CCCCCCCCCCCCNC(=O)CC(=O)N[*],,,5.7842
7178,[*]N(C(=O)c1ccc(cc1)C(=O)N(CC[*])CC)CC,,230.0,
11096,[*]Oc1ccc2cc(C([*])=O)ccc2c1Br,,,3.7175
7187,[*]N(CC[*])C(=O)C(Cl)(Cl)Cl,,300.0,
11652,[*]Oc1ccc(C2(c3ccc(OC([*])=O)cc3)CC(C)CC(C)(C)C2)cc1,,,4.7559
8145,[*]OC(C(=O)[*])(C)C,,190.0,
11147,[*]CC#CC#CCOC(=O)CCC(=O)O[*],,,4.9872
9297,[*]CC(COc1ccc(Cl)cc1)O[*],,,4.8901
10846,[*]c1ccc(-c2nc3ccc(-c4ccc5nc([*])sc5c4)cc3s2)cc1,,,3.0122
2230,[*]C(C[*])c1c(ccc(c1)C(=O)Oc1ccc(cc1)OCCCCCCCC)C(=O)Oc1ccc(cc1)OCCCCCCCC,105.0,,
8964,[*]c1oc2c(n1)ccc(c2)[*],,450.0,
3222,[*]OC(C[*])COc1ccc(cc1)c1ccc(cc1)C#N,94.15,,
11400,[*]NNC(=O)C=CC(=O)Nc1ccc(NC(=O)C=CC([*])=O)cc1,,,3.0373
7446,[*]NC(=O)CCCCCCCCCCC(=O)NCCCC[*],,238.5,
1220,[*]OC1C(C(C1(C)C)OC(=O)C1CCC(CC1)C(=O)[*])(C)C,169.0,,
6859,[*]c1ccc(cc1)c1ccc(cc1)C1(CCCCC1)[*],287.0,,
264,[*]C(C[*])OC(=O)C(C(C(C(C(C(C(F)(F)F)(F)F)(F)F)(F)F)(F)F)(F)F)(F)F,-12.5,,
10665,[*]CCOCCOCCOC(=O)CCSCCC(=O)O[*],,,5.3579
1465,[*]N(C(=O)CCCCCCCCCC[*])C,-12.0,80.0,
4084,[*]c1sc(cc1C)[*],114.2,,
7711,[*]OC(=O)CC(=O)OCCOCCOCC[*],,-31.0,
6861,[*]c1c(cc(c(c1)OC)C=C[*])OCC1C2C3C(CCC3)C(C1)C2,174.0,,
11932,[*]C=Cc1cccc([*])c1,,,3.0128
10747,[*]Oc1ccc(NC(=C(C#N)C#N)c2ccc3cc(C(Nc4ccc([*])cc4)=C(C#N)C#N)ccc3c2)cc1,,,2.9429
2923,[*]Oc1ccc(cc1)Oc1c(cc(cc1)C(=O)c1ccc(cc1)Oc1ccc(cc1)Oc1ccc(cc1)C(=O)c1cc(c(cc1)[*])C(C)C)C(C)C,145.0,,
7282,[*]N1CCN(CC1)C(=O)OCC(CS(=O)(=O)CC(COC(=O)[*])(C)C)(C)C,,272.0,
9469,[*]CCOCC(=O)O[*],,,5.8983
4025,[*]Oc1ccc(cc1)NC(=O)Nc1c(ccc(c1)NC(=O)Nc1ccc(cc1)[*])C,269.0,,
1634,[*]c1cc2c(C(=O)N(C2=O)c2ccc(cc2)Oc2ccc(cc2)N2C(=O)c3c(C2=O)cc(cc3)C(C(C(C(C(C(C([*])(F)F)(F)F)(F)F)(F)F)(F)F)(F)F)(F)F)cc1,178.0,,
7160,[*]N(C(=O)[*])CCCCCCCCC=C,,210.0,
1425,[*]NC(=O)c1ccc(cc1)C(=O)NCCC(CCC[*])CC,132.5,180.0,
6782,[*]S(=O)(=O)c1ccc(cc1)C(=O)c1cc(ccc1)C(=O)c1ccc(cc1)[*],198.0,458.0,
7145,[*]C[Se][*],,181.75,
3172,[*]Oc1ccc(cc1)S(=O)(=O)c1ccc(cc1)Oc1c(cc(cc1C)C(c1cc(c(c(c1)C)[*])C)(C(F)(F)F)C(F)(F)F)C,241.88,,
7438,[*]NC(=O)CCCCCCCCC(=O)NCCCCCCCCCCCCCCCCCC[*],,171.0,
6182,[*]N1C(=O)c2c(C1=O)cc(cc2)Oc1cc2c(C(=O)N(C2=O)c2cc(ccc2)Oc2c(c(ccc2)Oc2cc(ccc2)[*])C#N)cc1,206.33,,
964,[*]Oc1cc(ccc1)Oc1ccc(cc1)NC(=O)c1ccc(cc1)Oc1cc(ccc1)Oc1ccc(cc1)C(=O)Nc1ccc(cc1)[*],176.5,,
10461,[*]CCC(C)C([*])(C)C(=O)OC,,,6.5856
3204,[*]OC(C[*])CN1C(=O)C2C(C1=O)C1C=CC2C1,87.5,,
1106,[*]O[Si](CC(COC(=O)c1cc(ccc1)C(=O)OCC(C[Si]([*])(C)C)(C)C)(C)C)(C)C,-52.0,,
9030,[*]c1sc2c(n1)ccc(c2)OCCCCCCCCCCCOC(=O)CCCCCCCCC(=O)OCCCCCCCCCCCOc1ccc(cc1)[*],,108.0,
5978,[*]C1C(=O)N(C(=O)C1[*])c1ccc(cc1)O[Si](CC)(CC)CC,165.0,,
9492,[*]c1ccc(Oc2ccc(-c3cnc4cc(-c5ccc6nc([*])cnc6c5)ccc4n3)cc2)cc1,,,3.1085
9767,[*]OC1C(C)(C)C(OC(=O)c2ccc(C([*])=O)cc2)C1(C)C,,,4.7185
5817,[*]c1cc2c(C(=O)N(C2=O)c2c(cc(cc2C)c2cc(c(c(c2)C)N2C(=O)c3c(C2=O)cc(cc3)C(=O)Oc2c(cc(cc2C)C(c2cc(c(c(c2)C)OC(=O)[*])C)(C(F)(F)F)C(F)(F)F)C)C)C)cc1,327.0,,
826,[*]c1nc2c(c(c1c1ccccc1)c1ccccc1)cc(cc2)Oc1cc2c(nc(c(c2c2ccccc2)c2ccccc2)c2ccc(cc2)[*])cc1,345.0,475.0,
10325,[*]CCC1CC([*])C2CCCC12,,,6.7838
5131,[*]c1cc2c(C(=O)N(C2=O)c2ccc(cc2)C(=O)OCCCCOC(=O)[*])cc1,100.5,262.425,
5098,[*]N1C(=O)c2c(C1=O)c(ccc2)c1cc2c(C(=O)N(C2=O)c2cc(ccc2)C(=O)Nc2ccc(cc2)NC(=O)c2cc(ccc2)[*])cc1,328.0,,
11282,[*]CNC(=O)CCCC(=O)N[*],,,6.1798
5969,[*]c1cc2c(C(=O)N(C2=O)c2c(ccc(c2)N2C(=O)c3c(C2=O)cc(cc3)C(=O)[*])Oc2ccc(cc2)C(c2ccccc2)(C)C)cc1,267.0,,
3733,[*]Oc1ccc(cc1)C(c1ccc(cc1)OC(=O)/C=C\C(=O)OCC(C[*])O)(C)C,32.0,,
9264,[*]CCC(C)=C([*])C,,,4.9429
3630,[*]OCCOCCNC(=O)Nc1ccc(cc1)Cc1ccc(cc1)NC(=O)NCC[*],8.0,,
2912,[*]c1n(nc(c1)c1ccc(cc1)Oc1ccc(cc1)C(=O)c1cc(ccc1)C(=O)c1ccc(cc1)Oc1ccc(cc1)[*])c1ccccc1,190.0,,
10453,[*]CC([*])C(=O)Oc1ccc(C(C)=NNC(N)=O)c(O)c1,,,3.6909
7758,[*]OC(=O)CCCCC(=O)OCC(C[*])(CI)CI,,82.5,
4199,[*]c1cc2Sc3c(Sc2cc1)cc(cc3)Sc1ccc(cc1)Sc1ccc(cc1)S[*],151.2,,
6826,[*]c1ccc(cc1)c1ccc(cc1)C([*])(C(F)(F)F)C(F)(F)F,259.5,,
8472,[*]Oc1ccc(cc1)C(=O)CNC(=O)CCCCC(=O)NCC(=O)c1ccc(cc1)[*],,156.0,
6164,[*]N1C(=O)C(CC1=O)Nc1ccc(cc1)Cc1ccc(cc1)NC1C(=O)N(C(=O)C1)c1c(cc(cc1C)C(c1cc(c(c(c1)C)[*])C)c1cnccc1)C,219.0,,
5441,[*]c1cc2c(C(=O)N(C2=O)c2ccc(cc2)c2sc(c(c2c2ccccc2)c2ccccc2)c2ccc(cc2)N2C(=O)c3c(C2=O)cc(cc3)C(=O)Nc2ccc(cc2)Oc2ccc(cc2)Oc2ccc(cc2)NC(=O)[*])cc1,303.0,,
8860,[*]c1ccc(cc1)/C=C/c1c(cc(c(c1)OCCCCCCCCCCCCCCCC)/C=C/[*])OCCCCCCCCCCCCCCCC,,109.0,
8011,[*]OC(=O)c1c(cccc1)c1c(cccc1)C(=O)OCCCCCCCCCCCCCCCCCCCC[*],,-17.0,
4384,[*]Oc1c(cc(cc1)OC(=O)c1c(cc(c(c1)OCCCc1ccccc1)C(=O)[*])OCCCc1ccccc1)C,91.0,247.0,
4266,[*]OC(=O)CCCCCCCCC(=O)OCC(C[*])(CC)C,-69.0,,
5690,[*]N1C(=O)c2c(C1=O)cc(cc2)c1cc2c(C(=O)N(C2=O)c2cc(ccc2)OCCCOc2cc(ccc2)[*])cc1,184.0,,
7262,[*]N1C(CN(CC1)C(=O)OCC(COC(=O)[*])(C)C)C,,200.0,
7193,[*]N(CC[*])C(=O)CCC(C(C(C(C(C(F)(F)F)(F)F)(F)F)(F)F)(F)F)(F)F,,193.0,
5351,[*]c1cc2c(C(=O)N(C2=O)c2c(cc(cc2C)c2cc(c(c(c2)C)N2C(=O)c3c(C2=O)cc(cc3)C([*])(C(F)(F)F)C(F)(F)F)C)C)cc1,357.0,,
2458,[*]C(C[*])C(=O)OCCCn1c2ccccc2c2ccccc12,83.0,,
1869,[*]Oc1c(cc(cc1)C1(CCCCC1)c1cc(c(cc1)OC(=O)[*])Cl)Cl,179.0,236.5,
7289,[*]N1CCN(CC1)C(=O)SSCCCCSSC(=O)[*],,204.0,
12134,[*]COC(=S)O[*],,,4.8041
2750,[*]C(C([*])F)C(F)(F)F,87.0,,
4171,[*]c1sc(cc1CCCC)c1sc(c(c1)CCCC)c1c2c(ccccc2)c(c1)[*],124.0,,
10728,[*]c1ccc(-c2ccc(-c3ccc([*])n3C)o2)s1,,,1.929
2007,[*]O[Si](c1cc(ccc1)C(C(C(c1cc(ccc1)[Si]([*])(C)C)(F)F)(F)F)(F)F)(C)C,-8.0,,
2012,[*]O[Si](O[Si](O[Si](c1ccc(cc1)[Si]([*])(C)C)(C)C)(C)C)(C)C,-62.0,,
997,[*]Oc1ccc(cc1)NC(=O)c1ccc(cc1)Oc1ccc(cc1)C(c1ccc(cc1)C(c1ccc(cc1)Oc1ccc(cc1)C(=O)Nc1ccc(cc1)Oc1ccc(cc1)C(c1ccc(cc1)[*])(C)C)(C)C)(C)C,163.0,,
5282,[*]c1cc2c(C(=O)N(C2=O)c2cc(ccc2)Oc2ccc(cc2)N2C(=O)c3c(C2=O)cc(cc3)C(=O)Nc2ccc(cc2)Oc2ccc(cc2)C(c2ccc(cc2)Oc2ccc(cc2)NC(=O)[*])(C)C)cc1,207.0,,
8986,[*]c1sc(cc1)[Si]([Si]([Si]([Si]([Si]([Si]([*])(C)C)(C)C)(C)C)(C)C)(C)C)(C)C,,136.0,
6313,[*]c1cc2c(C(=O)N(C2=O)C2C(=O)N(C(=O)C2)c2ccc(cc2)NC(=O)[*])cc1,120.0,,
6635,[*]N(CC[*])C(=O)c1c(c(c(cc1)F)F)F,102.0,,
11048,[*]CCCCCCOC(=O)CCCCCNC(=O)O[*],,,6.4222
3813,[*]Oc1ccc(cc1)C(c1ccc(cc1)OCCOC(=O)Nc1ccc(cc1)Cc1ccc(cc1)NC(=O)OCC[*])(C)C,127.0,,
11039,[*]CCCCCC(=O)NCCNC(=O)CCCCCOC(=O)CCCCC(=O)O[*],,,5.9333
1721,[*]N1C(=O)c2c(C1=O)c(ccc2)Oc1ccc(cc1)c1ccc(cc1)Oc1c2c(C(=O)N(C2=O)c2ccc(cc2)Oc2cc(ccc2)Oc2ccc(cc2)[*])ccc1,224.0,,
4817,[*]NNC(=O)c1c(cc(cc1)C(=O)[*])OCC,240.0,,
101,[*]C(C[*])c1ccc(cc1)C(CCN1CCOCC1)O,50.0,,
919,[*]N1C(=O)c2c(C1=O)cc(cc2)Oc1cc2c(cc1)ccc(c2)Oc1cc2c(C(=O)N(C2=O)c2cc(ccc2)[*])cc1,249.5,,
1533,[*]OC(=O)NCC(C(C(C(CNC(=O)OCCCCC[*])(F)F)(F)F)(F)F)(F)F,33.0,149.5,
2684,[*]C(C[*])(C(=O)OCC1N(CC(C1)NC(=O)C1N(CC(C1)NC(=O)OC(C)(C)C)C(=O)OC(C)(C)C)C(=O)C1N(CC(C1)NC(=O)OC(C)(C)C)C(=O)OC(C)(C)C)C,200.0,,
4815,[*]N(c1ccc(cc1)N(c1ccc(cc1)/C=C(/C(=O)NC1C(CCCC1)NC(=O)/C(=C/c1ccc(cc1)[*])/C#N)\C#N)c1ccccc1)c1ccccc1,239.0,,
9396,[*]CCOCCOC(=O)C(C)C(=O)O[*],,,6.4398
11140,[*]Oc1ccc(CC(NC(=O)CCc2ccc(OC(=O)CCC([*])=O)cc2)C(=O)OC(C)CC)cc1,,,5.1256
4102,[*]c1sc(cc1)c1sc(cc1)[Si]([*])(C)C,45.0,187.5,
8744,[*]SSCCC[*],,67.0,
6355,[*]C1C2C(C(=O)N(C2=O)c2c(cccc2)Cl)C(C1)C=C[*],255.6,,
3079,[*]c1nc2c(c(c1c1ccccc1)c1ccccc1)cc(cc2)Oc1cc2c(nc(cc2c2ccccc2)c2ccc(cc2)Oc2ccc(cc2)[*])cc1,305.0,,
6432,[*]OC(=O)OCC(C(C[*])OC(=O)OCC)OC(=O)OCC,49.8,,
4446,[*]Oc1ccc(cc1)CC(NC(=O)CCc1ccc(cc1)OC(=O)CCC(=O)[*])C(=O)OC(C)C,82.0,,
9730,[*]CCCCOC(=O)C(=O)O[*],,,5.0922
594,[*]OC(C[*])c1ccccc1,32.38,147.7857143,
5476,[*]c1cc2c(C(=O)N(C2=O)c2c(cc(cc2)N2C(=O)c3c(C2=O)cc(cc3)C(=O)[*])S(=O)(=O)O[Na])cc1,214.0,369.0,
4871,[*]Nc1cc(cc(c1)C(=O)OCCOc1ccc(cc1)C=CC(=O)c1ccccc1)NC(=O)c1cc2c(cc1)cc(cc2)C(=O)[*],247.0,,
2938,[*]Oc1cc(ccc1)NC(=O)CCCCCC(=O)Nc1cc(ccc1)OCC(COc1ccc(cc1)C(c1ccc(cc1)OCC(C[*])O)(C)C)O,107.0,,
2627,[*]C(C[*])C(=O)Nc1ccc(cc1)C(=O)C=Cc1ccc(cc1)Br,64.0,,
5798,[*]N1C(=O)c2c(C1=O)cc(cc2)c1cc2c(C(=O)N(C2=O)c2ccc(cc2)Oc2c(cc(cc2)C(C)(C)C)Oc2ccc(cc2)[*])cc1,257.0,,
4934,[*]NNC(=O)c1c(cccc1)C(=O)Nc1cc(ccc1)C=C1C(=O)C(=Cc2cc(ccc2)NC(=O)c2c(cccc2)C(=O)[*])CC1,202.1,,
5972,[*]c1cc2c(C(=O)N(C2=O)c2ccc(cc2)Oc2ccc(cc2)N2C(=O)c3c(C2=O)cc(cc3)C(=O)N2C(=S)N(C(C(=C2C)C(=O)OCC)c2ccccc2)C(=O)[*])cc1,155.0,,
9019,[*]c1sc(cc1CCCCCCCCCF)c1sc(cc1)[*],,160.0,
11499,[*]c1ccc(Cc2ccc(N3C(=O)N([*])C3=O)cc2)cc1,,,4.1662
9720,[*]CCCCCOC(=O)c1ccc(C(=O)NCCCCCCNC(=O)c2ccc(C(=O)O[*])cc2)cc1,,,4.3426
6160,[*]c1cc2c(C(=O)N(C2=O)c2cc(ccc2)N2C(=O)c3c(C2=O)cc(cc3)C(=O)Nc2ccc(cc2)C2(c3ccccc3c3ccccc23)c2ccc(cc2)NC(=O)[*])cc1,209.0,,
9988,[*]CC1CCCC(CNC(=O)CCCCCCC(=O)N[*])C1,,,5.9323
6552,[*]c1nc2c(c(c1)c1ccc(cc1)Oc1ccc(cc1)c1ccccc1)cc(cc2)c1cc2c(nc(cc2c2ccc(cc2)Oc2ccc(cc2)c2ccccc2)c2ccc(cc2)c2ccc(cc2)[*])cc1,318.0,415.6666667,
9175,[*]CC([*])n1ccnc1,,,4.8897
4840,[*]Nc1ccc(cc1)Cc1ccc(cc1)NC(=O)c1cc(cc(c1)NC(=O)CCCCCN1C(=O)c2c(C1=O)cccc2)C(=O)[*],195.0,,
11673,[*]Oc1ccc(C(C)(C)c2ccc(OC([*])=O)c(Cl)c2)cc1,,,5.0408
10972,[*]c1cc2c(s1)-c1sc([*])cc1C2(CCCCCCCC)CCCCCCCC,,,3.2588
8961,[*]c1oc(nn1)c1nc(ccc1)c1oc(nn1)c1cc(ccc1)[*],,400.0,
2263,[*]C1C(CC(C1)C=C[*])[Si](C)(C)C,109.0,,
1478,[*]NC(=O)C(C[*])C,96.0,297.0,
3349,[*]OP(=O)(Oc1ccc(cc1)S(=O)(=O)c1ccc(cc1)[*])Oc1ccc(cc1)Br,89.0,,
10221,[*]OC(=O)CCc1ccc(CCC([*])=O)cc1,,,5.0434
1277,[*]c1cc2c(C(=O)N(C2=O)c2cc(ccc2)N2C(=O)c3c(C2=O)cc(cc3)C(=O)Oc2ccc(cc2)C(c2ccc(cc2)OC(=O)[*])(C)C)cc1,225.0,,
1149,[*]OC(=O)CCCCCC(=O)OCC[*],-54.0,31.5,
9083,[*]n1c(=O)c2cc3c(cc2c1=O)c(=O)n(c3=O)c1ccc(cc1)Oc1ccc(cc1)C(=O)c1cc(ccc1)C(=O)c1ccc(cc1)Oc1ccc(cc1)[*],,442.0,
6993,[*]C(C[*])(C(=O)OCCCCCCCCCCOc1ccc(cc1)N1C(=O)C(=Cc2c(c3c(n2C)cccc3)C)C(=C(C)C)C1=O)C,,228.0,
1636,[*]N1C(=O)c2c(C1=O)cc(cc2)Oc1cc2c(C(=O)N(C2=O)c2cc(ccc2)C(C(C(C(C(c2cc(ccc2)[*])(F)F)(F)F)(F)F)(F)F)(F)F)cc1,138.5,,
9432,[*]CCOC(=O)NCCCOCCCNC(=O)O[*],,,6.238
3432,[*]Oc1ccc(cc1)C(c1ccc(cc1)OC(=O)c1ccc(cc1)OCCCCCCCCCCOc1ccc(cc1)C(=O)[*])(C)C,77.0,160.0,
98,[*]C(C[*])c1ccc(cc1)C(CCCCC)(O)C,92.5,,
11594,[*]C(=O)c1ccc2c(c1)C(=O)N(c1ccc(Oc3ccccc3Oc3ccc(N4C(=O)c5ccc([*])cc5C4=O)cc3)cc1)C2=O,,,2.3823
4127,[*]c1sc(cc1CCCCCCCC)c1sc(c(c1)CCCCCCCC)c1ccc(cc1)[*],50.4,,
739,[*]Oc1ccc(cc1)C(c1ccc(cc1)OCC(C[*])OC(=O)C)(c1ccccc1)C,110.0,,
11503,[*]c1cc(N2C(=O)c3ccc(P(=O)(c4ccccc4)c4ccc5c(c4)C(=O)N([*])C5=O)cc3C2=O)cc(C(F)(F)F)c1,,,3.3576
1630,[*]c1cc2c(C(=O)N(C2=O)c2cc(ccc2)Oc2cc(ccc2)N2C(=O)c3c(C2=O)cc(cc3)C(C(C([*])(F)F)(F)F)(F)F)cc1,221.0,,
8819,[*]c1c(c(c(c(c1C)C)CC[*])C)C,,300.0,
1808,[*]c1cc2c(C(=O)N(C2=O)c2c(cc(c(c2)C)N2C(=O)c3c(C2=O)cc(cc3)C([*])(C(F)(F)F)C(F)(F)F)C)cc1,347.0,,
556,[*]C(C(CCCCCCCC[*])Cl)Cl,-30.0,47.0,
1933,[*]c1c(nc2c(n1)cc(cc2)S(=O)(=O)c1cc2c(nc(c(n2)c2ccc(cc2)[*])c2ccccc2)cc1)c1ccccc1,291.8,,
3278,[*]Oc1c(cccc1)S(=O)(=O)c1ccc(cc1)[*],221.0,368.0,
9179,[*]CC([*])C(=O)O,,,6.7889
3154,[*]c1nnc(nc1c1ccc(cc1)Oc1ccc(cc1)C(=O)c1ccc(cc1)Oc1ccc(cc1)[*])c1ncccc1,223.0,,
2169,[*]C(C(CCCCCCCCCCC[*])c1ccc(cc1)O)c1c(cc(cc1)O)C,4.0,,
11506,[*]c1nc2c(n1C)C(=O)N([*])C2=O,,,4.0674
10734,[*]OC1C(CO)OC([*])C(NC(C)=O)C1O,,,5.9496
10402,[*]C=CC1CC([*])C(F)(F)C1(F)OC(F)(F)C(F)(F)C(F)(F)F,,,3.4449
3874,[*]Oc1ccc(cc1)S(=O)(=O)c1ccc(cc1)Oc1ccc(cc1)C=Nc1ccc(cc1)Oc1ccc(cc1)c1ccc(cc1)Oc1ccc(cc1)N=Cc1ccc(cc1)[*],127.0,284.0,
11520,[*]c1cc(C(c2ccc(O)c(-n3c(=O)c4cc5c(=O)n([*])c(=O)c5cc4c3=O)c2)(C(F)(F)F)C(F)(F)F)ccc1O,,,2.3838
75,[*]C(C[*])c1ccc(cc1)CC,50.47,,
3803,[*]Oc1ccc(cc1)OC(=O)c1ccc(cc1)OCC(COC(=O)CCCCC(=O)OCC(C[*])O)O,37.0,,
6522,[*]Nc1c(cc(cc1)[*])OC,90.0,173.28,
3365,[*]c1oc2c(n1)ccc(c2)c1ccc2c(oc(n2)c2ccc(cc2)Oc2ccc(cc2)Oc2ccc(cc2)P(=O)(c2ccc(cc2)Oc2ccc(cc2)Oc2ccc(cc2)[*])c2ccccc2)c1,223.0,,
10141,[*]CCCCC(C)CCn1c(=O)c2cc3c(=O)n([*])c(=O)c3cc2c1=O,,,3.7606
4351,[*]OC(=O)CC/C=C/CCC(=O)OCCCCCCCCCCCCCCCC[*],-18.0,,
12201,[*]NC(=O)C(C=C1)=CC=C1C(C=C2)=CC=C2[*],,,3.3965
8026,[*]OC(=O)c1cc(ccc1)c1cc(ccc1)C(=O)OCCCCC[*],,58.5,
10570,[*]CCCCc1nnc([*])o1,,,6.3699
8823,[*]c1c(cc(c(c1)CCCCCCCCCCCC)[*])CCCCCCCCCCCC,,174.5,
124,[*]C(C[*])c1ccc(cc1)C(=O)CCCC,70.0,,
5475,[*]c1cc2c(C(=O)N(C2=O)c2cc(c(cc2)C=Cc2c(cc(cc2)N2C(=O)c3c(C2=O)cc(cc3)C(=O)[*])S(=O)(=O)O[Na])S(=O)(=O)O[Na])cc1,229.0,,
3244,[*]Oc1ccc(cc1)C(=Nc1ccc(cc1)N=C(c1ccc(cc1)Oc1ccc(cc1)C(c1ccc(cc1)[*])(c1ccccc1)c1ccccc1)c1ccccc1)c1ccccc1,198.0,,
3591,[*]Oc1cc(ccc1)Oc1ccc(cc1)C(=O)c1ccc(cc1)[*],123.0,,
11951,[*]c1cc(C=O)cc([*])c1O,,,4.1592
11151,[*]CCC(C)CCOC(=O)CCCCC(=O)O[*],,,6.7005
11118,[*]CCCCCCCCCCCCOC(=O)CC=CCC(=O)O[*],,,5.9809
11953,[*]c1cc([*])c(O)c(C=Nc2ccc(Cl)cc2)c1,,,2.9264
3396,[*]OP(=O)(N=Nc1ccc(cc1)c1ccc(cc1)N=NP(=O)(OCCOCC[*])OC)OC,22.0,,
9743,[*]CCCOC(=O)CC(=O)O[*],,,6.6256
8276,[*]OCCCCC(=O)NCCCCCOCCCCCNC(=O)CCCCCCCCCC[*],,126.5,
6505,[*]c1cc2c(nc(c(n2)c2ccccc2)c2ccc(cc2)c2nc3c(nc2c2ccccc2)cc(cc3)C(=O)[*])cc1,325.0,,
12002,[*]C(C=C1)=CC=C1C(=S)C(C=C2)=CC=C2O[*],,,2.6372
11589,[*]C(=O)c1ccc(N=Nc2ccc(C(=O)N3C(=O)N([*])C(CC)(CC)C3=O)cc2)cc1,,,3.6611
621,[*]OC(COCC(OC(=O)c1c(cccc1)C(=O)[*])C)C,25.0,,
8115,[*]OC(=O)c1ccc(cc1)CS(=O)(=O)Cc1ccc(cc1)C(=O)OCCCCCC[*],,250.0,
6392,[*]C1C(=O)OC(=O)C1C(C[*])(N=C=O)C,100.0,,
10689,[*]Oc1ccc(C2(c3ccc(Oc4nc([*])nc(OC)n4)cc3)CCCCC2)cc1,,,4.6483
4354,[*]Oc1ccc(cc1)C1(c2cc(ccc2c2ccc(cc12)[N+](=O)[O-])N(C)C)c1ccc(cc1)OC(=O)CCC(=O)[*],215.0,,
316,[*]C1C(C(C(C1)C[*])OC(=O)CCCCCCCCCCOc1ccc(cc1)c1ccc(cc1)C#N)OC(=O)CCCCCCCCCCOc1ccc(cc1)c1ccc(cc1)C#N,14.5,,
6908,[*]/C(=C\CC[*])/Cl,,70.0,
6605,[*]c1nc(c(c(c1C#N)C=Cc1ccc(cc1)N(c1ccccc1)c1ccccc1)C#N)C=Cc1c(cc(c(c1)CCCCCCCCCCCCCCCC)C=C[*])CCCCCCCCCCCCCCCC,165.0,,
9670,[*]CC1CCC(COC(=O)CCCC(=O)O[*])CC1,,,6.7305
921,[*]N1C(=O)c2c(C1=O)cc(cc2)Oc1cc2c(cc1Oc1cc3c(C(=O)N(C3=O)c3ccc(cc3)Oc3ccc(cc3)[*])cc1)cccc2,228.75,,
4974,[*]OC(=O)NCC(C[*])C,40.0,,
4424,[*]OC(=O)c1ccc(cc1)c1ccc(cc1)C(=O)OCCCCCCCCCCCC[*],42.75,138.0,
6927,[*]=Nc1ccc(cc1)CCc1ccc(cc1)NC=[*],,265.0,
4014,[*]c1ccc2n(c3c(c2c1)cc(cc3)C=Nc1ccc(cc1)C(=O)OCCCCOCCCCOCCCCOC(=O)c1ccc(cc1)N=C[*])CC(CCCC)CC,5.2,,
3527,[*]Oc1c(cc(cc1)OCCCCC(=O)NNC(=O)c1ccc(cc1)C(=O)NNC(=O)CCCC[*])C,139.5,,
3443,[*]c1nc2c(c(c1)c1ccccc1)cc(cc2)Oc1cc2c(nc(cc2c2ccccc2)c2ccc(cc2)C(c2ccc(cc2)[*])(C(F)(F)F)C(F)(F)F)cc1,260.0,,
6967,[*]C(C([*])OC(C)C)C,,207.5,
6627,[*]N(CC[*])C(=O)c1cc(c(cc1)F)F,101.0,,
481,[*]C(C[*])(C(=O)OCC)CF,43.0,,
484,[*]C(C[*])(CC(=O)OCCC1CCCCC1)C(=O)OCCC1CCCCC1,48.0,,
5265,[*]OC(=O)NC(=O)c1cc(ccc1)C(=O)NC(=O)OCC(C[*])CCCC,64.0,,
545,[*]C([*])(F)F,57.21,326.9374846,7.2027
9266,[*]C=CC(C[*])CCC,,,5.7221
10541,[*]Oc1cccc(OC(=O)c2ccc(Oc3ccc(C([*])=O)cc3)cc2)c1,,,4.2359
12422,[*]C=C([*])c1cccc[n+]1CC#C,,,0.3201
4325,[*]Oc1ccc(cc1)OC(=O)c1c(cc(cc1)C(=O)[*])Oc1ccc(cc1)c1ccccc1,112.5,335.0,
7339,[*]NC(=O)C(C(=O)NCCCC[*])CCCCCCCCCCCC,,201.0,
1589,[*]NC(=O)CCCCCCCCCCCC(=O)NCCCCCCCCCCCCC[*],56.5,170.875,
702,[*]Oc1ccc(cc1)S(=O)(=O)c1ccc(cc1)OCC(C[*])O,161.25,,
2873,[*]OC(C(C([*])(F)F)(F)F)(F)F,-109.82,,
442,[*]C(C[*])C(=O)OCCc1ccccc1,-3.0,,
8975,[*]c1sc(cc1)CCC(=O)NCCCCCCNC(=O)CC[*],,210.0,
11734,[*]c1nc(Cl)nc(N([*])c2ccccc2)n1,,,4.3194
2929,[*]c1oc(nn1)c1ccc(cc1)NC(=O)c1cc(cc(c1)N1C(=O)c2c(C1=O)cccc2)C(=O)Nc1ccc(cc1)[*],327.0,,
12294,[*]CC(C#N)(C#N)C(C#N)C(C#N)(C#N)C(C#N)C(C#N)(C#N)C(C#N)C(C#N)(C#N)[*],,,6.4897
12405,[*]OC(COC([*])=O)COc1ccccc1,,,5.4034
4928,[*]c1cncc(c1)C(=O)Nc1cc(cc(c1)c1oc(nn1)c1ncccc1)NC(=O)[*],185.0,305.0,
8191,[*]OC(CCOC(=O)c1c(cccc1)c1c(cccc1)C(=O)[*])C,,37.0,
396,[*]C(C[*])C(=O)NC(C)C,132.69,165.0,
1536,[*]OC(=O)NCCCCCCNC(=O)OCCCCCCC[*],55.0,148.5,
4411,[*]Oc1ccc(cc1)CC(NC(=O)CCc1ccc(cc1)OC(=O)CCCC(=O)[*])C(=O)OCCCC,53.67,,
7177,[*]N(C(=O)c1ccc(cc1)C(=O)N(CC[*])C)C,,379.0,
3387,[*]c1nc(nc(n1)c1ccc(cc1)Oc1ccc(cc1)C(c1ccc(cc1)Oc1ccc(cc1)[*])(C(F)(F)F)C(F)(F)F)c1ccccc1,241.0,,
8688,[*]SC(=O)CCCCCCC(=O)SCC[*],,146.0,
11002,[*]N=Cc1ccc(-c2ccc(C=Nc3ccc4c(c3)c3cc([*])ccc3n4CCCC)s2)s1,,,2.8673
5805,[*]N1C(=O)c2c(C1=O)cc(cc2)Oc1ccc(cc1)C(c1ccc(cc1)Oc1cc2c(C(=O)N(C2=O)c2cc(ccc2)P(=O)(c2cc(ccc2)[*])C)cc1)(C)C,228.0,,
9365,[*]CCCCCNC(=O)CCCCCCCCOCCCCCCCCC(=O)NCCCCCO[*],,,5.9278
10179,[*]C(=O)c1ccc2c(c1)C(=O)N(c1ccc(Oc3ccc(N4C(=O)c5ccc([*])cc5C4=O)cc3)cc1)C2=O,,,2.5757
2691,[*]C(C[*])(C(=O)OCCCCCCCCOc1ccc(cc1)C(=O)Oc1ccc(cc1)C(=O)C=Cc1c(c2c(n1CCCC)cccc2)C)C,69.0,179.0,
3805,[*]OCC(C[*])(COCCC#N)C,-52.0,,
9153,[*]C(F)(F)C([*])(F)OC(F)(F)F,,,8.2947
7301,[*]N1CCN(CC1)SC(=O)OCCCCOC(=O)S[*],,186.0,
8023,[*]OC(=O)c1cc(ccc1)c1cc(ccc1)C(=O)OCC[*],,120.5,
5612,[*]c1cc2c(C(=O)N(C2=O)c2ccc(cc2)Oc2ccc(cc2)N2C(=O)c3c(C2=O)cc(cc3)C(=O)OCCCCCCCCCCCCOC(=O)[*])cc1,105.0,,
1013,[*]Oc1ccc(cc1)NC(=O)c1ccc(cc1)S(=O)(=O)c1ccc(cc1)C(=O)Nc1ccc(cc1)Oc1ccc(cc1)C(c1ccc(cc1)[*])(C(F)(F)F)C(F)(F)F,250.0,,
9218,[*]CC([*])C(=O)OCCCSCCC#N,,,5.408
10515,[*]CCOCCOC(=O)CCC(C)CC(=O)O[*],,,6.43
5738,[*]c1cc2c(C(=O)N(C2=O)c2ccc(cc2)Oc2ccc(cc2)C2(C3C4C(CCC4)C(C2)C3)c2ccc(cc2)Oc2ccc(cc2)N2C(=O)c3c(C2=O)cc(cc3)C(=O)Nc2ccc(cc2)Oc2c(cc(c(c2)C(C)(C)C)Oc2ccc(cc2)NC(=O)[*])C(C)(C)C)cc1,290.0,,
8654,[*]S(=O)(=O)NCCCCCCNS(=O)(=O)CCCCCC[*],,190.0,
4110,[*]c1sc(cc1)c1sc(c(c1)CCCCCCCC)c1sc(cc1)c1sc(cc1)c1sc(cc1CCCCCCCC)c1sc(cc1)[Si]([*])(C)C,31.0,55.0,
6362,[*]N1C(=O)c2c(C1=O)cc(cc2)Oc1ccc(cc1)Oc1cc2c(C(=O)N(C2=O)c2c(cc(cc2)Cc2cc(c(cc2)[*])C)C)cc1,268.0,,
3542,[*]C1COC2C1OCC2OC(=O)O[*],139.7,,
7913,[*]OC(=O)NCCCCCCCCCCNC(=O)OCCCCCCCCCC[*],,142.0,
11549,[*]Nc1ccc(NC(=S)NC(=O)c2cccc(C(=O)NC([*])=S)c2)cc1,,,3.3129
11629,[*]c1ccc(Oc2ccc(-n3c(=O)c4cc5c(=O)n([*])c(=O)c5cc4c3=O)cc2-c2ccccc2)cc1,,,2.1739
11808,[*]c1ccc2c(c1)c1ccccc1n2[*],,,3.9529
7471,[*]NC(=O)CCCCCCCCCCCCCCCCC[*],,158.0,
11079,[*]OC(C=C)CC([*])=O,,,6.1885
2095,[*]c1ccc(cc1)c1c(cc(c(c1c1ccccc1)c1ccccc1)c1ccc(cc1)c1c(c(c(c(c1)c1ccccc1)c1ccc(cc1)CCCCCCCCCCCCCC[*])c1ccccc1)c1ccccc1)c1ccccc1,185.0,,
1448,[*]NC(=O)Cc1ccc(cc1)CC(=O)NCCCCCC[*],95.0,300.0,
568,[*]C1(C(C(C1(F)F)(C([*])(F)F)F)(F)F)F,122.0,,
6511,[*]c1nc2c([nH]1)ccc(c2)c1ccc2c(nc([nH]2)CCCCCNc2nc(nc(n2)NCCCCC[*])N(CC)CC)c1,190.0,,
373,[*]C(C[*])(C(=O)OC1C(CCCC1)C)C,85.0,,
9287,[*]CC(CCCC)O[*],,,5.4348
1359,[*]NC(=O)c1cc(ccc1)C(=O)NCc1cc(ccc1)C[*],167.33,,
6085,[*]N1C(=O)c2c(C1=O)cc(cc2)Oc1c(cc(cc1C)Cc1cc(c(c(c1)C)Oc1cc2c(C(=O)N(C2=O)c2cc(ccc2)[*])cc1)C)C,245.0,,
2226,[*]C(C[*])c1c(ccc(c1)C(F)(F)F)C(F)(F)F,160.0,,
805,[*]Oc1ccc(cc1)NC(=O)CCCCC(=O)Nc1ccc(cc1)[*],230.0,360.0,
426,[*]C(C[*])C(=O)Oc1ccccc1,101.83,,
337,[*]C(C[*])C(=O)OCCCCCCCCCCCCCCCCCC,-42.5,48.10714286,
11216,[*]Nc1ccc(NC(=O)c2cc(NC(=O)c3ccccc3)cc(C([*])=O)c2)cc1,,,3.3958
5188,[*]N1C(=O)c2c(C1=O)cc(cc2)C(=O)c1cc2c(C(=O)N(C2=O)CCCCCC(=O)Nc2ccc(cc2)Cc2ccc(cc2)NC(=O)CCCCC[*])cc1,187.0,,
11707,[*]CCc1nnc([*])n1N,,,5.722
4551,[*]OC(=O)c1c(cc(cc1)C(=O)OCCN(CC[*])c1ccc(cc1)N=Nc1ccc(cc1)c1oc2c(n1)cccc2)OCCC,117.0,,
3069,[*]OC(C[*])CS(=O)(=O)C(C)C,64.0,,
4753,[*]Nc1ccc(cc1)Cc1ccc(cc1)NC(=O)c1cc(cc(c1)NC(=O)c1ccncc1)C(=O)[*],302.0,,
3590,[*]Oc1ccc(cc1)C1(c2ccccc2c2ccccc12)c1ccc(cc1)OC1(C(C(C1(F)F)(F)F)([*])F)F,228.0,,
1886,[*]Oc1ccc(cc1)C1(CCC(CC1)C)c1ccc(cc1)OC(=S)[*],168.0,,
491,[*]C(C[*])(C(=O)Oc1ccc(cc1)C#N)C,155.0,,
1443,[*]NC(=O)CCCCCCCCCCCCCCCCC(=O)NCCCCCC[*],47.0,195.5,
1329,[*]NC(=O)CCCCC(=O)NCCCC1(c2ccccc2c2ccccc12)CCC[*],120.0,,
4278,[*]Oc1ccc(cc1)c1ccc(cc1)OC(=O)c1ccc(cc1)C(=O)[*],267.0,533.425,
6132,[*]c1cnc(s1)n1c(=O)c2cc3c(cc2c1=O)c(=O)n(c3=O)c1ccc(cc1)Oc1ccc(cc1)[*],328.8,,
616,[*]OCCSSCC[*],-53.0,,
8725,[*]SCCCCCCCCC(=O)NCc1ccc(cc1)CNC(=O)CCCCCCCC[*],,214.0,
5998,[*]N1C(=O)c2c(C1=O)cc(cc2)Oc1cc2c(C(=O)N(C2=O)c2c(ccc(c2)C(c2cc(c(cc2)OCCN(c2ccc(cc2)C=CC2=CC(=C(S(=O)(=O)C)C#N)CC(C2)(C)C)c2ccccc2)[*])(C(F)(F)F)C(F)(F)F)OCCN(c2ccc(cc2)C=CC2=CC(=C(S(=O)(=O)C)C#N)CC(C2)(C)C)c2ccccc2)cc1,234.0,,
2034,[*]N=P([*])(OCCC)OCCC,-100.0,,
10149,[*]C(=O)Nc1ccc(Cc2ccc(NC(=O)c3ccc4c(c3)C(=O)N(c3ccc(S(=O)(=O)c5ccc(N6C(=O)c7ccc([*])cc7C6=O)cc5)cc3)C4=O)cc2)cc1,,,2.5578
8814,[*][Si](c1ccc(cc1)[*])(c1ccc(cc1)Cl)C,,219.5,
1767,[*]c1cc2c(C(=O)N(C2=O)c2ccc(cc2)C(=O)NCCCCCCNC(=O)[*])cc1,225.0,,
6154,[*]c1cc2c(C(=O)N(C2=O)c2c3c(ccc2)c(ccc3)Oc2ccc(cc2)N2C(=O)c3c(C2=O)cc(cc3)C(=O)Nc2nc(nc(n2)NC(=O)[*])c2ccccc2)cc1,291.0,,
10908,[*]c1sc(-c2cc(OCCCCC)c([*])s2)cc1OCCCCC,,,1.2005
6671,[*]S(=O)(=O)c1ccc(cc1)Nc1ccc(cc1)C(c1ccc(cc1)Nc1ccc(cc1)[*])(C(F)(F)F)C(F)(F)F,145.0,,
5313,[*]c1cc2c(C(=O)N(C2=O)c2ccc(cc2)Cc2ccc(cc2)N2C(=O)c3c(C2=O)cc(cc3)C(=O)Nc2ccc(cc2)Oc2ccc(cc2)NC(=O)[*])cc1,251.0,,
11013,[*]c1sc([*])c2nc(CCCCCC)c(CCCCCC)nc12,,,0.3579
8549,[*]Oc1ccc(cc1)C=Nc1ccc(cc1)N=Cc1ccc(cc1)OC(=O)CCCCC(=O)[*],,308.0,
9649,[*]OC(C)C([*])=O,,,5.9945
10844,[*]c1cncc(-c2nc3ccc(-c4ccc5nc([*])sc5c4)cc3s2)c1,,,3.1882
7016,[*]C(C[*])C(=O)OCCCCCCN1C(=O)c2ccc3c4ccc5C(=O)N(C(=O)c6ccc(c7ccc(C1=O)c2c37)c4c56)C(CCCCCCC)CCCCCCC,,311.0,
12218,[*]NC(=S)C(C=C1)=CC=C1O[*],,,3.2939
4567,[*]Oc1c(cc(c(c1)OCCOC)OC(=O)c1c(cc(cc1)C(=O)[*])OCCOCC)OCCOC,99.0,164.0,
8220,[*]OC1CCC(CC1)OC(=O)NCCSCCCCCSCCNC(=O)[*],,187.0,
4420,[*]Oc1ccc(cc1)CC(NC(=O)CCc1ccc(cc1)OC(=O)CCCCCCCCC(=O)[*])C(=O)OCCCCCCCCCCCC,12.5,,
11217,[*]Nc1ccccc1NC(=O)c1cccc(C([*])=O)c1,,,3.6159
1316,[*]NC(=O)CCCCCCCCCCC(=O)NCCCCCCCC[*],50.0,201.0,
4066,[*]Oc1ccc(cc1)c1ccc(cc1)C(=O)NCC[*],169.0,239.0,
11200,[*]NC(CC([*])=O)C(=O)OCC(C)C,,,6.1208
5480,[*]N1C(=O)c2c(C1=O)cc(cc2)S(=O)(=O)c1cc2c(C(=O)N(C2=O)CCCCCCOC(=O)c2cc(cc(c2)OCCCCCCOc2ccc(cc2)N=Nc2ccc(cc2)C#N)C(=O)OCCCCCC[*])cc1,83.0,,
3259,[*]OC(=O)CCSCCC(=O)OCCOCCOCCOCCOCC[*],-47.0,,
3202,[*]OC(=O)OCC(=C)COCC(=C)C[*],70.5,,
6424,[*]OC1CCC(CC1)OC(=O)[*],138.0,,
9753,[*]Cc1ccc(COC(=O)CCCCCCCCCCC(=O)O[*])cc1,,,5.5473
6984,[*]C(C[*])(C(=O)OCC(C(C(C(C(C(F)F)(F)F)(F)F)(F)F)(F)F)(F)F)F,,142.85,
11847,[*]Cc1ccc(CNC(C)=N[*])cc1,,,4.9237
2435,[*]C(C[*])(C(=O)OCCc1ccc(cc1)N=Nc1ccccc1)C,80.0,,
7024,[*]C(C[*])C(CC)CC,,374.0,
6636,[*]N(CC[*])C(=O)c1cc(c(c(c1)F)F)F,65.0,,
6058,[*]N1C(=O)c2c(C1=O)c(ccc2)Oc1ccc(cc1)C(c1ccc(cc1)Oc1c2c(C(=O)N(C2=O)c2c(cc(cc2C)Cc2cc(c(c(c2)C)[*])C)C)ccc1)(C)C,223.0,,
11439,[*]CC1(C)CC(CC2(C)CC(N3C(=O)N4C(c5ccc(OC)cc5)N([*])C(=O)N4C3c3ccc(OC)cc3)CC(C)(C)C2)CC(C)(C)C1,,,4.8726
9285,[*]CC(C)(C)O[*],,,5.2445
11840,[*]Nc1ccc([*])cc1O,,,3.4121
11857,[*]C=Cc1ccc(N(c2ccc(C=Cc3ccc4c5ccc([*])cc5n(CC(CC)CCCC)c4c3)cc2)c2ccc(OCC(CC)CCCC)cc2)cc1,,,3.0565
10460,[*]CC([*])(C)C(=O)OC(CC)OCC,,,6.3891
3706,[*]Oc1c(c(c(c(c1F)F)Sc1c(c(c(c(c1F)F)Oc1ccc(cc1)C(c1ccc(cc1)[*])(C(F)(F)F)C(F)(F)F)F)F)F)F,130.33,,
2697,[*]C(C[*])(C(=O)OCCN(c1cc(c(cc1)N=Nc1ccc(cc1)OC)C)CC)C,95.0,,
10860,[*]c1sc(-c2cc(CCCCCC)c([*])s2)cc1CCCCCC,,,1.6319
644,[*]Oc1cc(ccc1)C(=O)OC(=O)c1cc(ccc1)OCCC[*],53.0,197.0,
5847,[*]N1C(=O)c2c(C1=O)cc(cc2)Oc1c(cc(cc1C)C(c1cc(c(c(c1)C)Oc1cc2c(C(=O)N(C2=O)c2ccc(cc2)Oc2ccc(cc2)C2(C3C4C(CCC4)C(C2)C3)c2ccc(cc2)Oc2ccc(cc2)[*])cc1)C)(C)C)C,262.0,,
7102,[*]C12CC3(CC(CC(C1)C3)C2)[*],,420.0,
11581,[*]C(=O)c1ccc2c(c1)C(=O)N(c1ccc(-c3ccc(N4C(=O)c5ccc([*])cc5C4=O)cc3C)c(C)c1)C2=O,,,2.8033
8461,[*]Oc1ccc(cc1)C(=NN=C(c1ccc(cc1)OC(=O)CCCCCCCCC(=O)[*])C)C,,209.85,
5383,[*]C1C(=O)N(C(=O)C1C(C[*])c1ccccc1)c1ccccc1,221.0,,
5273,[*]c1cc2c(C(=O)N(C2=O)c2ccc(cc2)C(=O)OCCCSCCCCCCSCCCOC(=O)[*])cc1,31.0,92.0,
901,[*]Oc1ccc(cc1)C(c1ccc(cc1)Oc1ccc(cc1)C(=O)Nc1cc(c(cc1)c1c(cc(cc1)NC(=O)c1ccc(cc1)[*])C(F)(F)F)C(F)(F)F)(C)C,250.0,,
7201,[*]N(CC[*])C(=O)CCCCCCCCCCCCCC,,139.0,
2653,[*]C(C[*])C(=O)Oc1ccc(cc1)N=Nc1ccc(cc1)[N+](=O)[O-],128.2,,
6271,[*]N1C(=O)c2c(C1=O)cc(cc2)C(c1cc2c(C(=O)N(C2=O)CCCC[*])cc1)(C(F)(F)F)C(F)(F)F,185.0,,
6581,[*]N(c1ccc(cc1)C(c1ccc(cc1)[*])c1ccc(cc1)C#N)c1ccc(cc1)C,230.0,,
733,[*]Oc1ccc(cc1)C(c1ccc(cc1)OC([*])(Oc1ccccc1)Oc1ccccc1)(C)C,92.0,,
1914,[*]N(CC[*])C(=O)CCCCC,7.0,,
5837,[*]c1cc2c(C(=O)N(C2=O)c2cc(ccc2)C(=O)Nc2ccc(cc2)Oc2ccc(cc2)C(c2ccc(cc2)Oc2ccc(cc2)NC(=O)c2cc(ccc2)N2C(=O)c3c(C2=O)cc(cc3)C([*])(C(F)(F)F)C(F)(F)F)(C)C)cc1,259.0,,
3467,[*]OCCOCCOCCCNC(=O)CCCCCCCCC(=O)NCCC[*],40.0,135.0,
5678,[*]N1C(=O)C(CC1=O)Nc1ccc(cc1)N(c1ccc(cc1)NC1C(=O)N(C(=O)C1)c1ccc(cc1)Cc1ccc(cc1)[*])c1ccc(cc1)Nc1ccc(cc1)[N+](=O)[O-],324.0,,
779,[*]c1ccc2oc3c(c2c1)cc(cc3)S(=O)(=O)c1ccc(cc1)Oc1ccc(cc1)S(=O)(=O)[*],290.0,,
1768,[*]c1cc2c(C(=O)N(C2=O)c2ccc(cc2)C(=O)Nc2ccc(cc2)Cc2ccc(cc2)NC(=O)[*])cc1,222.0,,
369,[*]C(C[*])(C(=O)OCCCCCCCCCCCC)C,-44.99,-26.0,
11023,[*]Oc1ccc(C(c2ccc(OC(=O)c3cccc(C([*])=O)c3)cc2)C(Cl)(Cl)Cl)cc1,,,3.8681
10477,[*]CC([*])(F)Cl,,,6.2438
10918,[*]c1ccc(N=Nc2ccc(-c3csc(-c4nc([*])cs4)n3)cc2)cc1,,,2.5523
1239,[*]Oc1cc(ccc1)C(C(C(c1cc(ccc1)OC(=O)c1cc(ccc1)C(C(C(c1cc(ccc1)C(=O)[*])(F)F)(F)F)(F)F)(F)F)(F)F)(F)F,74.0,175.0,
6849,[*]c1c(c(cc(c1)N=Nc1ccc(cc1)OC)[*])O,134.0,,
4397,[*]Oc1ccc(cc1)CC(NC(=O)CCc1ccc(cc1)OC(=O)CCCCCCC(=O)[*])C(=O)OCCCC,37.0,,
3450,[*]Oc1cc(ccc1)NC(=O)c1cc(ccc1)C(=O)Nc1cc(ccc1)OCCOCC[*],128.5,170.0,
5532,[*]c1cc2c(C(=O)N(C2=O)c2ccc(cc2)C2(CCC(CC2)CC)c2ccc(cc2)NC(=O)[*])cc1,312.0,,
10056,[*]CC1CC1COC(=O)NCCCCCCNC(=O)O[*],,,6.2321
5024,[*]Nc1cc(cc(c1)C(=O)Nc1c2C(=O)c3c(C(=O)c2ccc1)cccc3)NC(=O)Nc1ccc(cc1)Cc1ccc(cc1)NC(=O)[*],178.0,,
3685,[*]Oc1ccc(cc1)C(c1ccc(cc1)Oc1ccc(cc1)C(=O)c1cc(ccc1)C(=O)c1ccc(cc1)[*])(C(F)(F)F)C(F)(F)F,175.0,,
5549,[*]N1C(=O)c2c(C1=O)cc(cc2)C(=O)NCCN(CC[*])c1ccc(cc1)C=Cc1ccc(cc1)[N+](=O)[O-],142.0,,
7876,[*]OC(=O)CSCCSCC(=O)[*],,83.0,
1427,[*]S(=O)(=O)c1ccc(cc1)NC(=O)CCCCC(=O)Nc1ccc(cc1)[*],194.0,202.0,
10926,[*]c1cc(CCCCCCCCCC2COC(c3ccccc3)O2)c([*])s1,,,3.048
407,[*]C(C[*])(C(=O)OC)C#N,130.0,,
12038,[*]CC(C=C1)=CC=C1C(=O)C(=S)[*],,,2.9385
9255,[*]CC(F)(F)C(F)=C([*])Cl,,,4.8591
9786,[*]CCCCOC(=O)C(OC)C(OC)C(=O)O[*],,,6.1422
8580,[*]Oc1ccc(cc1)OC(=O)Oc1ccc(cc1)c1ccc(cc1)OC(=O)[*],,302.0,
11028,[*]CCCCCCCCCCOC(=O)CC(C)C(=O)O[*],,,6.5777
9347,[*]CC(=O)NCCCCCCNC(=O)CO[*],,,6.0674
9326,[*]CCCCCCCCCCCCCCOCO[*],,,6.6169
4954,[*]OC(=O)Nc1ccc(cc1)Cc1ccc(cc1)NC(=O)OCCN(CC[*])c1cc(c(cc1)N=Nc1ccc(cc1)[N+](=O)[O-])C,115.0,,
2370,[*]C(C[*])(CC(=O)OCCCCCCCCC)C(=O)OCCCCCCCCC,-13.0,,
1450,[*]NC(=O)c1ccc(cc1)C(=O)NCCCCCCCC[*],123.0,325.0,
11591,[*]c1ccc(C(=O)Oc2ccc3ccc(OC(=O)c4ccc(N5C(=O)CC(SCCOCCSC6CC(=O)N([*])C6=O)C5=O)cc4)cc3c2)cc1,,,3.5935
2550,[*]C(C[*])(C(=O)OCCN(c1ccc(cc1)N(C)C)C)C,41.0,,
4933,[*]NNC(=O)c1c(cccc1)C(=O)NCCCCCCNC(=O)c1c(cccc1)C(=O)[*],224.5,,
6197,[*]N1C(=O)c2c(C1=O)cc(cc2)Oc1cc2c(C(=O)N(C2=O)c2ccc(cc2)c2cc(c(cc2)Oc2cc3c(C(CC3(c3ccc(cc3)Oc3c(cc(cc3)c3ccc(cc3)[*])C(F)(F)F)C)(C)C)cc2)C(F)(F)F)cc1,249.0,,
7925,[*]OC(=O)NCCSCCCCCCSCCNC(=O)OCC[*],,128.25,
4096,[*]Sc1ccc(cc1)C(=O)c1ccc(cc1)C(c1ccc(cc1)C(=O)c1ccc(cc1)[*])(C)C,175.0,,
4177,[*]c1sc(c(c1)CCCCCCCC)c1ccc(cc1)c1sc(cc1CCCCCCCC)c1ccc(cc1)c1ccc(cc1)[*],0.6,,
3242,[*]Oc1ccc(cc1)C(=Nc1ccc(cc1)N=C(c1ccc(cc1)Oc1ccc(cc1)C(c1ccc(cc1)[*])(C)C)c1ccccc1)c1ccccc1,161.0,,
8362,[*]Oc1c(cc(cc1)C=C1C(=O)C(=Cc2cc(c(cc2)OCCCCC[*])OC)CC(C1)C)OC,,85.0,
3001,[*]Oc1ccc(cc1)C(c1ccc(cc1)Oc1ccc(cc1)C(=O)c1c(c(c(c(c1c1ccccc1)c1cc2c(cc1)cccc2)c1cc2c(cc1)cccc2)c1ccccc1)C(=O)c1ccc(cc1)[*])(C)C,264.0,,
2056,[*]N=P([*])(OCCOCCOC)OCCOCCOC,-81.07,,
9932,[*]C(=O)CCN(C)CCN(C)CCC(=O)N1CCN([*])CC1,,,4.9845
3104,[*]C1OC(OC1COC(=O)OC[*])(OCC)OCC,10.8,,
1060,[*]Oc1ccc(cc1)Sc1ccc(cc1)OC(=O)[*],110.0,226.25,
11659,[*]CC(O)C(O)COC(=O)O[*],,,6.9702
6248,[*]c1cc2c(C(=O)N(C2=O)c2c(cc(cc2C)Cc2cc(c(c(c2)C)N2C(=O)c3c(C2=O)cc(cc3)C(=O)OCCN(CCOC(=O)[*])c2ccc(cc2)N=Nc2ccc(cc2)[N+](=O)[O-])C)C)cc1,179.0,,
7591,[*]NNC(=O)CCCCCCCCC(=O)NNC(=S)c1cc(ccc1)C(=S)[*],,294.0,
5638,[*]N1C(=O)C2C(C1=O)C(Cc1ccccc21)C1C(=O)N(C(=O)C1)c1cc(cc(c1)C(=O)OCCCCCC)[*],249.43,,
11650,[*]C=CC1CC([*])C2(Cl)OC(=O)OC12Cl,,,5.2615
1415,[*]NC(=O)c1ccc(cc1)C(=O)NCCCCCCC[*],138.25,339.25,
11905,[*]c1ccc(-c2ccc([*])c(Cl)c2)cc1Cl,,,3.6381
11784,[*]c1ccc2c(c1)c1cc([*])ccc1n2C(=O)OCC,,,3.932
11895,[*]CC(O)CN([*])c1cc(C)cc(C)c1,,,4.5575
6988,[*]C(C[*])(C(=O)OCCCCCCCCCCCC[NH+]1CC=C(C=C1)N(C)C)C,,115.0,
8899,[*]c1nc(cs1)c1ccc(cc1)c1nc(sc1)CCCCCCCC[*],,164.0,
12167,[*]NC(S1)=CC=C1C(S2)=CC=C2C(=O)[*],,,2.263
6519,[*]Nc1ccc(cc1)[*],91.75,211.78,
1590,[*]OC(=O)NCCCCCCNC(=O)OCC(CS(=O)(=O)CC(C[*])(C)C)(C)C,30.0,,
7030,[*]C(C[*])C1CC=CCC1,,415.0,
952,[*]Oc1ccc(cc1)Sc1ccc(cc1)OCC(CN(S(=O)(=O)c1cc(ccc1)S(=O)(=O)N(CC(C[*])O)C)C)O,90.0,,
11809,[*]C=Cc1ccc(C=Cc2nc3cc4nc([*])[nH]c4cc3[nH]2)cc1,,,1.9717
2607,[*]C(C[*])C(=O)Nc1ccc(cc1)Cl,76.0,,
3301,[*]Oc1ccc(cc1)SC(=O)Oc1ccc(cc1)C(c1ccc(cc1)OC(=O)Sc1ccc(cc1)[*])(C)C,145.0,,
1048,[*]SSSCCCCCCCCCC[*],-70.0,30.0,
2250,[*]C(=C([*])Cl)CCCCCCCC,90.0,,
12155,[*]C(=O)C(C=C1)=CC=C1C(=O)C(=S)[*],,,2.994
1214,[*]Oc1ccc(cc1)c1ccc(cc1)OC(=O)c1cc(ccc1)C(=O)[*],185.5,315.0,
11957,[*]c1cc([*])c(O)c(C=Nc2ccc(S(=O)(=O)O)cc2)c1,,,3.1232
9807,[*]CCCCCCCCC(=O)N[*],,,6.101
12069,[*]CC(=O)C(S1)=CC=C1C(=S)[*],,,2.6865
4114,[*]c1sc(cc1)c1sc(c(c1)CCCCCCCC)c1sc(cc1)c1sc(cc1)c1sc(cc1CCCCCCCC)c1sc(cc1)[Si]([*])(CCCC)CCCC,-1.0,,
3833,[*]Oc1c(cc(cc1)Oc1ccc(cc1)C(=O)c1cc(ccc1)C(=O)c1ccc(cc1)[*])S(=O)(=O)O,195.0,,
1708,[*]c1cc2c(C(=O)N(C2=O)c2ccc(cc2)N2C(=O)c3c(C2=O)cc(cc3)C(=O)[*])cc1,328.57,,
4122,[*]OC(=O)CCSCCC(=O)OCC[*],-47.0,,
3501,[*]Oc1ccc(cc1)CC(NC(=O)CCc1ccc(cc1)OC(=O)COCCOCC(=O)[*])C(=O)OCCOCCOCC,18.0,,
3929,[*]OP(=O)(OCCCCCCCCCCOc1c(cc(cc1)C=C1C(=O)C(=Cc2cc(c(cc2)OCCCCCCCCCC[*])OC)CC1)OC)OCC,47.0,,
2319,[*]C1C(CC(C1)C=C[*])C#N,140.0,,
9920,[*]CC1CCC(CNC(=O)CCCCCCCCC(=O)N[*])CC1,,,5.7331
4426,[*]OC(=O)c1cc2c(cc1)cc(cc2)C(=O)OCCCCCCCC[*],53.0,141.0,
10352,[*]CC([*])OC(=O)C(Cl)(Cl)Cl,,,5.7645
8177,[*]OC(CCC(OC(=O)Nc1ccc(cc1)Cc1ccc(cc1)NC(=O)[*])C)C,,163.5,
10264,[*]Oc1cccc2c(OC(=O)Oc3ccc(OC([*])=O)cc3C)cccc12,,,4.1043
6828,[*]c1c(c(cc(c1)C(C)(C)C)C[*])O,50.0,,
4215,[*]c1ccc2n(c3c(c2c1)cc(cc3)c1sc(cc1CCCCCC)c1c2c(nsn2)c(cc1)c1sc(c(c1)CCCCCC)[*])C(CCCCCCCC)CCCCCCCC,81.0,,
3385,[*]Oc1ccc(cc1)NC(=O)c1c(ccc(c1)c1cc(c(cc1)C(=O)O)C(=O)Nc1ccc(cc1)[*])C(=O)O,184.4,,
3035,[*]OC(=O)c1ccc(cc1)c1ccc(cc1)c1ccc(cc1)C(=O)OCCOCCOCCOCC[*],20.0,,
5949,[*]N1C(=O)C2CCC3C(C2C1=O)C(=O)N(C3=O)c1ccc(cc1)Oc1ccc(cc1)[*],342.0,,
425,[*]C(C[*])C(=O)N1CCOCC1,133.0,,
12063,[*]CCNC(C=C1)=CC=C1[*],,,4.1674
10566,[*]c1ccc2nc([*])oc2c1,,,3.8571
2068,[*]N=P([*])(C)C,-46.0,142.5,
11089,[*]Oc1ccc(C(=O)OCCCOC(=O)c2ccc(OC(=O)c3ccc(C([*])=O)cc3)cc2)cc1,,,4.0079
10646,[*]Oc1ccc(Oc2ccc(NC(=C(C#N)C#N)c3ccc(-c4ccc(-c5ccc(C(Nc6ccc([*])cc6)=C(C#N)C#N)cc5)cc4)cc3)cc2)cc1,,,3.2228
4920,[*]N(c1ccc(cc1)C(=O)[*])CCCCCCCC,30.0,,
4077,[*]Oc1cc(ccc1)Oc1c(c(ccc1)Oc1cc(ccc1)Oc1ccc(cc1)c1ccc(cc1)[*])C(=O)c1c(cccc1)S(=O)(=O)O[Na],230.0,,
10418,[*]CC([*])n1nnc2ccccc21,,,4.0479
8339,[*]Oc1c(cc(c(c1)OC(=O)c1ccc(cc1)OCCCC)OC(=O)CCCCCCCCCCCCCCC(=O)[*])OC(=O)c1ccc(cc1)OCCCC,,130.0,
8180,[*]OC(CCOC(=O)CCC(=O)[*])C,,-13.66666667,
7863,[*]OC(=O)CCc1ccc(cc1)CCC(=O)[*],,91.0,
11109,[*]Cc1ccc(-c2ccc(CSC(=O)CCC(=O)S[*])cc2)cc1,,,4.7843
4867,[*]NC(=O)c1c(cc(cc1)C(=O)NCCCCCC[*])Oc1ccc(cc1)c1ccccc1,112.0,228.0,
12391,[*]C=CC1CC([*])C(C#N)(C[Si](C)(C)C)C1,,,5.6706
5564,[*]N1C(=O)c2c(C1=O)cc(cc2)Sc1cc2c(C(=O)N(C2=O)c2c(cc(c(c2C)[*])C)C)cc1,378.0,,
7331,[*]NC(=O)C(=O)NCCCNC(=O)CCCCC(=O)NCCC[*],,303.0,
8131,[*]OC(=O)c1ccc(cc1)NC(=O)CCCCCCCCCCC(=O)Nc1ccc(cc1)C(=O)OCCCCCCCCCCCC[*],,167.0,
4926,[*]Nc1cc(cc(c1)c1oc(nn1)c1ncccc1)NC(=O)CCCCC(=O)[*],159.0,373.0,
10751,[*]CCCCOc1ccc(OC(=O)c2ccc(C(=O)Oc3ccc(O[*])cc3)c(C(=O)OCC=C)c2)cc1,,,3.1899
11750,[*]NS(=O)Nc1cccc([*])n1,,,4.5634
9474,[*]CCOCCOC(=O)CCCCSCCCCC(=O)O[*],,,5.2898
535,[*]C(C[*])(C(=O)OCC#C)C,58.0,,
11086,[*]OC(CCCCC)CC([*])=O,,,6.5462
6664,[*]N(CC(C[*])O)c1cc(c(c(c1)C)N=Nc1ccc(cc1)Cl)C,150.0,,
10547,[*]OC1OC([*])C2CCCCC12,,,6.0383
12216,[*]NC(=S)C(=C1)SC(=C1)C(=S)[*],,,2.1587
6488,[*]Oc1ccc(cc1)C(c1ccc(cc1)OC(=O)OCCCCOC(=O)[*])(C)C,56.5,,
8112,[*]OC(=O)c1ccc(cc1)CCc1ccc(cc1)C(=O)OCC[*],,266.0,
8826,[*]c1c(cc(cc1)CC[*])C(=O)OC,,205.0,
849,[*]Oc1ccc(cc1)NC(=O)c1c(cc(c(c1)C(=O)Nc1ccc(cc1)[*])C(=O)O)C(=O)O,207.4,,
9568,[*]CCCOC(=O)CCCCSCCCCC(=O)O[*],,,5.3966
7710,[*]OC(=O)CC(=O)OCCCCCCCCCC[*],,31.5,
2049,[*]N=P([*])(OCC(F)(F)F)OCC(F)(F)F,-66.57,240.5625,
315,[*]C(C[*])CNc1c(cc(cc1)[N+](=O)[O-])[N+](=O)[O-],160.0,,
12264,[*]C(F)(F)C(F)(F)CN[*],,,6.8454
6955,[*]C(=C[*])CO,,400.0,
6082,[*]N1C(=O)c2c(C1=O)cc(cc2)Oc1c(cc(cc1C)Cc1cc(c(c(c1)C)Oc1cc2c(C(=O)N(C2=O)c2ccc(cc2)Oc2ccc(cc2)[*])cc1)C)C,266.0,,
11469,[*]CCCCCCn1c(=O)c2cc3c(=O)n([*])c(=O)c3cc2c1=O,,,3.8389
8306,[*]OCOCCCCCC[*],,35.0,
3737,[*]OC(C[*])CO,-27.0,,
196,[*]C(C[*])OCCCC,-50.0,,
8430,[*]Oc1cc(ccc1)C(=O)OCCOC(=O)c1cc(ccc1)OCC[*],,141.0,
4399,[*]Oc1ccc(cc1)CC(NC(=O)CCc1ccc(cc1)OC(=O)CCCCCCC(=O)[*])C(=O)OCCCCCCCC,21.33,,
12226,[*]NC(=S)NC(C=C1)=CC=C1NC(=S)NC(C=C2)=CC=C2OC(C=C3)=CC=C3[*],,,3.4978
4236,[*]Oc1ccc(cc1)C1(c2ccccc2c2ccccc12)c1ccc(cc1)OC(=O)CCC(=O)[*],234.0,,
11470,[*]c1ccc(Oc2cccc(-n3c(=O)c4cc5c(=O)n([*])c(=O)c5cc4c3=O)c2)cc1,,,2.5637
9692,[*]CCCCCCCCCCCCCCCCCCCCOC(=O)CCCCCCC(=O)O[*],,,6.7452
11546,[*]c1ccc(Oc2ccc(-n3c(=O)c4c(Oc5ccc(OC)cc5)c5c(=O)n([*])c(=O)c5c(Oc5ccc(OC)cc5)c4c3=O)cc2)cc1,,,1.9559
6386,[*]C1C(=O)OC(=O)C1C(C[*])OCCCC,118.0,,
1803,[*]c1cc2c(C(=O)N(C2=O)c2ccc(cc2)Oc2ccc(cc2)C(c2ccc(cc2)Oc2ccc(cc2)N2C(=O)c3c(C2=O)cc(cc3)C([*])(C(F)(F)F)C(F)(F)F)(C(F)(F)F)C(F)(F)F)cc1,259.43,,
9194,[*]CC([*])(C)C(=O)OCCCCCC,,,6.4509
2659,[*]C(C[*])(C(=O)OCCCCCCCCCCn1c2ccc(cc2c2ccccc12)C=C(c1ccc(cc1)[N+](=O)[O-])C#N)C,40.0,,
5434,[*]c1cc2c(C(=O)N(C2=O)c2ccc(cc2)c2sc(c(c2c2ccccc2)c2ccccc2)c2ccc(cc2)N2C(=O)c3c(C2=O)cc(cc3)C(=O)Nc2cc(ccc2)Oc2ccc(cc2)NC(=O)[*])cc1,315.0,,
10000,[*]NC1CC1NC(=O)C1CC1C([*])=O,,,5.9042
9648,[*]OC(C)CC([*])=O,,,6.4371
2388,[*]C(C[*])C(=O)OCCCCCCOc1ccc(cc1)C(=O)Oc1ccc(cc1)OC,24.75,,
9607,[*]Oc1cccc(OC(=O)c2cccc(C([*])=O)c2)c1,,,4.1279
9375,[*]CCC(=O)OC(=O)CCc1ccc([*])o1,,,4.5192
1123,[*]OC(=O)CCCCC[*],-57.39,59.50935938,
3526,[*]Oc1c(cc(cc1)OCCCC(=O)NNC(=O)c1ccc(cc1)C(=O)NNC(=O)CCC[*])C,125.5,,
7923,[*]OC(=O)NCCNC(=O)OCCOCC[*],,157.0,
10531,[*]c1ccc(Oc2ccc(-c3cc(-c4ccccc4)c4cc5c(-c6ccccc6)cc([*])nc5cc4n3)cc2)cc1,,,2.8308
11443,[*]C(=O)Nc1ccc(Oc2ccc(NC(=O)c3ccc4c(c3)C(=O)N(c3ccc(Oc5ccc(N6C(=O)c7ccc([*])cc7C6=O)cc5)cc3)C4=O)cc2)cc1,,,2.699
2129,[*]C1C(C2CC(C1C2)[*])CCCC,235.0,,
7224,[*]N(c1ccc(cc1)Cc1ccc(cc1)N(C(=O)c1ccc(cc1)C(=O)[*])CCC)CCC,,154.0,
9199,[*]CC([*])(C)C(=O)OCC(F)(F)F,,,6.5436
1331,[*]NC(=O)CCCCC(=O)NCCCCCCCCCC[*],45.0,234.125,
9143,[*]CC([*])OCCCCCCCCCCCC,,,5.4919
8059,[*]OC(=O)c1ccc(cc1)C(=O)NCCCCNC(=O)c1ccc(cc1)C(=O)OCCCCCCCCCC[*],,261.0,
2439,[*]C(C[*])(C(=O)OCCCCCCN(c1ccc(cc1)N=Nc1ccc(cc1)S(=O)(=O)C)C)C,100.0,,
4578,[*]OC(=O)CCCCC(=O)OCC(C[*])CCCCCCOc1ccc(cc1)N=Nc1ccc(cc1)Br,24.0,,
11706,[*]CCCCc1nnc([*])n1N,,,5.3914
3566,[*]c1nc(nc(c1c1ccc(cc1)OCCCC)OCCOC(=O)CCCC(=O)OCCO[*])c1ccc(cc1)OCCCC,37.0,,
6398,[*]C1C(=O)OC(=O)C1C1C2CC(C(C1[*])C2)C(=O)OC1CCCCC1,195.0,,
2594,[*]C(C[*])(C(=O)OCCCCCC(=O)Oc1ccc(cc1)OC(=O)c1ccc(cc1)OC)C,40.0,,
4023,[*]Oc1c(cc(cc1)NC(=O)Nc1c(ccc(c1)NC(=O)Nc1cc(c(cc1)[*])c1ccc(cc1)Oc1ccccc1)C)c1ccc(cc1)Oc1ccccc1,279.0,,
8818,[*]c1[se]c(cc1CCCCCC)[*],,207.0,
6261,[*]N1C(=O)c2c(C1=O)c(ccc2)c1cc2c(C(=O)N(C2=O)c2cc(ccc2)[*])cc1,341.0,,
5749,[*]N1C(=O)c2c(C1=O)cc(cc2)Oc1ccc(cc1)C(c1ccc(cc1)Oc1cc2c(C(=O)N(C2=O)c2ccc(cc2)Oc2c(cc(cc2)Oc2ccc(cc2)[*])C(C)(C)C)cc1)(c1ccccc1)c1ccccc1,229.0,,
6688,[*][Si](C[*])(c1ccccc1)C,28.0,,
7784,[*]OC(=O)CCCCCCC(=O)OCCCCC[*],,43.75,
1881,[*]Oc1ccc(cc1)C(c1ccc(cc1)OC(=S)[*])CCC,129.0,,
4404,[*]c1nc2c(cc1)cccc2OC(=O)c1ccc(cc1)C(=O)Oc1c(c2c(cc1)cccc2)C=C[*],175.0,280.0,
1554,[*]OC(=O)Nc1c(ccc(c1)NC(=O)OCCCCC[*])C,52.0,,
7778,[*]OC(=O)CCCCCC(=O)OCCCCCCCCCCCCCCCCCCCC[*],,83.0,
6235,[*]N1C(=O)c2c(C1=O)cc(cc2)Oc1cc2c(C(=O)N(C2=O)c2cc(c(cc2)Oc2c(cc(cc2)[*])Br)Br)cc1,251.0,,
3466,[*]Oc1ccc(cc1)NC(=O)c1cc(cc(c1)NC(=O)c1ccc(cc1)OC(=O)C)C(=O)Nc1ccc(cc1)Oc1ccc(cc1)c1ccc(cc1)[*],252.0,,
11656,[*]Oc1ccc(C(C)(CCC#N)c2ccc(OC([*])=O)c(C)c2)cc1C,,,4.6661
1989,[*]O[Si](O[Si](O[Si]([*])(c1c(c(c(c(c1F)F)F)F)F)C)(C)C)(C)C,-83.0,,
9522,[*]OC(=O)CCSCCC([*])=O,,,4.6003
5053,[*]N1C(=O)c2c(C1=O)cc(cc2)C(=O)Oc1ccc(cc1)c1ccc(cc1)OC(=O)CCCCCC[*],107.0,323.0,
2374,[*]C(C(C(C[*])OCC(C)C)C(=O)OC)C(=O)OC,44.5,,
7229,[*]N1C(=O)C(CC1=O)Oc1ccc(cc1)C=Nc1ccc(cc1)Oc1ccc(cc1)c1ccc(cc1)Oc1ccc(cc1)N=Cc1ccc(cc1)OC1C(=O)N(C(=O)C1)c1ccc(cc1)CCc1ccc(cc1)[*],,175.0,
2359,[*]C(C[*])COCC1OC(=O)OC1,-30.0,,
3176,[*]Oc1ccc(cc1)S(=O)(=O)c1ccc(cc1)Oc1ccc(cc1)C=Cc1ccc(cc1)[*],214.0,,
7369,[*]NC(=O)C1(C(C1)C(=O)NCCCCCC[*])C,,115.0,
1085,[*]OC(=O)CCCCCCC(=O)OCCCCCCCCCC[*],-22.0,74.3,
4124,[*]c1sc(cc1)c1ccc(cc1)C=Nc1cc(ccc1)N=Cc1ccc(cc1)[*],150.0,,
2868,[*]c1oc2c(n1)cc(cc2)c1cc2c(oc(n2)c2ccc(cc2)[*])cc1,430.0,,
4819,[*]NNC(=O)c1c(cc(cc1)C(=O)[*])OCCCCCCCC,203.5,,
2289,[*]C(=C([*])c1ccccc1)c1cc(ccc1)[Si](C)(C)C,200.0,,
1960,[*]c1nc(nc(n1)NCCCCCCN[*])c1ccccc1,95.0,,
6774,[*]O[Si](O[Si](O[Si](O[Si](CC[Si](O[Si](O[Si](CC[Si]([*])(c1ccccc1)c1ccccc1)(C)C)(C)C)(C)C)(c1ccccc1)c1ccccc1)(c1ccccc1)c1ccccc1)(c1ccccc1)c1ccccc1)(c1ccccc1)c1ccccc1,4.5,,
712,[*]Oc1c(cc(cc1C)[*])c1ccccc1,171.67,,
10970,[*]c1cc(CC(=O)OCCCCCCOc2ccc(N=Nc3ccc(C#N)cc3)cc2)c([*])s1,,,2.6018
215,[*]C(C[*])Cc1c(cccc1)C,80.0,290.0,
8664,[*]S(=O)(=O)c1c(ccc(c1)c1cc(c(cc1)OCCCCCCCCCCS(=O)(=O)O)[*])OCCCCCCCCCCS(=O)(=O)O,,108.2,
10787,[*]CC(C)(CO[*])COCCC#N,,,5.387
3673,[*]c1sc(c(c1c1ccccc1)c1ccccc1)c1ccc(cc1)CC(=O)Nc1ccc(cc1)Oc1ccc(cc1)NC(=O)Cc1ccc(cc1)[*],226.0,,
3402,[*]OP(=O)(N=Nc1ccc(cc1)c1ccc(cc1)N=NP(=O)(OCc1ccc(cc1)C[*])OC)OC,48.0,,
1271,[*]Oc1ccc(cc1)OC(=O)c1ccc(cc1)C(c1ccc(cc1)C(=O)[*])(C)C,195.0,378.0,
367,[*]C(C[*])(C(=O)OCCCCCC)C,-7.25,,
3237,[*]Oc1ccc(cc1)S(=O)(=O)c1ccc(cc1)Oc1ccc(cc1)C12CC3(CC(CC(C1)C3)C2)c1ccc(cc1)[*],242.0,,
5710,[*]N1C(=S)N(C(=O)CC1=O)c1ccc(cc1)Oc1ccc(cc1)c1ccc(cc1)Oc1ccc(cc1)[*],158.5,,
7835,[*]OC(=O)CCCCCNC(=O)c1ccc(cc1)C(=O)NCCCCCC(=O)OCCCCCC[*],,177.0,
9331,[*]CCCCCCCCCCOCCCCCCCCCCOCCCCCO[*],,,5.9245
8503,[*]Oc1ccc(cc1)C(=O)OCCOC(=O)CCCC[*],,55.0,
7450,[*]NC(=O)CCCCCCCCCCC(=O)NCCc1ccc(cc1)CC[*],,280.0,
9723,[*]CCCCCc1ccc(CCCCCOC(=O)c2ccc(C(=O)O[*])cc2)cc1,,,3.7742
9604,[*]OC1CCC(OC(=O)CCCCC([*])=O)CC1,,,6.706
6888,[*]C(C[*])(C(=O)OCCC(C(C(C(C(C(C(C(C(C(F)(F)F)(F)F)(F)F)(F)F)(F)F)(F)F)(F)F)(F)F)(F)F)(F)F)F,53.0,156.85,
4689,[*]Nc1ccc(cc1)Cc1ccc(cc1)NC(=O)c1cc(cc(c1)N1C(=O)C2C(C1=O)CC=CC2)C(=O)[*],286.0,,
5813,[*]c1cc2c(C(=O)N(C2=O)c2c(cc(cc2)C(=O)Nc2ccc(cc2)C(c2ccc(cc2)NC(=O)c2cc(c(cc2)N2C(=O)c3c(C2=O)cc(cc3)C([*])(C(F)(F)F)C(F)(F)F)C)(C(F)(F)F)C(F)(F)F)C)cc1,344.0,,
12148,[*]C(=O)C(S1)=CC=C1OC(=S)[*],,,3.5676
2686,[*]C(C[*])(C(=O)NC1C(OC(C(C1O)O)CO)O)C,100.0,,
8538,[*]Oc1ccc(cc1)C=C1C(=O)C(=Cc2ccc(cc2)OCCCCC[*])CC(C1)C(C)(C)C,,170.0,
12188,[*]NC(C=C1)=CC=C1C(=O)C(=S)[*],,,2.378
6531,[*]N(CC[*])C(=O)CC12CC3CC(CC(C1)C3)C2,139.0,316.0,
7501,[*]NC(=O)NCCCCCCCCCCNC(=O)NCCCCCCCCCCCCCCCCCC[*],,172.0,
548,[*]C([*])F,83.33,,6.7608
5508,[*]c1cc2c(C(=O)N(C2=O)c2ccc(cc2)NC(=O)C(C(C(C(C(=O)Nc2ccc(cc2)N2C(=O)c3c(C2=O)cc(cc3)C([*])(C(F)(F)F)C(F)(F)F)(F)F)(F)F)(F)F)(F)F)cc1,285.0,,
2877,[*]Oc1ccc(cc1)C(c1ccc(cc1)OC[*])(C(F)(F)F)C(F)(F)F,123.0,,
10587,[*]OC1CC(C)CC([*])O1,,,6.2631
11441,[*]c1ccc(C(=O)Nc2cccc(-n3c(=O)c4cc5c(=O)n([*])c(=O)c5cc4c3=O)c2)cc1,,,2.445
11371,[*]NC(CCC([*])=O)C(=O)O,,,5.9301
5955,[*]c1cc2c(C(=O)N(C2=O)c2cc(c(cc2)Oc2c(cccc2)Oc2c(cc(cc2)N2C(=O)c3c(C2=O)cc(cc3)C(=O)[*])C(F)(F)F)C(F)(F)F)cc1,236.0,,
8660,[*]S(=O)(=O)NCCNS(=O)(=O)c1c2c(ccc1)c(ccc2)[*],,390.0,
3356,[*]Oc1cc(c(cc1)C(=O)O)C(=O)Nc1ccc(cc1)NC(=O)c1c(ccc(c1)[*])C(=O)O,166.3,,
1298,[*]C1(c2c(NC1=O)cccc2)c1ccc(cc1)OC(=O)c1cc(ccc1)C(=O)Oc1ccc(cc1)[*],256.0,320.0,
4975,[*]OC(=O)Nc1ccc(cc1)Cc1ccc(cc1)NC(=O)OCCN(CC[*])c1ccc(cc1)N=Nc1ccc(cc1)[N+](=O)[O-],136.4,,
3360,[*]c1nc(nc(n1)Oc1ccc(cc1)C1(CCCCC1)c1ccc(cc1)O[*])OC,200.0,,
12117,[*]CNCN[*],,,5.1634
11956,[*]c1cc(C=Nc2cccc(C)c2)cc([*])c1O,,,3.5437
8058,[*]OC(=O)c1ccc(cc1)C(=O)NCCCCNC(=O)c1ccc(cc1)C(=O)OCCCCCCCCC[*],,259.0,
11595,[*]C=CC1CC([*])C2C(=O)N(c3cc(C(F)(F)F)cc(C(F)(F)F)c3)C(=O)C12,,,5.0009
978,[*]Oc1ccc(cc1)Oc1ccc(cc1)C(=O)Nc1ccc(cc1)Oc1ccc(cc1)S(=O)(=O)c1ccc(cc1)Oc1ccc(cc1)NC(=O)c1ccc(cc1)[*],220.0,,
8130,[*]OC(=O)c1ccc(cc1)NC(=O)CCCCCCCCCCC(=O)Nc1ccc(cc1)C(=O)OCCCCCCCCCC[*],,171.0,
8364,[*]Oc1c(cc(cc1)C=C1C(=O)C(=Cc2cc(c(cc2)OCCCCCC[*])OC)CC(C1)C)OC,,81.0,
1623,[*]c1cc2c(C(=O)N(C2=O)c2cc(ccc2)C(C(C(C(C(c2cc(ccc2)N2C(=O)c3c(C2=O)cc(cc3)C(C(C([*])(F)F)(F)F)(F)F)(F)F)(F)F)(F)F)(F)F)(F)F)cc1,104.5,,
10723,[*]C=Cc1ccc([*])c2occc12,,,1.6799
1807,[*]c1cc2c(C(=O)N(C2=O)c2ccc(cc2)C(c2ccc(cc2)N2C(=O)c3c(C2=O)cc(cc3)C([*])(C(F)(F)F)C(F)(F)F)(C(F)(F)F)C(F)(F)F)cc1,312.22,,
10504,[*]OC(=O)c1cccc(C(=O)OC2CC3CC([*])CC(C2)O3)c1,,,4.6897
2092,[*]c1ccc(cc1)c1c(cc(c(c1c1ccccc1)c1ccccc1)c1ccc(cc1)c1c(c(c(c(c1)c1ccccc1)c1ccc(cc1)CCCCCC[*])c1ccccc1)c1ccccc1)c1ccccc1,250.0,,
10277,[*]C(=O)c1ccc2nc(-c3ccccc3)c(-c3ccc(-c4nc5cc([*])ccc5nc4-c4ccccc4)cc3)nc2c1,,,3.2924
10558,[*]OC1CCCCCC1[*],,,5.6512
8394,[*]Oc1c(cc(cc1)OC(=O)c1ccc(cc1)C(=O)Oc1c(cc(cc1)OCCCCCCCCCC[*])Cl)Cl,,157.75,
9511,[*]C1(F)OC(C(F)(F)F)(C(F)(F)Cl)OC1([*])F,,,8.2297
6591,[*]N(c1ccc(cc1)c1cc2ccc3c(c2cc1c1ccc(cc1)[*])cccc3)c1ccc(cc1)C,126.0,,
3850,[*]OP(=O)(OCCCCCCCCCCOc1ccc(cc1)C=Cc1ccc(cc1)OCCCCCCCCCC[*])OCCCCCCCCCCOc1ccc(cc1)N=Nc1ccc(cc1)C#N,60.0,125.0,
10242,[*]Oc1ccc(C(c2ccccc2)c2ccc(OC([*])=O)cc2C)c(C)c1,,,4.7259
9562,[*]CCCCCOC(=O)CCCCSCCCCC(=O)O[*],,,5.2896
4722,[*]Nc1cc(cc(c1)C(=O)Oc1c2c(ccc1)cccc2)NC(=O)c1ccc(cc1)C(=O)[*],192.0,,
2415,[*]C(C[*])(C(=O)OCC(C(F)(F)F)(F)F)C,77.0,,
8333,[*]OS(=O)(=O)c1cc(ccc1)S(=O)(=O)Oc1cc(ccc1)[*],,172.5,
2776,[*]c1nc(nc(n1)Oc1ccc(cc1)C(c1ccc(cc1)O[*])(C)C)Cl,80.0,,
6276,[*]N1C(=O)c2c(C1=O)cc(cc2)C(c1cc2c(C(=O)N(C2=O)CCCCCCCCCC[*])cc1)(C(F)(F)F)C(F)(F)F,119.0,,
12141,[*]C(=O)C(S1)=CC=C1C(C=C2)=CC=C2C(=S)[*],,,2.3241
11725,[*]CCCCCCCc1nc2ccc(-c3ccc4nc([*])[nH]c4c3)cc2[nH]1,,,4.2077
8218,[*]OC1CCC(CC1)OC(=O)NCCNC(=O)[*],,245.0,
4906,[*]c1ccc2c(nc([nH]2)c2cc(cc(c2)N2C(=O)c3c(C2=O)cccc3)c2nc3c([nH]2)ccc(c3)C(=O)Nc2ccc(cc2)S(=O)(=O)c2ccc(cc2)NC(=O)[*])c1,325.0,,
9554,[*]c1ccc(Sc2ccc(-c3nc4ccc(-c5ccc6nc([*])c(-c7ccccc7)nc6c5)cc4nc3-c3ccccc3)cc2)cc1,,,3.3214
4566,[*]OC(=O)NC1CC(CC(C1)(CNC(=O)OCC[*])C)(C)C,84.0,,
4352,[*]OC(=O)C/C=C/CC(=O)OCCCCCCCCCCCCCCCC[*],-22.0,,
11389,[*]C(=O)Nc1ccc(S(=O)(=O)c2ccc(NC(=O)c3ccc4[nH]c(-c5cccc(-c6nc7cc([*])ccc7[nH]6)c5)nc4c3)cc2)cc1,,,3.6016
10280,[*]c1ccc(-c2nc3cc4nc([*])c(-c5ccccc5)nc4cc3nc2-c2ccccc2)cc1,,,2.6364
1564,[*]OC(=O)NCc1ccc(cc1)CNC(=O)OCCCCCCCCCCCCCCCC[*],47.0,168.0,
8767,[*]Sc1ccc(cc1)c1ccc(cc1)SC(=O)CCCCCCCCC(=O)[*],,225.5,
87,[*]C(C[*])c1ccc(cc1)c1ccccc1,161.0,,
497,[*]C(C[*])(C(=O)Oc1ccc(cc1)C(C)(C)C)C,88.57,,
7651,[*]Nc1ccc(cc1)NC(=O)CCCCCCCCCCC(=O)[*],,323.0,
4453,[*]Oc1ccc(cc1)CC(NC(=O)CCc1ccc(cc1)OC(=O)CCCC(=O)[*])C(=O)OCc1ccccc1,66.0,,
11967,[*]CC([*])(F)C(=O)OCC(F)(F)C(F)(F)C(F)(F)C(F)(F)C(F)(F)C(F)F,,,6.4283
7823,[*]OC(=O)CCCCCCCCCCC[*],,88.925,
2053,[*]N=P([*])(Oc1cc(ccc1)C(F)(F)F)Oc1cc(ccc1)C(F)(F)F,-35.0,330.0,
3280,[*]Oc1ccc(cc1)S(=O)(=O)c1ccc(cc1)c1ccc(cc1)[*],265.5,,
9995,[*]CCCCCCCCCCNC(=O)CCP(C)(=O)CCC(=O)N[*],,,5.8056
12265,[*]C(F)(F)C(F)(F)CO[*],,,8.1009
2477,[*]C(C[*])(C(=O)Oc1ccc(cc1)C(=O)Oc1ccccc1)C,99.0,,
7709,[*]OC(=O)CC(=O)OCCCCCC[*],,-45.0,
871,[*]OC(=O)c1ccc(cc1)c1ccc(cc1)C(=O)OCCCOCCC[*],16.25,101.0,
11924,[*]C(Cl)=C(c1ccccc1)c1ccc([*])cc1,,,2.8757
1328,[*]NC1CCC(CC1)CC1CCC(CC1)NC(=O)CCCCC(=O)[*],173.33,368.3333333,
1957,[*]c1nc(nc(n1)C(C(C(C(C(C([*])(F)F)(F)F)(F)F)(F)F)(F)F)(F)F)C(C(C(F)(F)F)(F)F)(F)F,-11.0,,
5267,[*]OC(=O)NC(=O)c1cc(ccc1)C(=O)NC(=O)OCC(C[*])CCCCCCCCCCCC,112.0,,
5254,[*]c1cc2c(C(=O)N(C2=O)c2c(cccc2)C(=O)c2ccc(cc2)N2C(=O)c3c(C2=O)cc(cc3)C(=O)[*])cc1,286.0,,
10884,[*]c1sc([*])c(OCCOCCCC)c1C,,,1.6261
1562,[*]OC(=O)NCc1ccc(cc1)CNC(=O)OCCCCCCCCCC[*],49.0,184.0,
581,[*]OC(C[*])C,-58.58,68.96346154,
4472,[*]Oc1ccc(cc1)CC(NC(=O)Cc1ccc(cc1)OC(=O)CCCCC(=O)[*])C(=O)OCCCCCC,36.0,,
11438,[*]NC(=O)NCCCCCCNC(=O)Nc1cccc([*])n1,,,4.99
12127,[*]CNOC(C=C1)=CC=C1[*],,,4.831
6467,[*]OC(=O)OCC(C[*])OCCCCCCOc1ccc(cc1)C=Cc1ccc(cc1)[N+](=O)[O-],32.0,,
3726,[*]c1sc(nn1)c1ccc(cc1)OCCCCCCCCCCCOC(=O)CCCCCCCCC(=O)OCCCCCCCCCCCOc1ccc(cc1)[*],52.0,122.0,
6171,[*]N1C(=O)C(CC1=O)Nc1cc(ccc1)NC1C(=O)N(C(=O)C1)c1ccc(cc1)C(=O)Oc1c(cc(cc1C)C(c1cc(c(c(c1)C)OC(=O)c1ccc(cc1)[*])C)c1cnccc1)C,194.0,,
6615,[*]N(CC[*])C(=O)Cc1ccc(cc1)C(F)(F)F,75.0,,
8080,[*]OC(=O)c1ccc(cc1)C(=O)NCCNC(=O)c1ccc(cc1)C(=O)OCCCCCCCCCCCC[*],,264.0,
2571,[*]C(C[*])(C(=O)OCC(=O)c1ccccc1)C,92.5,,
5760,[*]N1C(=O)c2c(C1=O)cc(cc2)Oc1ccc(cc1)[*],282.29,517.0,
8263,[*]OCCCC(=O)NCc1ccc(cc1)CNC(=O)CCCCC[*],,190.0,
7512,[*]NC(=O)NCc1ccc(cc1)CNC(=O)NCCCCCCCCCCCC[*],,258.0,
356,[*]C(C[*])C(=O)OCC(C(OC(C(F)(F)F)(F)F)(F)F)(F)F,-49.0,,
3762,[*]Oc1ccc(cc1)NC(=O)c1cc(cc(c1)NC(=O)CCCN1C(=O)c2c(C1=O)cccc2)C(=O)Nc1ccc(cc1)[*],225.0,,
314,[*]C(C[*])CNc1cc(c(cc1)[N+](=O)[O-])C(F)(F)F,153.0,,
2745,[*]C(C(C(C[*])OC(=O)C)C(=O)OCCCC)C(=O)OCCCC,-12.0,,
2978,[*]Oc1ccc(cc1)Oc1ccc(cc1)Oc1ccc(cc1)C(c1ccc(cc1)[*])(C)C,122.0,,
10318,[*]c1ccc(C2C(c3ccccn3)C([*])C2c2ccccn2)cc1,,,4.1962
530,[*]C(C[*])C(=O)NCCCCCC(=O)O,68.0,,
905,[*]c1nc2c(n1c1ccc(cc1)n1c(nc3c1cccc3)c1ccc(cc1)Oc1ccc(cc1)C(=O)c1ccc(cc1)C(=O)c1ccc(cc1)Oc1ccc(cc1)[*])cccc2,238.0,,
1397,[*]NC(=O)CCCCCCCC(=O)NCC(CCC[*])(C)C,63.0,,
6367,[*]c1cc2c(C(=O)N(C2=O)c2c(c(cc(c2)C(F)(F)F)N2C(=O)c3c(C2=O)cc(cc3)C(=O)Nc2ccc(cc2)Oc2c(c3c(cc2)cccc3)c2c3c(ccc2Oc2ccc(cc2)NC(=O)[*])cccc3)Oc2ccc(cc2)C(F)(F)F)cc1,324.0,,
2780,[*]C1CC2CC(CC(C1)O2)OC(=O)NC1CCC(CC1)CC1CCC(CC1)NC(=O)O[*],225.0,,
4591,[*]OC(COC(=O)c1c(cccc1)c1c(cccc1)C(=O)[*])COc1ccc(cc1)N=Nc1ccc(cc1)C#N,120.0,,
8512,[*]Oc1ccc(cc1)C(=O)c1ccc(cc1)NC(=O)CCCCCCCCC(=O)Nc1ccc(cc1)C(=O)c1ccc(cc1)[*],,334.0,
10111,[*]CCCCCCOC(=O)NCCCCCCCCCCNC(=O)O[*],,,6.321
1805,[*]c1cc2c(C(=O)N(C2=O)c2ccc(cc2)N2C(=O)c3c(C2=O)cc(cc3)C([*])(C(F)(F)F)C(F)(F)F)cc1,348.86,,
3769,[*]Oc1ccc(cc1)c1ccc(cc1)OCCCCCCCCCCCOC(=O)c1cc(cc(c1)OCCCCCCCCCCOc1ccc(cc1)N=Nc1ccc(cc1)OC)C(=O)OCCCCCCCCCCC[*],53.0,101.0,
19,[*]C(C[*])C1CCCCC1,117.68,338.6166667,
6067,[*]N1C(=O)c2c(C1=O)c(ccc2)Oc1c(cc(cc1C)Cc1cc(c(c(c1)C)Oc1c2c(C(=O)N(C2=O)c2ccc(cc2)Oc2ccc(cc2)c2ccc(cc2)Oc2ccc(cc2)[*])ccc1)C)C,259.0,,
9911,[*]Cc1ccc(C(=O)N[*])cc1,,,5.0419
8679,[*]SC(=O)C(=O)SCc1ccc(cc1)c1ccc(cc1)C[*],,277.5,
6118,[*]N1C(=O)c2c(C1=O)cc(cc2)Oc1cc2c(C(=O)N(C2=O)c2ccc(cc2)Oc2ccc(cc2)C(=O)c2nc(ccc2)C(=O)c2ccc(cc2)Oc2ccc(cc2)[*])cc1,208.6,,
6183,[*]c1nc2c([nH]1)ccc(c2)N1C(=O)c2c(C1=O)cc(cc2)c1cc2c(C(=O)N(C2=O)c2ccc(cc2)[*])cc1,425.0,,
3624,[*]Oc1ccc(cc1)Oc1ccc(cc1)NC(=C(C#N)C#N)c1cc(ccc1)C(=C(C#N)C#N)Nc1ccc(cc1)[*],228.0,,
2786,[*]C1(c2c(Oc3c1cccc3)cccc2)c1ccc(cc1)OC(=O)c1ccc(cc1)C(=O)Oc1ccc(cc1)[*],252.0,,
9643,[*]CC1CCC(COC(=O)CCCCC(=O)O[*])CC1,,,6.7775
9760,[*]OC(C)CCCC(C)C([*])=O,,,6.6886
933,[*]N1C(=O)c2c(C1=O)cc(cc2)Oc1cc2c(cc1Oc1cc3c(C(=O)N(C3=O)c3ccc(cc3)Oc3ccc(cc3)Oc3ccc(cc3)[*])cc1)cccc2,224.5,,
12049,[*]CCC(S1)=CC=C1C(=S)[*],,,2.6244
5535,[*]c1cc2c(C(=O)N(C2=O)c2ccc(cc2)Cc2ccc(cc2)N2C(=O)c3c(C2=O)cc(cc3)C(CCCCC([*])(C)C)(C)C)cc1,169.9,,
1032,[*]c1ccc2C3(OC(=O)c4ccccc34)c3c(Oc2c1)cc(cc3)OC(=O)c1cc(ccc1)C(=O)O[*],276.0,335.0,
8421,[*]Oc1cc(ccc1)C(=O)NNC(=O)c1cc(ccc1)C(=O)NNC(=O)C[*],,121.0,
266,[*]C(C[*])OC(=O)C(C(C(C(F)(F)F)(F)F)(F)F)(F)F,17.5,,
515,[*]C(C[*])C(=O)OCCN(c1ccc(cc1)N=Nc1ccc(cc1)[N+](=O)[O-])CC,103.56,,
6517,[*]c1[nH]c(cc1)[*],132.55,270.0,
61,[*]C(C[*])c1c(cccc1)C(=O)OC(C)C,146.0,,
5118,[*]c1cc2c(C(=O)N(C2=O)c2cc(ccc2)Oc2ccc(cc2)N2C(=O)c3c(C2=O)cc(cc3)C(=O)Nc2ccc(cc2)Oc2ccc(cc2)C2(c3c(C(=O)N2)cccc3)c2ccc(cc2)Oc2ccc(cc2)NC(=O)[*])cc1,272.0,,
12204,[*]NC(=O)C(=S)C(S1)=CC=C1[*],,,1.8546
9903,[*]CCCCCCCCCCCCCCCCCCNC(=O)CCCCCCCCCCC(=O)N[*],,,5.6172
4683,[*]NC(=O)CC(c1ccc(cc1)CCC(=O)NCCCCCC[*])C,77.0,227.0,
7255,[*]N1C(CN(C(C1)C)C(=O)OCC(COC(=O)[*])(C)C)C,,230.0,
7360,[*]NC(=O)C(C(=O)NCCCCCCCCCC[*])CCCCCCCCCCCC,,123.0,
9096,[*]C=CCCCCC[*],,,5.8026
11125,[*]C(=O)c1cccc(C(=O)c2ccc3c(c2)C(=Nc2cccc(N=C4OC(=O)c5cc([*])ccc54)c2)OC3=O)c1,,,2.869
4346,[*]Oc1ccc(cc1)C(c1ccc(cc1)OC(=O)c1c(cccc1)c1c(cccc1)C(=O)[*])(c1ccccc1)C,172.0,,
5902,[*]c1cc2c(C(=O)N(C2=O)c2ccc(cc2)Oc2c(cccc2)c2c(cccc2)Oc2ccc(cc2)N2C(=O)c3c(C2=O)cc(cc3)C(=O)Nc2ccc(cc2)Oc2c(cccc2)c2c(cccc2)Oc2ccc(cc2)NC(=O)[*])cc1,233.0,338.0,
4973,[*]OC(=O)NC(c1cc(ccc1)C(NC(=O)OCCN(CC[*])c1ccc(cc1)N=Nc1ccc(cc1)[N+](=O)[O-])(C)C)(C)C,103.0,,
4116,[*]c1sc(cc1)c1sc(cc1)c1sc(cc1)c1sc(cc1)[Si]([*])(CCCC)CCCC,1.0,,
3245,[*]Oc1ccc(cc1)N=C(c1ccc(cc1)Oc1ccc(cc1)c1ccc(cc1)Oc1ccc(cc1)C(=Nc1ccc(cc1)[*])c1ccccc1)c1ccccc1,174.0,,
4632,[*]OC(=O)C(C(=O)OCCC[Sn](CCC[*])(C)C)CCCCCCCCOc1ccc(cc1)c1ccc(cc1)OCc1ccc(cc1)C#N,4.5,,
1462,[*]Nc1ccc(cc1)Cc1ccc(cc1)NC(=O)CCCCCCCC(=O)[*],140.0,268.0,
2704,[*]C(C[*])(C(=O)OCCCCCCOc1ccc(cc1)C(=O)Oc1c2c(c(cc1)N=Nc1ccc(cc1)Br)cccc2)C,46.0,79.0,
11084,[*]OC(CCCCCCC=C)CC([*])=O,,,5.8983
3903,[*]C1COC2C1OCC2Oc1ccc(cc1)NC(=O)c1cc(ccc1)C(=O)Nc1ccc(cc1)O[*],108.33,253.5,
5896,[*]c1cc2c(C(=O)N(C2=O)c2c(ccc(c2)N2C(=O)c3c(C2=O)cc(cc3)C(=O)Nc2ccc(cc2)Oc2ccc(cc2)c2ccc(cc2)Oc2ccc(cc2)NC(=O)[*])C)cc1,299.0,,
8473,[*]Oc1ccc(cc1)C(=O)CNC(=O)CCCCCCCCC(=O)NCC(=O)c1ccc(cc1)[*],,189.0,
8619,[*]Oc1ccc(cc1)SSCCCCSSc1ccc(cc1)[*],,94.0,
4275,[*]C1(c2c(C(=O)O1)cccc2)c1ccc(cc1)C(=O)NNC(=O)c1ccc(cc1)C(=O)NNC(=O)c1ccc(cc1)[*],237.0,,
915,[*]N1C(=O)c2c(C1=O)cc(cc2)Oc1c2c(ccc1)c(ccc2)Oc1cc2c(C(=O)N(C2=O)c2cc(ccc2)[*])cc1,260.0,,
2683,[*]C(C[*])(C(=O)OCC1N(CC(C1)NC(=O)OC(C)(C)C)C(=O)OC(C)(C)C)C,127.0,,
12392,[*]OC([2H])([2H])C([*])([2H])[2H],,,5.8501
11351,[*]CCCCNC(=O)CCCCCCCCCCCCCCC(=O)N[*],,,6.0415
8367,[*]Oc1c(cc(cc1)C=C1C(=O)C(=Cc2cc(c(cc2)OCCCCCCCC[*])OC)CC(C1)C)OC,,100.0,
5012,[*]Nc1c(cccc1)CCc1ccc(cc1)NC(=O)[*],197.0,,
7513,[*]NC(=O)c1c(c(c(c(c1F)F)C(=O)NCCCCCC[*])F)F,,336.0,
962,[*]Oc1c(cc(cc1)Oc1ccc(cc1)NC(=O)c1ccc(cc1)Oc1c(cc(cc1)Oc1ccc(cc1)C(=O)Nc1ccc(cc1)[*])C)C,218.5,,
2861,[*]c1ccc2c3n(c4ccc(cc4n3)c3cc4n5c(nc4cc3)c3cccc4c(ccc(c5=O)c34)Oc3ccc(cc3)C(c3ccc(cc3)O[*])(C)C)c(=O)c3cccc1c23,380.0,,
5703,[*]C1C(=O)N(C(=O)C1[*])CCCCCCOc1ccc(cc1)c1ccc(cc1)C#N,76.0,,
4629,[*]OC(=O)CCCCCCC(=O)OCC(=O)NCCCCCCNC(=O)C[*],8.0,110.0,
8254,[*]OCCCC(=O)NCCCCCCNC(=O)CCCCCCCCCC[*],,159.0,
540,[*]C(C[*])F,16.63,205.6840909,
4977,[*]OC(=O)NC1CC(CC(C1)(CNC(=O)OCCN(CC[*])c1ccc(cc1)N=Nc1ccc(cc1)C#N)C)(C)C,136.0,,
8524,[*]Oc1ccc(cc1)C(c1ccc(cc1)OC(=O)c1cc(ccc1)C(=O)[*])c1c(cccc1)C(=O)O,,350.0,
10360,[*]C=C([*])c1ccc(N)cc1,,,0.2588
5962,[*]c1cc2c(C(=O)N(C2=O)c2cc(ccc2)P(=O)(c2cc(ccc2)N2C(=O)c3c(C2=O)cc(cc3)C(=O)Nc2ccc(cc2)S(=O)(=O)c2ccc(cc2)NC(=O)[*])c2ccccc2)cc1,241.0,,
12267,[*]C(F)(F)C(F)(F)C(=O)C(C=C1)=CC=C1[*],,,4.443
4439,[*]OC(=O)CCCCCCCCC(=O)OCC#CC(=Cc1ccc(cc1)C#Cc1ccccc1)C#CC[*],60.0,,
12272,[*]C(F)(F)C(F)(F)NC(=O)[*],,,5.8517
7779,[*]OC(=O)CCCCCC(=O)OCc1ccc(cc1)C[*],,66.0,
1323,[*]NC(=O)CCCCCCCCCCC[*],42.59,189.9583497,
8963,[*]c1oc(nn1)c1oc(nn1)c1nc(cnc1)[*],,350.0,
4801,[*]N(C(=O)C(C(C(C(=O)N(CCCCCC[*])CC(C(C(C(C(C(C(F)(F)F)(F)F)(F)F)(F)F)(F)F)(F)F)(F)F)(F)F)(F)F)(F)F)CC(C(C(C(C(C(C(F)(F)F)(F)F)(F)F)(F)F)(F)F)(F)F)(F)F,187.5,,
9456,[*]CCOCCOCCOC(=O)C(=O)O[*],,,4.4209
1074,[*]c1sc(cc1)CC[*],22.33,162.6666667,
11590,[*]c1ccc(Oc2ccc(C(=O)c3ccc(Oc4ccc(-n5c(=O)c6cc7c(=O)n([*])c(=O)c7cc6c5=O)cc4)cc3)cc2)cc1,,,2.395
3627,[*]O[Si](COC(=O)CCCCCCCCC(=O)Oc1ccc(cc1)S(=O)(=O)c1ccc(cc1)Oc1ccc(cc1)C=C1C(=O)C(=Cc2ccc(cc2)Oc2ccc(cc2)S(=O)(=O)c2ccc(cc2)OC(=O)CCCCCCCCC(=O)OC[Si]([*])(C)C)CC1)(C)C,73.0,,
8459,[*]Oc1ccc(cc1)C(=Cc1ccc(cc1)OCCCCCCC[*])C,,93.0,
2227,[*]C(C[*])c1cc(cc(c1)C(F)(F)F)C(F)(F)F,116.0,,
5019,[*]Nc1cc(cc(c1)C(=O)Nc1ccc2C(=O)c3c(C(=O)c2c1)cccc3)NC(=O)Nc1ccc(cc1)Cc1ccc(cc1)NC(=O)[*],168.0,,
10278,[*]c1ccc(-c2cnc3ccc(S(=O)(=O)c4ccc5ncc([*])nc5c4)cc3n2)cc1,,,3.2952
10664,[*]CCOCCOC(=O)CCSCCC(=O)O[*],,,5.4283
10035,[*]CCOC(=O)NCCCCCCNC(=O)O[*],,,6.1814
9274,[*]C1C=CC([*])C1,,,5.7164
5519,[*]N1C(=O)N(C(=O)C1=O)CCCCCC[*],55.0,95.5,
4235,[*]Oc1ccc(cc1)C(c1ccc(cc1)OC(=O)c1ccc(cc1)C(=O)[*])(c1ccccc1)c1ccccc1,210.0,,
9018,[*]c1sc(cc1CCCCCCCCCCCCCCCCCCCCCC)[*],,75.0,
4362,[*]Oc1cc2c(C(CC32CC(c2ccc(cc32)OC(=O)c2cc(ccc2)C(=O)[*])(C)C)(C)C)cc1,245.0,,
11534,[*]C(=O)Nc1ccc(C2(c3ccc(N4C(=O)c5ccc([*])cc5C4=O)cc3)CC(C)CC(C)(C)C2)cc1,,,2.7929
2365,[*]C(C[*])(C(=O)OCCO[Si](C)(C)C)C,89.0,,
9776,[*]OC1CCC(OC(=O)CCCCCCCCC([*])=O)CC1,,,6.4612
10292,[*]c1ccc(-c2cnc3cc(-c4ccc5nc([*])cnc5c4)ccc3n2)cc1,,,3.2178
5068,[*]N1C(=O)c2c(C1=O)cc(cc2)S(=O)(=O)c1cc2c(C(=O)N(C2=O)c2ccc(cc2)Oc2c(cc(c(c2)C(C)(C)C)Oc2ccc(cc2)[*])C(C)(C)C)cc1,263.0,,
926,[*]N1C(=O)c2c(C1=O)cc(cc2)Oc1cc2c(cc1)ccc(c2)Oc1cc2c(C(=O)N(C2=O)c2cc(ccc2)Oc2ccc(cc2)[*])cc1,221.0,,
7108,[*]C1C2C(C(O1)O[*])CCCC2,,145.5,
4475,[*]Oc1ccc(cc1)CC(NC(=O)Cc1ccc(cc1)OC(=O)CC(CCC(=O)[*])C)C(=O)OCCCCCC,38.0,,
9129,[*]CC(CC([*])(C#N)C(=O)OC)c1ccccc1,,,5.5884
8796,[*][Si](c1ccc(cc1)[*])(CCCC)OCC,,66.0,
5774,[*]c1oc(nn1)c1ccc(cc1)Oc1ccc(cc1)NC(=O)CN1C(=O)c2c(C1=O)cc(cc2)C(c1cc2c(C(=O)N(C2=O)CC(=O)Nc2ccc(cc2)Oc2ccc(cc2)[*])cc1)(C(F)(F)F)C(F)(F)F,263.0,,
2172,[*]C(C[*])c1cc(c(cc1)OC(=O)C)OC,115.0,,
10791,[*]OC(=O)OCC(O)C(O)COC(=O)OC1COC2C([*])COC12,,,6.3954
2812,[*]C1OCC(CO1)OC(=O)CCCCCCC[*],6.5,135.0,
3658,[*]Oc1ccc(cc1)C(=Cc1c(cc(c(c1)OC)C=C(c1ccc(cc1)[*])c1ccc(cc1)C(F)(F)F)OC)c1ccc(cc1)C(F)(F)F,194.0,,
4132,[*]OC(=O)CCSCc1ccc(cc1)Cc1ccc(cc1)CSCCC(=O)OCCSCc1ccc(cc1)Cc1ccc(cc1)CSCC[*],-4.6,,
7553,[*]NC(CC(=O)[*])C(=O)OCCCCCCCCCCCCCCCCCC,,330.0,
5942,[*]c1cc2c(C(=O)N(C2=O)c2cc(c(cc2)c2c(cc(cc2)N2C(=O)c3c(C2=O)cc(cc3)C(=O)Oc2c(cc(cc2C)C(c2cc(c(c(c2)C)OC(=O)[*])C)(C)C)C)C)C)cc1,182.0,,
7967,[*]OC(=O)Nc1ccc(cc1)C(c1ccc(cc1)NC(=O)OCC[*])(C)C,,210.0,
2981,[*]Oc1ccc(cc1)S(=O)(=O)c1ccc(cc1)Oc1c(cc(cc1)C(c1cc(c(cc1)[*])C)(C)C)C,178.67,,
2818,[*]c1cc(nc2c1cccc2)c1cc(ccc1)c1nc2c(c(c1)c1ccc(cc1)Oc1ccc(cc1)[*])cccc2,268.0,,
3712,[*]Oc1cc(ccc1)N(c1ccc(cc1)c1ccc(cc1)N(c1cc(ccc1)OC(=O)OCCOCCOC(=O)[*])c1ccccc1)c1ccccc1,113.0,,
387,[*]C(C[*])(C(=O)OCc1c(cccc1)Cl)C,54.1,,
9533,[*]CCCCCCOC(=O)NCCSCCSCCNC(=O)O[*],,,5.3918
4577,[*]OC(=O)CCCCC(=O)OCC(C[*])CCCCCCOc1ccc(cc1)N=Nc1ccc(cc1)Cl,9.0,,
1547,[*]OC(=O)NCCCCCCNC(=O)OCC(C(C(C[*])(F)F)(F)F)(F)F,16.0,111.5,
2320,[*]C1C(CC(C1)C=C[*])(CC)C#N,134.0,,
3895,[*]C1(OC(C(O1)(F)C(F)(F)F)(F)C(F)(F)F)C([*])(F)F,165.0,,
669,[*]OC(=O)C(C(=O)OCCOCC[*])CCC,-38.0,,
5609,[*]c1cc2c(C(=O)N(C2=O)c2ccc(cc2)Oc2ccc(cc2)N2C(=O)c3c(C2=O)cc(cc3)C(=O)Oc2c(cc(cc2)OC(=O)[*])c2ccccc2)cc1,212.0,,
6910,[*]/C=C/C(C[*])C,,93.78571429,
1540,[*]OC(=O)NCCCCCCNC(=O)OCCCCCCCCCCCC[*],36.0,139.0,
12147,[*]C(=O)C(S1)=CC=C1OC(S2)=CC=C2[*],,,3.475
2972,[*]Oc1ccc(cc1)S(=O)(=O)c1ccc(cc1)Oc1ccc(cc1)C(c1ccc(cc1)Oc1ccc(cc1)C(=O)c1ccc(cc1)[*])(C)C,175.0,,
11987,[*]C(C=C1)=CC=C1C(S2)=CC=C2C(C=C3)=CC=C3C(S4)=CC=C4[*],,,2.8274
3077,[*]c1nc2c(nc1c1ccccc1)cc(cc2)c1cc2c(nc(c(n2)c2ccccc2)c2ccc(cc2)OCCCCOc2ccc(cc2)[*])cc1,219.0,,
10983,[*]c1cc(-c2ccc(F)cc2)c([*])s1,,,2.6765
4001,[*]C1COC2C1OCC2OC(=O)C=CC(=O)O[*],52.0,,
7222,[*]N(c1ccc(cc1)Cc1ccc(cc1)N(C(=O)c1ccc(cc1)C(=O)[*])C)C,,263.0,
8318,[*]OP(=O)(OCCCCCCCCCCOc1ccc(cc1)C=Cc1ccc(cc1)OCCCCCCCCCC[*])Oc1ccc(cc1)c1ccccc1,,138.0,
167,[*]C(C[*])c1ccc(cc1)C(=O)C,115.5,,
11204,[*]NC(Cc1c[nH]cn1)C([*])=O,,,5.0757
7544,[*]NC(C(C(=O)[*])(C)C)c1ccccc1,,360.0,
4265,[*]Oc1c(cc(cc1)C(c1cc(c(cc1)OC(=O)CCCCC(=O)[*])C)(C)C)C,33.5,,
3873,[*]Oc1ccc(cc1)N=Cc1ccc(cc1)Oc1ccc(cc1)C(c1ccc(cc1)Oc1ccc(cc1)C=Nc1ccc(cc1)Oc1ccc(cc1)c1ccc(cc1)[*])(C(F)(F)F)C(F)(F)F,128.0,260.0,
4166,[*]c1sc(cc1CC(=O)OCCN(c1ccc(cc1)N=Nc1ccc(cc1)[N+](=O)[O-])CC)[*],102.0,,
6737,[*]O[Si]([*])(CCCOCCOCCOC)CCCOCCOCCOC,-63.4,,
10016,[*]CCCCNC(=O)CCCCCCC(=O)NCCCCNC(=O)C(=O)N[*],,,4.7855
7113,[*]C1CC(CC1)CC[*],,148.0,
7151,[*]N(C(=O)[*])CC,,250.0,
9896,[*]CCCCCCCCCCCNC(=O)CCCCCCCCC(=O)N[*],,,5.9682
896,[*]c1sc(cc1)Oc1ccc(cc1)C(c1ccc(cc1)Oc1ccc(cc1)S(=O)(=O)[*])(C)C,160.93,,
71,[*]C(C[*])c1cc(ccc1)C,74.83,198.5,
11055,[*]Cc1ccc(COC(=O)CC(=O)O[*])cc1,,,5.5783
12303,[*]C(=O)C(C=C1)=CC=C1C(S2)=CC=C2C(S3)=CC=C3[*],,,2.7359
5659,[*]c1cc2c(C(=O)N(C2=O)c2ccc(cc2)Oc2c(cc(cc2C)Cc2cc(c(c(c2)C)Oc2ccc(cc2)N2C(=O)c3c(C2=O)cc(cc3)C([*])(C(F)(F)F)C(F)(F)F)C)C)cc1,286.33,,
8038,[*]OC(=O)c1ccc(cc1)C(=O)NCCCCCCNC(=O)c1ccc(cc1)C(=O)OCCCCC[*],,255.0,
2436,[*]C(C[*])(C(=O)OCCOc1ccc(cc1)c1ccc(cc1)c1ccc(cc1)C#N)C,115.0,,
9012,[*]c1sc(cc1CCCCCCCCC)c1sc(cc1CCCC(C(C(C(C(C(F)(F)F)(F)F)(F)F)(F)F)(F)F)(F)F)[*],,160.5,
11447,[*]C(=O)c1ccc2c(c1)C(=O)N(c1cccc(Nc3nc(Nc4cccc(N5C(=O)c6ccc([*])cc6C5=O)c4)nc(N(C)C)n3)c1)C2=O,,,2.5033
3816,[*]C1COC2C1OCC2OC(=O)OCCCCCCOC(=O)O[*],25.67,,
3330,[*]Oc1ccc(cc1)C(=O)c1cc(ccc1)NC(=O)c1cc(ccc1)C(=O)Nc1cc(ccc1)C(=O)c1ccc(cc1)[*],191.0,,
2065,[*]N=P([*])(Oc1c(cc(cc1)Cl)Cl)Oc1c(cc(cc1)Cl)Cl,2.0,210.0,
10120,[*]CCCCCCNC(=O)NCCCCCNC(=O)N[*],,,5.9068
8060,[*]OC(=O)c1ccc(cc1)C(=O)NCCCCNC(=O)c1ccc(cc1)C(=O)OCCCCCCCCCCC[*],,248.0,
1548,[*]OC(=O)NCC(C(C(C(CNC(=O)OCC(C(C(C[*])(F)F)(F)F)(F)F)(F)F)(F)F)(F)F)(F)F,25.0,156.0,
10480,[*]CC(Cl)C(Cl)C([*])Cl,,,7.1649
12098,[*]CC(=S)CO[*],,,3.0342
10886,[*]c1cc(OCCOCCCC)c([*])s1,,,2.819
9452,[*]CCOCCOCCOC(=O)CCCCC(=O)O[*],,,6.384
7176,[*]N(C(=O)CCN(CCN(CCC(=O)N(CC[*])C(C)C)C)C)C(C)C,,102.0,
10349,[*]CCC(c1ccccc1)C([*])c1ccccc1,,,5.4001
7973,[*]OC(=O)Nc1ccc(cc1)Cc1ccc(cc1)NC(=O)OCCOCCOCC#CC#CCOCCOCC[*],,130.0,
6515,[*]c1nc2cc3c(cc2c(c1)c1ccccc1)c(cc(n3)c1ccc(cc1)c1ccc(cc1)[*])c1ccccc1,392.0,513.0,
5035,[*]N1C(=O)c2c(C1=O)cc(cc2)Oc1cc2c(C(=O)N(C2=O)CCCCCCCCC[*])cc1,89.0,,
2536,[*]C([*])C(=O)OC1CCCCC1,140.0,,
8299,[*]OCCOCCCNC(=O)CCCCCCCC(=O)NCCC[*],,128.5,
5635,[*]N1C(=O)C2C(C1=O)C(Cc1ccccc21)C1C(=O)N(C(=O)C1)c1cc(cc(c1)C(=O)OCCC)[*],249.43,,
629,[*]OCCCNC(=O)CCCCC(=O)NCCC[*],34.0,200.0,
1476,[*]Nc1ccc(cc1)CC(NC(=O)CCCCCCCCC(=O)[*])(C)C,92.0,205.0,
5934,[*]N1C(=O)C(CC1=O)SCCOCCSC1C(=O)N(C(=O)C1)c1ccc(cc1)C(=O)Oc1ccc(cc1)OC(=O)c1ccc(cc1)[*],166.0,,
4299,[*]Oc1ccc(cc1)C(c1ccc(cc1)OC(=O)c1c(cccc1)c1c(cccc1)C(=O)[*])(C)C,154.5,,
9514,[*]CCCCCCOc1ccc(C(=O)N(C(=O)c2ccc(O[*])cc2)c2ccccc2)cc1,,,3.9898
3020,[*]c1oc(nn1)c1ncc(cc1)c1oc(nn1)c1ccc(cc1)[Si](c1ccc(cc1)[*])(c1ccccc1)c1ccccc1,256.0,417.0,
9149,[*]CC([*])SCC,,,4.9086
326,[*]C(C[*])C(=O)OC,10.78,,
9417,[*]CC(O[*])C1CC(F)(F)C1(F)F,,,6.5249
11508,[*]C(=O)c1ccc2c(c1)C(=O)N(c1cc(C(=O)O)cc(N3C(=O)c4ccc([*])cc4C3=O)c1)C2=O,,,3.4931
1229,[*]OC(=O)C1CCC(CC1)C(=O)OCC(C[*])(C)C,30.0,,
9841,[*]Nc1ccc(NC(=O)c2ccc(C([*])=O)cc2)cc1,,,3.2673
2185,[*]C(C(CC[*])c1ccccc1)c1ccccc1,101.65,,
7749,[*]OC(=O)CCCC(=O)OCCOCCOCC[*],,-27.83333333,
4087,[*]SCC(C[*])(CC)CC,-36.25,69.85,
5963,[*]c1cc2c(C(=O)N(C2=O)c2cc(ccc2)P(=O)(c2cc(ccc2)N2C(=O)c3c(C2=O)cc(cc3)C(=O)Nc2ccc(cc2)NC(=O)[*])c2ccccc2)cc1,204.0,,
8574,[*]Oc1ccc(cc1)NC(=O)c1ccc(cc1)C(=O)Nc1ccc(cc1)OCCOCC[*],,416.0,
1194,[*]OC(=O)c1cc(ccc1)C(=O)OCCC[*],36.0,110.25,
927,[*]N1C(=O)c2c(C1=O)cc(cc2)Oc1c2c(ccc1)c(ccc2)Oc1cc2c(C(=O)N(C2=O)c2ccc(cc2)C(c2ccc(cc2)[*])(C)C)cc1,265.0,,
8949,[*]c1oc(nn1)CCCCc1oc(nn1)CCCCCCC[*],,350.0,
1898,[*]Oc1cc(c(c(c1)Br)C(c1c(cc(cc1Br)OC(=O)[*])Br)(C)C)Br,267.0,,
1727,[*]N1C(=O)c2c(C1=O)c(ccc2)Oc1ccc(cc1)C(=O)c1ccc(cc1)ON1C(=O)c2c(C1=O)c(ccc2)c1ccc(cc1)Oc1ccc(cc1)[*],252.0,,
714,[*]Oc1c(cc(cc1c1ccccc1)[*])c1ccc(cc1)C(C)(C)C,240.0,,
3957,[*]Oc1ccc(cc1)Sc1ccc(cc1)Oc1c(cc(cc1)c1ccc(cc1)c1cc(c(cc1)[*])C(F)(F)F)C(F)(F)F,164.5,,
1045,[*]SSCCCCC[*],-72.0,44.0,
6844,[*]c1ccc(cc1)C(=Cc1c(cc(c(c1)OC)C=C([*])c1ccc(cc1)F)OC)c1ccc(cc1)F,193.0,,
10087,[*]CCOC(=O)NC1CCC(NC(=O)O[*])CC1,,,6.3209
8293,[*]OCCCCCNC(=O)CCCCCCOCCCCCCC(=O)NCCCCC[*],,127.5,
6677,[*]N(CC[*])C(=O)C(CCCC)CC,33.0,,
4806,[*]Nc1cc(cc(c1)C(=O)OCCCN(c1ccc(cc1)N=Nc1ccc(cc1)S(=O)(=O)C)C)NC(=O)c1cc(cc(c1)OCCCS(=O)(=O)c1ccc(cc1)N=Nc1ccc(cc1)N(C)C)C(=O)[*],166.0,,
9232,[*]CC([*])(C#N)C(=O)OCC,,,6.5171
7799,[*]OC(=O)CCCCCCCC(=O)OCCCCCCCCC[*],,65.0,
1888,[*]Oc1ccc(cc1)C(c1ccc(cc1)OC(=S)[*])c1c2c(ccc1)cccc2,191.0,,
5587,[*]c1cc2c(C(=O)N(C2=O)c2ccc(cc2)Oc2ccc(cc2)S(=O)(=O)c2ccc(cc2)Oc2ccc(cc2)N2C(=O)c3c(C2=O)cc(cc3)C(=O)c2cc(cc(c2)c2ccccc2)C(=O)[*])cc1,256.5,,
4904,[*]c1ccc2c(nc([nH]2)c2cc(cc(c2)N2C(=O)c3c(C2=O)cccc3)c2nc3c([nH]2)ccc(c3)C(=O)Nc2nc(ccc2)NC(=O)[*])c1,312.0,,
7321,[*]NC(=O)C(=O)NCCCCCNC(=O)CCCCC(=O)NCCCCC[*],,281.0,
8643,[*]S(=O)(=O)CCCC[*],,271.0,
651,[*]Oc1ccc(cc1)C(=O)OC(=O)c1ccc(cc1)OCCOCC[*],41.0,186.5,
9427,[*]Oc1ccc(C(=O)OCCCCOC(=O)c2ccc([*])cc2)cc1,,,4.5398
8974,[*]c1sc(cc1)CC(=O)NCCCCCCNC(=O)C[*],,230.0,
10888,[*]C=Cc1ccc([*])s1,,,2.7814
8321,[*]OP(=O)(OCCCCCCCCOc1ccc(cc1)C=Cc1ccc(cc1)OCCCCCCCC[*])Oc1ccc(cc1)c1ccccc1,,160.0,
1441,[*]NC(=O)CCCCC(=O)NCC[*],71.0,265.0,
10500,[*]OC(=O)Oc1ccc(OC(=O)OC2CC3CC([*])CC(C2)O3)cc1,,,5.6192
3135,[*]c1n(c(nn1)c1ccc(cc1)Oc1ccc(cc1)C(c1ccc(cc1)Oc1ccc(cc1)[*])(C)C)c1ccccc1,207.0,,
2768,[*]c1cc2C(c3c(c2cc1)ccc(c3)[*])(CCCCCC)CCCCCC,104.0,,
1171,[*]OC(=O)C1CCC(CC1)C(=O)OCC[*],25.0,64.0,
11758,[*]c1ccc(-c2ccc3nc([*])cc(-c4ccccc4)c3c2)cc1,,,2.9209
854,[*]OCC(C[*])C(C)(C)C,-4.0,77.0,
8806,[*][Si](c1ccc(cc1)[*])(OCC)c1ccccc1,,191.5,
9308,[*]CCCCCCCCCO[*],,,6.1351
3328,[*]Oc1ccc(cc1)C(=O)c1ccc(cc1)NC(=O)c1cc(ccc1)C(=O)Nc1ccc(cc1)C(=O)c1ccc(cc1)[*],204.2,352.0,
6813,[*]c1ccc(cc1)C(C([*])(C(=O)OCC(C)C)C#N)(C(=O)OCC(C)C)C#N,108.0,,
10400,[*]C=C([*])c1ccsc1,,,2.2157
3962,[*]Oc1ccc(cc1)S(=O)(=O)c1ccc(cc1)Oc1ccc(cc1)NC(=O)c1cc(cc(c1)C(C)(C)C)C(=O)Nc1ccc(cc1)[*],232.5,,
2503,[*]C(C[*])(C(=O)OCCCCCCCCCCOc1ccc(cc1)OC(=O)c1ccc(cc1)c1ccc(cc1)OC)C,57.0,,
7009,[*]C(C[*])C(=O)OCCCCCCCCCC,,-54.0,
7439,[*]NC(=O)CCCCCCCCCC(=O)NCCCC[*],,208.0,
5242,[*]N1C(=O)c2c(C1=O)c(c(c(c2c1ccccc1)c1ccccc1)c1ccc(cc1)Oc1ccc(cc1)c1c(c2c(C(=O)N(C2=O)c2cc(ccc2)Oc2cc(ccc2)Oc2cc(ccc2)[*])c(c1c1ccccc1)c1ccccc1)c1ccccc1)c1ccccc1,261.0,,
4183,[*]c1sc(cc1CCCCCCBr)c1sc(cc1)[*],51.0,119.0,
3513,[*]Oc1ccc(cc1)CC(NC(=O)Cc1ccc(cc1)OC(=O)COCCOCC(=O)[*])C(=O)OCCCCCCCC,23.0,,
12252,[*]C(F)(F)C(C=C1)=CC=C1C(F)(F)C(C=C2)=CC=C2[*],,,4.017
3185,[*]c1c([nH]c(n1)c1ccc(cc1)c1[nH]c(c(n1)c1ccc(cc1)Oc1ccc(cc1)C(=O)c1ccc(cc1)C(=O)c1ccc(cc1)Oc1ccc(cc1)[*])c1ccccc1)c1ccccc1,270.0,,
11178,[*]Oc1ccc(C2(c3ccc(OC(=O)c4cccc(C([*])=O)c4)cc3)CCC3CCCCC3C2)cc1,,,3.6386
5426,[*]c1cc2c(C(=O)N(C2=O)c2ccc(cc2)Oc2ccc(cc2)C(c2ccc(cc2)Oc2ccc(cc2)N2C(=O)c3c(C2=O)cc(cc3)C([*])(C(F)(F)F)C(F)(F)F)(C)C)cc1,244.4,,
11866,[*]c1ccc([*])n1CCC(=O)OC(C)C(=O)OCC,,,2.0885
9631,[*]OC(C)CCC(C)OC(=O)CCCCC([*])=O,,,6.4506
4301,[*]OC(CC(=O)[*])CCCCCCC=C,-50.0,35.0,
1338,[*]NC(=O)CCCCC(=O)NCCCP(=O)(CCC[*])c1ccccc1,55.0,,
1689,[*]N1C(=O)c2c(C1=O)cc(cc2)C(=O)c1cc2c(C(=O)N(C2=O)CCCCCCCC[*])cc1,113.0,,
2624,[*]C(C[*])C(=O)OCCOc1ccc(cc1)C(=O)Oc1ccc(cc1)OC(=O)c1ccc(cc1)OCCCCC,46.0,,
10479,[*]CCCC([*])Cl,,,6.9806
7647,[*]Nc1ccc(cc1)Cc1ccc(cc1)NC(=O)[*],,370.0,
284,[*]C(C[*])OC(=O)c1cc(ccc1)[N+](=O)[O-],93.0,,
2428,[*]C(C[*])(C(=O)OC1CC2C(CC1)CCCC2)C,145.0,,
9323,[*]CCCCCCOCO[*],,,6.7419
3898,[*]Oc1c(c2c(cc1)cccc2)Sc1c2c(ccc1OCC(=O)Nc1ccc(cc1)Cc1ccc(cc1)NC(=O)C[*])cccc2,241.0,,
1205,[*]OC(=O)c1cc2c(cc1)cc(cc2)C(=O)OCCCCCCCCCC[*],43.75,106.0,
2778,[*]C1CC2CC(CC(C1)O2)OC(=O)Oc1ccc(cc1)S(=O)(=O)c1ccc(cc1)OC(=O)O[*],184.0,,
2927,[*]OS(=O)(=O)c1ccc(cc1)Oc1ccc(cc1)S(=O)(=O)Oc1ccc(cc1)C(c1ccc(cc1)[*])(C)C,110.0,,
6167,[*]N1C(=O)C(CC1=O)Nc1ccc(cc1)Cc1ccc(cc1)NC1C(=O)N(C(=O)C1)c1ccc(cc1)Oc1c(cc(cc1C)C(c1cc(c(c(c1)C)Oc1ccc(cc1)[*])C)c1cnccc1)C,201.0,,
1528,[*]OC(=O)NCCCCCCCCCCNC(=O)OCC[*],60.8,,
8889,[*]c1nc(ccc1)C(=O)NCCCCCCCCNC(=O)[*],,192.0,
6342,[*]N1C(=O)C2C(C1=O)C(=CC(C2)C1C(=O)N(C(=O)C1)c1ccc(cc1)Oc1ccc(cc1)[*])C,278.0,,
2070,[*]N=P([*])(Oc1cc(ccc1)C)Oc1cc(ccc1)C,-25.0,348.0,
8142,[*]OC(C([*])(C)C)(C)C,,300.0,
8025,[*]OC(=O)c1cc(ccc1)c1cc(ccc1)C(=O)OCCCC[*],,64.0,
7616,[*]Nc1c(ccc(c1)c1cc(c(cc1)N)NC(=O)c1c(cc(c(c1)C(=O)[*])OS(=O)=O)OS(=O)=O)N,,155.0,
2335,[*]C(C(C(C[*])OC(=O)C)CCC(O)(C)C=C)(C)C,85.0,,
9211,[*]CC([*])(C#N)C(=O)OC,,,6.7385
11424,[*]CCN(CCOC(=O)Nc1ccc(C)c(NC(=O)O[*])c1)c1ccccc1,,,4.4335
8190,[*]OC(CCOC(=O)c1c(cccc1)C(=O)[*])C,,-8.0,
10714,[*]Oc1ccc(NC(=O)c2cccc(C(=O)Nc3ccc(Oc4ccc(C5(c6ccc([*])cc6)C6CC7CC(C6)CC5C7)cc4)cc3)c2)cc1,,,3.8847
9547,[*]OC(=O)c1ccc(SCCCCSc2ccc(C([*])=O)cc2)cc1,,,3.6584
8710,[*]SC(=O)c1c(cccc1)C(=O)SCc1ccc(cc1)Cc1ccc(cc1)C[*],,141.0,
9020,[*]c1sc(cc1CCOC(=O)c1ccc(cc1)C(=O)OCCc1cscc1)[*],,120.75,
7877,[*]OC(=O)CSCSCC(=O)OCC(C(C(C(C[*])(F)F)(F)F)(F)F)(F)F,,72.5,
10960,[*]c1cc(COCCOCCOC)c(-c2cc(CCCCCCCCCCCC)c([*])s2)s1,,,1.7176
4682,[*]NC1CCC(CC1)CC(NC(=O)CCCCC(=O)[*])(C)C,80.0,200.0,
4282,[*]Oc1ccc(cc1)OC(=O)c1c(cc(cc1)C(=O)[*])Sc1ccccc1,181.0,331.0,
1140,[*]OC(=O)c1ccc(cc1)C(=O)OCC(C(C[*])CCCCCCCCCCCCCCCC)CCCCCCCCCCCCCCCC,-27.0,14.0,
11769,[*]c1ccc(N([*])c2ccc(S(=O)(=O)O)cc2)cc1,,,3.3685
2596,[*]C(C[*])(C(=O)OCCCCCC(=O)Oc1ccc(cc1)OC(=O)c1ccc(cc1)OCCC)C,45.0,,
11327,[*]C(=S)N([*])CC=C,,,3.6057
10525,[*]OC1C(CO)OC([*])C(O)C1O,,,5.8509
4564,[*]OC(=O)C1=C(CCCC=C1C(=O)OCC[*])N1CCCC1,345.0,,
9190,[*]CC([*])C(=O)OCCCOC,,,5.8538
1136,[*]OC(=O)c1ccc(cc1)C(=O)OCC(C(C[*])CCC)CCC,19.67,,
4770,[*]Nc1ccc(cc1)NC(=O)c1c(ccc(c1)C(=O)c1cc(c(cc1)C(=O)O)C(=O)[*])C(=O)O,213.2,,
6716,[*]O[Si](C#C[Si](C#C[Si](C#C[Si](C#C[Si]([*])(C)C)(C)C)(C)C)(C)C)(C)C,-23.0,,
5768,[*]N1C(=O)c2c(C1=O)cc(cc2)C(c1cc2c(C(=O)N(C2=O)CC(=O)Nc2ccc(cc2)Oc2ccc(cc2)c2ccc(cc2)Oc2ccc(cc2)NC(=O)C[*])cc1)(C(F)(F)F)C(F)(F)F,245.0,,
6368,[*]N1C(=O)c2c(C1=O)cc(cc2)S(=O)(=O)c1cc2c(C(=O)N(C2=O)c2ccc(cc2)N(c2ccc(cc2)[*])c2ccccc2)cc1,306.0,,
1982,[*][Si](CCC[*])(C)C,-72.5,41.5,
8718,[*]SCCCCC(=O)NCCc1ccc(cc1)CCNC(=O)CCCC[*],,252.0,
12223,[*]NC(=S)OC(=S)[*],,,2.5906
7318,[*]NC(=O)C(=O)NCCCCCCNC(=O)CCCCCCC(=O)NCCCCCC[*],,260.0,
5034,[*]c1cc2c(C(=O)N(C2=O)c2ccc(cc2)c2nc(nc(n2)c2ccc(cc2)N2C(=O)c3c(C2=O)cc(cc3)C(=O)[*])c2ccccc2)cc1,355.0,,
6506,[*]c1nc2c([nH]1)ccc(c2)c1ccc2c(nc([nH]2)c2ccc(cc2)Nc2nc(nc(n2)Nc2ccc(cc2)[*])N(c2ccccc2)c2ccccc2)c1,329.0,,
4198,[*]c1sc(cc1C(C(=O)OC)C(=O)OC)[*],-20.1,,
7441,[*]NC(=O)CCCCCCCCCC(=O)NCCCCCCC[*],,197.0,
10519,[*]OC([*])C(Cl)Cl,,,6.5565
3422,[*]Oc1cc(ccc1)Oc1ccc(cc1)NC(=O)c1c(cc(cc1)c1cc(c(cc1)C(=O)Nc1ccc(cc1)[*])C)C,213.0,,
1089,[*]OC(=O)CCCCCCCCC(=O)OCCCCCC[*],-50.0,69.35294118,
3449,[*]Oc1ccc(cc1)C(=Cc1ccc(cc1)OCCOCC[*])C,39.0,155.0,
9405,[*]c1ccc(-c2cnc3ccc(Oc4ccc5ncc([*])nc5c4)cc3n2)cc1,,,3.3633
537,[*]C(C[*])(C(=O)OC(C)C)C#N,66.0,,
975,[*]Oc1c(c(c(c(c1C)C)Oc1ccc(cc1)NC(=O)c1ccc(cc1)C(=O)Nc1ccc(cc1)[*])C)C,310.0,,
9450,[*]CCCCCCCCCCOc1cccc(OC(=O)c2ccc(C(=O)Oc3cccc(O[*])c3)cc2)c1,,,3.4495
10371,[*]CC([*])OCC(=O)OC,,,5.3903
8397,[*]Oc1c(cc(cc1)OC(=O)c1ccc(cc1)OCCOc1ccc(cc1)C(=O)[*])C,,316.0,
9374,[*]CCC(=O)OC(=O)CCC1CCC([*])O1,,,5.5098
6687,[*]O[Si](c1ccc(cc1)[Si](Oc1c(cc(cc1C)c1cc(c(c(c1)C)[*])C)C)(C)C)(C)C,67.0,108.0,
5648,[*]c1[nH]c(nc1c1ccc(cc1)NC1C(=O)N(C(=O)C1)c1ccc(cc1)Cc1ccc(cc1)N1C(=O)C(CC1=O)Nc1ccc(cc1)[*])c1ccc(cc1)N=Nc1ccc(cc1)[N+](=O)[O-],258.0,,
5388,[*]c1cc2c(C(=O)N(C2=O)c2cc(c(c(c2)C)c2c(cc(cc2C)N2C(=O)c3c(C2=O)cc(cc3)C([*])(C(F)(F)F)C(F)(F)F)C)C)cc1,346.0,,
7380,[*]NC(=O)CC/C=C/CCC(=O)NCCCCC[*],,256.0,
3815,[*]Oc1ccc(cc1)C(=O)Nc1cc(cc(c1)C(=O)OCCOC(=O)C=Cc1ccc(cc1)N(C)C)NC(=O)c1ccc(cc1)[*],182.0,,
3234,[*]Oc1ccc(cc1)P(=O)(c1ccc(cc1)Oc1ccc(cc1)P(=O)(c1ccc(cc1)[*])c1ccccc1)C,238.0,,
9845,[*]Nc1ccc(Cc2ccc(NC(=O)c3ccc(C([*])=O)cc3)cc2)cc1,,,3.2294
10124,[*]CCCCCCCCCCNC(=O)NCCCCCCNC(=O)N[*],,,5.6863
1753,[*]N1C(=O)c2c(C1=O)c(ccc2)Oc1ccc(cc1)Oc1c2c(C(=O)N(C2=O)c2ccc(cc2)Oc2cc(ccc2)Oc2ccc(cc2)[*])ccc1,214.0,,
3925,[*]OP(=O)(OCCOc1c(cc(cc1)C=C1C(=O)C(=Cc2cc(c(cc2)OCC[*])OC)CC1)OC)OCC,80.0,128.0,
8636,[*]Oc1ccc(cc1)c1ccc(cc1)OCCCCCCOC(=O)C(C(=O)OCCCCCC[*])CCCCCOc1ccc(cc1)N=Nc1ccncc1,,102.7,
5213,[*]N1C(=O)c2c(C1=O)cc(cc2)Oc1ccc(cc1)Oc1cc2c(C(=O)N(C2=O)c2ccc(cc2)Oc2ccc(cc2)Sc2ccc(cc2)Oc2ccc(cc2)[*])cc1,201.0,333.0,
10132,[*]NC(CCCCNC(=O)NCCCNC([*])=O)C(=O)OC,,,5.6996
7008,[*]C(C[*])C(=O)OCC=C,,88.0,
4905,[*]c1ccc2c(nc([nH]2)c2cc(cc(c2)N2C(=O)c3c(C2=O)cccc3)c2nc3c([nH]2)ccc(c3)C(=O)Nc2ccc(cc2)NC(=O)[*])c1,295.0,,
9177,[*]CC([*])OC(=O)CC1CCCC1,,,6.5327
7716,[*]OC(=O)CC(CCC(=O)OCC[*])C,,-29.0,
479,[*]C(C[*])(C(=O)OCCCC)C#N,93.75,,
8948,[*]c1oc(nn1)CCCCCCCCCCCCCCCCCCCC[*],,119.0,
11929,[*]c1cc(OCC(=O)C23CC4CC(CC(C4)C2)C3)c([*])cc1OC,,,4.0135
3872,[*]Oc1ccc(cc1)N=Cc1ccc(cc1)Oc1ccc(cc1)C(c1ccc(cc1)Oc1ccc(cc1)C=Nc1ccc(cc1)Oc1ccc(cc1)c1ccc(cc1)[*])(C)C,120.0,263.0,
4769,[*]N=Nc1ccc(cc1)NC(=O)CCC(=O)Nc1ccc(cc1)[*],220.0,,
10255,[*]CCCCOC(=O)SSC(=O)O[*],,,4.2442
7384,[*]NC(=O)CC/C=C/CCC(=O)NCCCCCCCCC[*],,248.0,
11277,[*]NC(CCCNC(=O)c1ccc(Br)cc1)C([*])=O,,,4.6803
63,[*]C(C[*])c1c(cccc1)C(=O)OCC(C)C,127.0,,
12436,[*]c1ccc2c(c1)[Si](C)(C)c1cc([*])ccc1N2C,,,3.6899
4322,[*]N1CCN(CC1)C(=O)OCCOC(=O)c1ccc(cc1)C(=O)OCCOC(=O)[*],53.0,220.0,
11141,[*]Oc1ccc(CC(NC(=O)CCc2ccc(OC(=O)CCCC([*])=O)cc2)C(=O)OCCOCCOCC)cc1,,,5.2606
1051,[*]SC1C(CCCC1)[*],-45.0,101.5,
8197,[*]OC(COC(=O)C(=O)[*])C,,177.0,
10059,[*]CC#CCOC(=O)NCCCCCCNC(=O)O[*],,,6.3946
12209,[*]NC(=O)NC(C=C1)=CC=C1[*],,,4.3867
3214,[*]c1[nH]c(nc1c1ccc(cc1)Oc1ccc(cc1)C(=O)c1ccc(cc1)c1ccc(cc1)C(=O)c1ccc(cc1)Oc1ccc(cc1)[*])c1ccccc1,258.0,,
1558,[*]OC(=O)Nc1c(ccc(c1)NC(=O)OCCCCCCCC[*])C,64.0,,
9559,[*]c1ccc(-c2nc3cc4sc([*])nc4cc3s2)cc1,,,3.1122
1510,[*]S(=O)(=O)c1ccc(cc1)NC(=O)c1cc(cc(c1)S(=O)(=O)c1ccccc1)C(=O)Nc1ccc(cc1)[*],307.0,,
5893,[*]c1cc2c(C(=O)N(C2=O)c2cc(ccc2)N2C(=O)c3c(C2=O)cc(cc3)C(=O)Nc2ccc(cc2)Oc2c(cccc2)c2c(cccc2)Oc2ccc(cc2)NC(=O)[*])cc1,237.0,,
5157,[*]N1C(=O)c2c(C1=O)cc(cc2)Oc1cc2c(C(=O)N(C2=O)c2cc(ccc2)OCCOCCOCCOc2ccc(cc2)[*])cc1,107.0,267.85,
6589,[*]N(CC[*])C,-31.0,,
5720,[*]C1C2C(C(=O)N(C2=O)CCCC)C(C1)C=C[*],131.0,,
5347,[*]c1cc2c(C(=O)N(C2=O)c2c(cc(cc2)C2(c3ccccc3c3ccccc23)c2cc(c(cc2)N2C(=O)c3c(C2=O)cc(cc3)C([*])(C(F)(F)F)C(F)(F)F)C(C)C)C(C)C)cc1,299.0,,
5906,[*]c1cc2c(C(=O)N(C2=O)c2ccc(cc2)Oc2ccc(cc2)C(c2ccc(cc2)Oc2ccc(cc2)N2C(=O)c3c(C2=O)cc(cc3)C(=O)Nc2ccc(cc2)Oc2ccc(cc2)c2ccc(cc2)Oc2ccc(cc2)NC(=O)[*])(C)C)cc1,283.0,349.0,
10817,[*]CCOCCOC(=O)C=CC(=O)NCCCCCCNC(=O)C=CC(=O)O[*],,,3.8434
5066,[*]N1C(=O)c2c(C1=O)cc(cc2)Oc1cc2c(C(=O)N(C2=O)c2ccc(cc2)Oc2c(cc(c(c2)C(C)(C)C)Oc2ccc(cc2)[*])C(C)(C)C)cc1,242.0,,
1597,[*]OC(=O)Nc1ccc(cc1)Cc1ccc(cc1)NC(=O)OCC(CS(=O)(=O)CC(C[*])(C)C)(C)C,90.0,,
911,[*]Oc1cc(ccc1)NC(=O)c1cc(cc(c1)C(C(C(C(F)(F)F)(F)F)(F)F)(F)F)C(=O)Nc1ccc(cc1)[*],230.0,,
8748,[*]SSCCCCSSCCCCCC[*],,38.0,
7119,[*]C1N(C(CC1)CCC(=O)OC(=O)CC[*])C,,103.0,
2126,[*]C1C2CCC(C1[*])C2,251.49,,
6050,[*]N1C(=O)c2c(C1=O)cc(cc2)Oc1cc2c(C(=O)N(C2=O)c2ccc(cc2)c2nc(cc(c2)c2ccc(cc2)OCCCC#N)c2ccc(cc2)[*])cc1,315.0,,
737,[*]Oc1ccc(cc1)C(c1ccc(cc1)OCC(C[*])O)(CC)C,95.0,,
6911,[*]/C=C/C(C[*])C(CC)C,,172.5,
837,[*]Oc1ccc(cc1)S(=O)(=O)c1ccc(cc1)Oc1ccc(cc1)C1(CCCCC1)c1ccc(cc1)[*],226.0,,
9081,[*]n1c(=O)c2cc3c(cc2c1=O)c(=O)n(c3=O)c1ccc(cc1)OCCCC[Si](O[Si](O[Si](O[Si](CCCCOc1ccc(cc1)[*])(C)C)(C)C)(C)C)(C)C,,237.0,
10693,[*]OC(=O)Oc1ccc(C(=O)Oc2ccc(OC(=O)OC3COC4C([*])COC34)cc2)cc1,,,4.4189
1127,[*]OC(=O)CCCCCC[*],-14.0,75.3,
6764,[*]O[Si](c1c(cc(c(c1)OCCO)[Si]([*])(C)C)OCCO)(C)C,73.0,,
8132,[*]OC(=O)c1ccc(cc1)S(=O)(=O)CCCCCCS(=O)(=O)c1ccc(cc1)C(=O)OCCCCCC[*],,186.0,
5041,[*]c1cc2c(C(=O)N(C2=O)c2cc(ccc2)N2C(=O)c3c(C2=O)cc(cc3)C([*])(C(F)(F)F)C(F)(F)F)cc1,298.6,,
10015,[*]CCCCNC(=O)c1cccc(C(=O)N[*])c1,,,5.1173
430,[*]C(C[*])C(=O)Oc1c(cccc1)C(C)(C)C,72.0,,
5305,[*]c1cc2c(C(=O)N(C2=O)c2cc(ccc2)NC(=O)c2cc(ccc2)C(=O)Nc2cc(ccc2)N2C(=O)c3c(C2=O)cc(cc3)C(=O)[*])cc1,204.0,,
11603,[*]CCCN1C(=O)C2C3C=CC(C4C(=O)N([*])C(=O)C34)C2C1=O,,,5.4745
609,[*]Oc1c(cc(cc1c1ccccc1)[*])c1ccccc1,221.71,481.45,
8969,[*]c1sc(cc1)C#CC#C[*],,160.0,
4963,[*]OC(=O)Nc1c(ccc(c1)NC(=O)OCCN(CC[*])c1ccc(cc1)N=Nc1ccc(cc1)B(c1c(cc(cc1C)C)C)c1c(cc(cc1C)C)C)C,159.0,,
7539,[*]NC(C(=O)[*])CCC(=O)OCCCCCCCCCCCCCCCCCC,,63.05,
5970,[*]N1C(=O)c2c(C1=O)cc(cc2)c1cc2c(C(=O)N(C2=O)c2c(ccc(c2)[*])Oc2ccc(cc2)S(=O)(=O)c2ccc(cc2)C)cc1,281.0,,
7306,[*]N=P([*])(NCCCC)NCCCC,,138.0,
853,[*]ON(C(C([*])(F)F)(C(F)(F)F)F)C(F)(F)F,-9.0,,
6990,[*]C(C[*])(C(=O)OCCCCCCCCCCOC(=O)c1cc(cc(c1)OC(=O)c1ccc(cc1)N=Nc1ccc(cc1)OCCCCCCC)OC(=O)c1ccc(cc1)N=Nc1ccc(cc1)OCCCCCCC)C,,111.7,
8205,[*]OC(COC(=O)CCCCCCCCC(=O)[*])C,,-14.66666667,
1396,[*]NC(=O)CCCCC(=O)NCC(CC(CC[*])(C)C)C,65.0,,
2290,[*]C(=C([*])c1ccccc1)c1cc(ccc1)[Ge](C)(C)C,200.0,,
4142,[*]c1sc(c(c1c1ccccc1)c1ccccc1)c1ccc(cc1)CC(=O)Nc1ccc(cc1)NC(=O)Cc1ccc(cc1)[*],251.0,,
8880,[*]c1n(c(nn1)CCCCCC[*])N,,275.0,
3270,[*]Oc1ccc(cc1)C(=O)c1ccc(cc1)OCCCCCCOC(=O)OCCCOC(=O)OCCCCCC[*],16.0,,
12037,[*]CC(C=C1)=CC=C1C(=O)C(C=C2)=CC=C2[*],,,4.3155
9719,[*]CC(F)(F)C(F)(F)C(F)(F)COC(=O)CCCCC(=O)O[*],,,6.6433
7585,[*]NNC(=O)CCCCC(=O)[*],,328.0,
5331,[*]c1cc2c(C(=O)N(C2=O)c2ccc(cc2)Oc2cc3c(cc2)ccc(c3)Oc2ccc(cc2)N2C(=O)c3c(C2=O)cc(cc3)C(=O)Nc2ccc(cc2)C(c2ccc(cc2)NC(=O)[*])(C(F)(F)F)C(F)(F)F)cc1,292.0,,
2822,[*]c1nc(nc(c1F)OCC(C(C(CO[*])(F)F)(F)F)(F)F)F,0.0,,
721,[*]Oc1ccc(cc1)C(CC(c1ccc(cc1)OCC(C[*])O)C)(C)C,75.0,,
12349,[*]c1ccc(-c2ccc3nc4oc5cc6[nH]c7nc8cc([*])ccc8nc7nc-6[nH]c=5n-4ccc3c2)cc1,,,1.9579
3230,[*]OP(=O)(Oc1c(cc(cc1Br)C(c1cc(c(c(c1)Br)[*])Br)(C(F)(F)F)C(F)(F)F)Br)Oc1ccc(cc1)[N+](=O)[O-],154.0,,
10705,[*]Oc1ccc(CC(NC(=O)CCc2ccc(OC(=O)COCCOCC([*])=O)cc2)C(=O)OC)cc1,,,5.2022
9926,[*]Nc1ccc(NC(=O)CCCCCCCCC([*])=O)cc1,,,4.5375
3412,[*]Oc1c(cc(cc1)Oc1ccc(cc1)C(=O)c1ccc(cc1)[*])c1ccccc1,155.67,,
1453,[*]NC(=O)CCCCC(=O)NCC1CCC(CC1)C[*],113.0,324.9,
3960,[*]c1sc(cc1)c1cc(c(cc1)Oc1ccc(cc1)Sc1ccc(cc1)Oc1c(cc(cc1)[*])C(F)(F)F)C(F)(F)F,142.0,,
11693,[*]OC(COCCCC)COC([*])=O,,,6.2375
3928,[*]OP(=O)(OCCCCCCCCOc1c(cc(cc1)C=C1C(=O)C(=Cc2cc(c(cc2)OCCCCCCCC[*])OC)CC1)OC)OCC,62.0,,
9784,[*]OC(c1ccco1)C(C)(C)C([*])=O,,,5.4574
3885,[*]Oc1c(cc(cc1)Oc1ccc(cc1)C(=O)c1ccc(cc1)[*])c1cc(cc(c1)C)C,162.0,,
8647,[*]S(=O)(=O)CCCCS(=O)(=O)CCCCC[*],,246.5,
8490,[*]Oc1ccc(cc1)C(=O)OC(=O)c1ccc(cc1)C(=O)OC(=O)c1ccc(cc1)OCCOCC[*],,212.5,
9921,[*]CC1CCC(CNC(=O)CCCCCCCCCCC(=O)N[*])CC1,,,5.9594
11694,[*]OC(COCCOC)COC([*])=O,,,6.2142
6593,[*][n+]1ccc(cc1)c1cc[n+](cc1)Cc1ccc(cc1)C[*],95.0,,
7379,[*]NC(=O)CC/C=C/CCC(=O)NCCCC[*],,294.0,
11465,[*]c1ccc(C(c2ccccc2)c2ccc(N3C(=O)c4ccc(-c5ccc6c(c5)C(=O)N([*])C6=O)cc4C3=O)cc2)cc1,,,2.907
9200,[*]CC([*])(C)C(=O)OCC(F)(F)C(F)F,,,6.3988
12271,[*]C(F)(F)C(F)(F)NC(C=C1)=CC=C1[*],,,4.4728
11191,[*]CCNC(=O)CCP(C)(=O)CCC(=O)N[*],,,6.0568
3690,[*]O[Si](O[Si](O[Si](O[Si](OC(CCCCC([*])C)C)(C)C)(C)C)(C)C)(C)C,-98.0,,
9674,[*]CC1CCC(COC(=O)CCCCCCCCC(=O)O[*])CC1,,,6.7673
2059,[*]N=P([*])(NCC)NCC,30.0,,
6122,[*]N1C(=O)C(CC1=O)(SCCOCCSC1(C(=O)N(C(=O)C1)c1ccc(cc1)Cc1ccc(cc1)N1C(=O)C(C(C1=O)C)SCCOCCSC1C(=O)N(C(=O)C1C)c1ccc(cc1)Cc1ccc(cc1)[*])C)C,105.0,,
203,[*]C(C[*])OCC(C)C,-21.51,,
5643,[*]c1cc2c(C(=O)N(C2=O)c2ccc(cc2)C(c2ccc(cc2)C(c2ccc(cc2)N2C(=O)c3c(C2=O)cc(cc3)C([*])(C(F)(F)F)C(F)(F)F)(C)C)(C)C)cc1,235.4,,
9663,[*]OC(=C)CC([*])=O,,,5.0472
11301,[*]CCNC(=O)C(OC)C(OC)C(=O)N[*],,,5.4257
9888,[*]CCCCCCCCCNC(=O)CCCCCCCCC(=O)N[*],,,5.6744
3316,[*]c1nc(nc(n1)c1ccc(cc1)Oc1ccc(cc1)Sc1ccc(cc1)Oc1ccc(cc1)[*])c1ccccc1,211.0,,
11219,[*]NNC(=O)C([*])=O,,,5.5325
9681,[*]CCCCCCCCCCOC(=O)CCCCS(=O)(=O)CCCCC(=O)O[*],,,6.4132
3530,[*]c1oc(nn1)c1ccc(cc1)c1oc(nn1)CCCCOc1c(cc(cc1)OCCCC[*])C,139.5,,
11459,[*]c1cc(-n2c(=O)c3cc4c(=O)n([*])c(=O)c4cc3c2=O)c(O)cc1O,,,2.8367
6766,[*]O[Si](c1c2ccc3c(c2ccc1)cccc3[Si]([*])(C)C)(C)C,100.0,,
7697,[*]OC(=O)C/C=C/CC(=O)OCCCCCCCCCC[*],,70.0,
10890,[*]C1=CSC(=C2SC=C(c3ccc([*])cc3)S2)S1,,,2.2436
5658,[*]c1cc2c(C(=O)N(C2=O)c2ccc(cc2)Oc2c(cc(cc2C)Cc2cc(c(c(c2)C)Oc2ccc(cc2)N2C(=O)c3c(C2=O)cc(cc3)C(=O)[*])C)C)cc1,290.0,,
8334,[*]O[Si](c1c2ccccc2c(c2ccccc12)[Si]([*])(C)C)(C)C,,242.0,
6612,[*]N(CC(CN(CC(C[*])O)c1ccc(cc1)N=Nc1ccc(cc1)[N+](=O)[O-])O)c1ccccc1,70.0,,
2815,[*]C1OCC(OC1)CC(=O)NCCCCCCNC(=O)C[*],73.0,258.0,
4510,[*]Oc1c(cc(c(c1)OC(=O)c1ccc(cc1)OCCCCC)OC(=O)CCCC(=O)[*])OC(=O)c1ccc(cc1)OCCCCC,44.0,141.0,
1503,[*]Nc1ccc(cc1)CCNC(=O)CCCCC(=O)[*],115.0,312.0,
10069,[*]CCCCCOC(=O)Nc1ccc(C)c(NC(=O)O[*])c1,,,5.0895
4740,[*]NC(=O)c1c(cc(cc1)C(=O)NCCCCCC[*])Sc1ccccc1,121.0,195.0,
9476,[*]c1ccc(-c2ccc(-c3cc(-c4ccc(Oc5ccc(-c6cc([*])nc7ccccc67)cc5)cc4)c4ccccc4n3)cc2)cc1,,,3.4086
1180,[*]SC(=O)CCC(CC[*])C,-50.0,63.0,
1842,[*]OC(=O)c1ccc(cc1)C(C(C(c1ccc(cc1)C(=O)[*])(F)F)(F)F)(F)F,98.0,235.0,
7785,[*]OC(=O)CCCCCCC(=O)OCCCCCC[*],,63.66666667,
6361,[*]C1C2C(C(=O)N(C2=O)c2cc(ccc2)I)C(C1)C=C[*],199.0,,
1372,[*]NC(=O)CCCCCCCCC(=O)NCCCC1(c2ccccc2c2ccccc12)CCC[*],85.0,,
10367,[*]C=C([*])OCCCC,,,4.7326
6529,[*]S(=O)(=NP(=NP(=N[*])(NCCCCCC)NCCCCCC)(NCCCCCC)NCCCCCC)NCCCCCC,-17.0,,
4216,[*]c1ccc2N(c3c(Sc2c1)cc(cc3)c1ccc2N(c3c(Sc2c1)cc(cc3)C=C[*])c1ccc(cc1)OCCCCCCCCCCCC)c1ccc(cc1)OCCCCCCCCCCCC,118.6,,
7147,[*]N(C(=NCC=C)[*])CC=C,,171.5,
8389,[*]Oc1c(cc(cc1)OC(=O)c1ccc(cc1)C(=O)[*])CCCCCCCCCCC,,228.0,
11015,[*]Oc1ccc(OC(=O)c2cccc(C([*])=O)c2)cc1,,,4.1004
2300,[*]C(=C[*])CCCOc1ccc(cc1)OC(=O)c1ccc(cc1)OC,20.0,,
10822,[*]OC(=O)C1CCC(C(=O)OC2COC3C([*])COC23)CC1,,,6.4746
10385,[*]CCCC([*])C#N,,,7.8211
4031,[*]Oc1cc(ccc1)Oc1cc(ccc1)NC(=O)c1c(ccc(c1)Oc1cc(c(cc1)C(=O)O)C(=O)Nc1cc(ccc1)[*])C(=O)O,176.4,,
5536,[*]c1cc2c(C(=O)N(C2=O)c2ccc(cc2)Oc2ccc(cc2)N2C(=O)c3c(C2=O)cc(cc3)C(CCCCCCCCC([*])(C)C)(C)C)cc1,123.65,,
11183,[*]CCCP(CCCCCCCC)CCCNC(=O)CCCCC(=O)N[*],,,4.7376
3857,[*]c1nc2c([nH]1)ccc(c2)NC(=O)c1ccc(cc1)OCCOCCOCCOCCOc1ccc(cc1)C(=O)Nc1ccc(cc1)[*],140.0,,
9224,[*]CC([*])(C)C(=O)OCCOCCO,,,5.7449
2218,[*]C(C[*])c1c(ccc(c1)C(=O)OCCCC)c1ccc(cc1)OCCCCCCCC,76.0,,
5887,[*]N1C(=O)c2c(C1=O)cc(cc2)Oc1ccc(cc1)C1(CCCCCCCCCCC1)c1ccc(cc1)Oc1cc2c(C(=O)N(C2=O)c2ccc(cc2)Oc2c(cc(cc2)Oc2ccc(cc2)[*])C(C)(C)C)cc1,262.0,,
3392,[*]OP(=O)(N=Nc1ccc(cc1)C(=O)c1ccc(cc1)N=NP(=O)(OCC[*])OCC)OCC,33.0,,
11803,[*]N=C(O)N=C([*])N=C(N)N,,,3.4308
5345,[*]c1cc2c(C(=O)N(C2=O)c2ccc(cc2)C2(c3ccccc3c3ccccc23)c2ccc(cc2)N2C(=O)c3c(C2=O)cc(cc3)C([*])(C(F)(F)F)C(F)(F)F)cc1,364.6,,
3418,[*]c1oc(nn1)c1sc(c(c1)CCCCCCCCCC)c1sc(cc1CCCCCCCCCC)c1oc(nn1)c1c(cc(c(c1)OCCCCCCCC)[*])OCCCCCCCC,53.8,,
9639,[*]Oc1ccc(-c2ccc(OC(=O)CCCCCCCCC([*])=O)cc2)cc1,,,4.5699
9485,[*]ON(C(F)(F)C([*])(F)F)C(F)(F)C(F)(F)Br,,,6.7014
6532,[*]c1nc2c(c(c1)c1ccccc1)cc(cc2)c1cc2c(nc(cc2c2ccccc2)c2ccc(cc2)c2ccc(cc2)[*])cc1,372.0,502.0,
12128,[*]CNOC(=S)[*],,,4.3013
3255,[*]Oc1ccc(cc1)N=Cc1ccc(cc1)Oc1ccc(cc1)C(c1ccc(cc1)Oc1ccc(cc1)C=Nc1ccc(cc1)[*])(c1ccccc1)c1ccccc1,211.0,,
3979,[*]Oc1c(cc(cc1)C=C1C(=O)C(=Cc2cc(c(cc2)OCCCCCC[*])OC)CCC1)OC,80.0,,
11339,[*]Nc1cc(NC(=O)c2ccc(C([*])=O)cc2)c(N)cc1N,,,2.9313
11931,[*]C(OC(C)=O)=C(OC(C)=O)c1ccc([*])cc1,,,3.7517
9785,[*]Cc1ccc(C(=O)O[*])cc1,,,4.9209
10253,[*]CCCCCOC(=O)O[*],,,7.3186
11583,[*]C=CC1CC([*])C2C(=O)N(CCCCCCCCC)C(=O)C12,,,5.4434
3475,[*]Oc1ccc(cc1)c1cc(c(c(c1)c1ccccc1)c1ccc(cc1)NC(=O)c1ccc(cc1)C(=O)Nc1ccc(cc1)c1c(cc(cc1c1ccccc1)c1ccc(cc1)OCCCCCC[*])c1ccccc1)c1ccccc1,127.0,,
5146,[*]c1cc2c(C(=O)N(C2=O)c2ccc(cc2)Cc2ccc(cc2)N2C(=O)c3c(C2=O)cc(cc3)C(=O)c2ccc(cc2)Oc2ccc(cc2)S(=O)(=O)c2ccc(cc2)Oc2ccc(cc2)C(=O)[*])cc1,245.0,,
5458,[*]N1C(=O)c2c(C1=O)cc(cc2)C(=O)Oc1ccc(cc1)OC(=O)c1cc2c(C(=O)N(C2=O)CCOCCOCC[*])cc1,105.0,294.0,
4876,[*]N(C(=O)CCCC(=O)N(CCCCCC[*])C)C,3.0,,
2774,[*]c1c(nnc(n1)c1nc(ccc1)c1nc(c(nn1)c1ccccc1)c1ccc(cc1)Oc1ccc(cc1)[*])c1ccccc1,219.0,,
1,[*]C(C[*])C,-2.73,160.7008447,
12417,[*]CC([*])c1ccc(Cl)c([N+](=O)[O-])c1,,,1.4833
3800,[*]Oc1c(c(c(c(c1F)F)c1c(c(c(c(c1F)F)Oc1c(cc(cc1)Cc1cc(c(cc1)[*])C=O)C=O)F)F)F)F,198.0,,
5797,[*]N1C(=O)c2c(C1=O)cc(cc2)c1cc2c(C(=O)N(C2=O)c2ccc(cc2)Oc2c(cc(cc2)Oc2ccc(cc2)[*])c2ccccc2)cc1,247.0,,
3613,[*]C1COC2C1OCC2OC(=O)C(NC(=O)CCCCC(=O)NC(C(=O)O[*])CC(C)C)CC(C)C,91.0,,
9185,[*]CC([*])C(=O)OCC(F)(F)F,,,6.7005
11663,[*]CCCOC(=O)O[*],,,7.1953
6858,[*]c1c(cc(cc1)C=C[*])c1c(cc(c(c1)OCCC(C)C)OCCC(C)C)c1ccccc1,164.0,,
2987,[*]c1cc2c(oc(n2)c2ccc(cc2)C(c2ccc(cc2)c2oc3c(n2)cc(cc3)C([*])(c2ccccc2)C(F)(F)F)(c2ccccc2)C(F)(F)F)cc1,330.0,,
6978,[*]C(C[*])(C(=O)NCCCCCCCCCCC(=O)NCCCCCCCCCCC(=O)OC)C,,58.1,
8809,[*][Si](c1ccc(cc1)[*])(c1ccc(cc1)C#C)C,,300.0,
349,[*]C(C[*])C(=O)OCCOCC,-50.0,,
93,[*]C(C[*])c1ccc(cc1)C(=NO)C,134.0,,
11133,[*]Oc1ccc(OC(=O)c2ccc(C([*])=O)cc2)cc1C1CCCCCC1,,,3.5076
4486,[*]Oc1ccc(cc1)CCNC(=O)c1cc(ccc1)C(=O)NCCc1ccc(cc1)OC(=O)c1cc(ccc1)C(=O)[*],147.0,279.0,
4620,[*]Oc1c(cccc1)C(=O)OC(=O)c1c(cccc1)OC(=O)C(C(C(=O)[*])C)C,45.0,,
11927,[*]C=Cc1ccc([*])c(C(=O)OC)c1C(=O)OC,,,4.11
2563,[*]C(C[*])(C(=O)OCCCN(c1ccc(cc1)N=Nc1ccc(cc1)[N+](=O)[O-])CCO)C,131.0,,
2149,[*]C(CC(C[*])c1ccc(cc1)Cl)(C#N)C#N,150.0,,
892,[*]c1oc(cc1)COC(=O)NCCCCCCNC(=O)OC[*],33.0,185.0,
1541,[*]OC(=O)NCCCCCCCCCCNC(=O)OCCCCCCCCCCCC[*],34.0,133.0,
10155,[*]c1ccc(-c2ccc(-c3ccc(-n4c(=O)c5cc6c(=O)n([*])c(=O)c6cc5c4=O)cc3)cc2)cc1,,,2.1515
5518,[*]c1cc2c(C(=O)N(C2=O)c2cc(c(cc2)Oc2ccc(cc2)N2C(=O)c3c(C2=O)cc(cc3)C([*])(C(F)(F)F)C(F)(F)F)O)cc1,277.33,,
3481,[*]Oc1ccc(cc1)NC(=O)c1ccc(cc1)S(=O)(=O)c1ccc(cc1)C(=O)Nc1ccc(cc1)Oc1ccc(cc1)C1(C2CCC(C1)C2)c1ccc(cc1)[*],287.0,,
10101,[*]CCOC(=O)Nc1cccc2c(NC(=O)O[*])cccc12,,,3.9352
2390,[*]C(C[*])(C(=O)OCCOc1ccc(cc1)C(=O)Oc1ccc(cc1)OCCCC)C,137.0,,
5101,[*]C1C(=O)N(C(=O)C1C(C[*])(C)C)C(C)C,145.0,,
10223,[*]OC(=O)CCCCCCCCC([*])=O,,,5.9944
7296,[*]N1CCN(CC1)CCC(=O)OCCOC(=O)CC[*],,93.0,
2568,[*]C(C[*])(C(=O)Oc1ccc(cc1)C(=O)C=Cc1ccc(cc1)Cl)C,127.0,,
11203,[*]Nc1ccc2c(c1)Cc1cc(NC(=O)c3cc(C(=O)O)c(C([*])=O)cc3C(=O)O)ccc1-2,,,2.6346
1274,[*]Oc1ccc(cc1)C(c1ccc(cc1)OC(=O)CN(CC(=O)[*])c1ccc(cc1)N=Nc1ccc(cc1)[N+](=O)[O-])(C)C,152.0,,
8708,[*]SC(=O)SCCCCCCCCC[*],,91.0,
8761,[*]Sc1ccc(cc1)N=Cc1ccc(cc1)Sc1ccc(cc1)C=Nc1ccc(cc1)[*],,300.0,
7180,[*]N(C(=O)c1ccc(cc1)C(=O)N(CCC[*])C)C,,220.0,
3701,[*]O[Si](OC(CCC[*])C)(C)C,-81.0,,
2352,[*]C1C2CC(C(C1[*])C2)CCCCCCCCC(=O)OCC,134.0,,
2472,[*]C(C[*])(C(=O)Oc1cc2c(CCC2)cc1)C,104.25,,
9411,[*]OC(F)(F)C(F)(F)C(F)(F)C([*])(F)F,,,9.0549
6239,[*]c1cc2c(C(=O)N(C2=O)c2cc(c(c(c2)Br)Oc2c(cc(cc2Br)N2C(=O)c3c(C2=O)cc(cc3)C(=O)[*])Br)Br)cc1,323.0,,
9822,[*]Nc1ccc(-c2ccc(NC(=O)c3cccc(C([*])=O)c3)cc2)cc1,,,3.4939
1072,[*]Oc1c(cc(cc1)OC(=O)c1cc(ccc1)Sc1ccc(cc1)OC(=O)c1ccc(cc1)C(=O)Oc1ccc(cc1)Sc1cc(ccc1)C(=O)[*])C,106.5,286.2,
7143,[*]C=CCCCCCCCC[*],,64.16666667,5.8277
9124,[*]CC([*])c1ccc2ccccc2c1,,,3.6351
8797,[*][Si](c1ccc(cc1)[*])(CCCCCC)C,,55.75,
11473,[*]C(=O)c1ccc2c(c1)C(=O)N(c1ccc(C=Cc3ccc(N4C(=O)c5ccc([*])cc5C4=O)cc3)cc1)C2=O,,,2.0593
7246,[*]N1C(=O)c2c(C1=O)cc(cc2)c1cc2c(C(=O)N(C2=O)c2cc(c(cc2)OCCCC[Si](O[Si](O[Si](O[Si](CCCCOc2c(cc(cc2)[*])Cl)(C)C)(C)C)(C)C)(C)C)Cl)cc1,,186.0,
5473,[*]N1C(=O)C(=C(C1=O)Cl)Oc1ccc(cc1)C(c1ccc(cc1)OC1=C(C(=O)N(C1=O)c1ccc(cc1)Cc1ccc(cc1)[*])Cl)(C)C,172.0,,
8544,[*]Oc1ccc(cc1)C=C1C(=O)C(=Cc2ccc(cc2)OCCCCCCCCCC[*])CC(C1)C,,87.0,
8206,[*]OC(COC(=O)CCCCS(=O)(=O)CCCCC(=O)[*])C,,66.5,
3376,[*]Oc1ccc(cc1)OCC(COC(=O)CCCCCCCCCCC(=O)OCC(C[*])O)O,10.0,80.0,
8419,[*]Oc1cc(c(cc1)c1c(cc(cc1)OC(=O)c1ccc(cc1)C(=O)[*])CCC)CCC,,350.0,
1733,[*]N1C(=O)c2c(C1=O)c(ccc2)Oc1ccc(cc1)C(c1ccc(cc1)Oc1c2c(C(=O)N(C2=O)c2ccc(cc2)Oc2ccc(cc2)[*])ccc1)(C)C,233.67,,
1285,[*]c1cc2c(C(=O)N(C2=O)c2ccc(cc2)C(=O)Nc2ccc(cc2)C(=O)OCCCCCCCCCCCCOC(=O)[*])cc1,74.0,260.0,
2526,[*]C(C[*])C(=O)OCC1(COC(OC1)c1ccccc1)CC,50.0,,
900,[*]Oc1ccc(cc1)C(c1ccc(cc1)Oc1ccc(cc1)C(=O)Nc1cc(ccc1)NC(=O)c1ccc(cc1)[*])(C)C,214.0,,
6464,[*]Sc1ccc(cc1)Cc1ccc(cc1)SC(=O)[*],117.0,,
6153,[*]c1cc2c(C(=O)N(C2=O)c2c3c(ccc2)c(ccc3)Oc2ccc(cc2)N2C(=O)c3c(C2=O)cc(cc3)C(=O)Nc2ccc(cc2)c2nc(cc(c2)c2ccccc2)c2ccc(cc2)NC(=O)[*])cc1,295.0,,
102,[*]C(C[*])c1ccc(cc1)COC,77.0,,
4498,[*]Oc1ccc(cc1)OC(=O)c1c(cc(c(c1)OCCCCCCCCCOCC1N(CCC1)c1ccc(cc1)[N+](=O)[O-])C(=O)[*])OCCCCCCCCCOCC1N(CCC1)c1ccc(cc1)[N+](=O)[O-],34.0,,
10907,[*]c1cc(CCS(=O)(=O)O)c([*])s1,,,2.5623
10434,[*]CC([*])C(=O)NC,,,5.4371
889,[*]c1oc(cc1)C(c1oc(cc1)CNC(=O)OCc1cocc1COC(=O)NC[*])(C)C,25.0,165.0,
5839,[*]N1C(=O)c2c(C1=O)cc(cc2)Oc1c(cc(cc1C)C(c1cc(c(c(c1)C)Oc1cc2c(C(=O)N(C2=O)c2ccc(cc2)Oc2ccc(cc2)C(c2ccc(cc2)Oc2ccc(cc2)[*])(C(F)(F)F)C(F)(F)F)cc1)C)(C)C)C,244.0,,
1709,[*]c1cc2c(C(=O)N(C2=O)c2cc(ccc2)OCCOCCOc2cc(ccc2)N2C(=O)c3c(C2=O)cc(cc3)C(=O)[*])cc1,152.33,239.5,
7332,[*]NC(=O)C(=O)NCCCNC(=O)CCCCCCC(=O)NCCC[*],,295.0,
11881,[*]Nc1ccc(-c2ccc(Nc3ccc4c(c3)c3cc([*])ccc3n4CC(CC)CCCC)cc2)cc1,,,3.3558
9696,[*]OC(C)COC(=O)CCCCCCCC([*])=O,,,6.6084
4792,[*]Nc1c(cc(cc1)NC(=O)c1ccc(cc1)NC(=O)CCCCCCCCCCCCC(=O)Nc1ccc(cc1)C(=O)[*])C(=O)OCCCCCCCCCCCCCCCC,250.0,,
2874,[*]Oc1ccc(cc1)P(=O)(c1ccc(cc1)Oc1ccc(cc1)c1ccc(cc1)[*])c1ccccc1,229.17,,
10513,[*]C1CC(C)(C)OC1[*],,,5.8529
8194,[*]OC(CCOC(=O)c1ccc(cc1)C(=O)[*])C,,83.25,
8319,[*]OP(=O)(OCCCCCCCCCCOc1ccc(cc1)C=Cc1ccc(cc1)OCCCCCCCCCC[*])Oc1ccccc1,,114.0,
6053,[*]c1cc2c(C(=O)N(C2=O)c2ccc(cc2)c2nc(cc(c2)c2ccc(cc2)OC)c2ccc(cc2)N2C(=O)c3c(C2=O)cc(cc3)C(=O)[*])cc1,331.0,,
5853,[*]N1C(=O)C2C(C1=O)CC(CC2)C1CC2C(C(=O)N(C2=O)c2ccc(cc2)Oc2ccc(cc2)S(=O)(=O)c2ccc(cc2)Oc2ccc(cc2)[*])CC1,256.5,,
1284,[*]c1cc2c(C(=O)N(C2=O)c2ccc(cc2)C(=O)Nc2ccc(cc2)C(=O)OCCCCCCCCCCOC(=O)[*])cc1,102.0,236.0,
604,[*]Oc1cc(ccc1)[*],46.5,,
1781,[*]c1c(nc2c(n1)cc(cc2)Oc1cc2c(nc(c(n2)c2ccc(cc2)N2C(=O)c3c(C2=O)cc(cc3)C(=O)c2cc3c(C(=O)N(C3=O)c3ccc(cc3)[*])cc2)c2ccccc2)cc1)c1ccccc1,254.0,,
11308,[*]CCC1CN(C(C)(C)C)C(=O)C1[*],,,5.4772
1777,[*]N1C(=O)c2c(C1=O)cc(cc2)Oc1ccc(cc1)Sc1ccc(cc1)Oc1cc2c(C(=O)N(C2=O)c2ccc(cc2)[*])cc1,230.67,425.0,
1282,[*]c1cc2c(C(=O)N(C2=O)c2ccc(cc2)C(=O)Nc2ccc(cc2)C(=O)OCCCCCCCCOC(=O)[*])cc1,105.0,281.0,
1934,[*]c1nc2cc3c(cc2nc1)ncc(n3)c1ccc(cc1)[*],392.0,,
7004,[*]C(C[*])C(=O)NCCCCCCCCCCCCCC,,17.85,
2587,[*]C(C[*])(C(=O)OCSC)C,60.0,,
7473,[*]NC(=O)CCCCCCCCCCCCCCCCCCC(=O)NCCCCCC[*],,185.0,
9938,[*]NC(CC(=O)OCCC)C([*])=O,,,5.0074
10206,[*]c1ccc(C(c2ccccc2)(c2ccc(-n3c(=O)c4cc5c(=O)n([*])c(=O)c5cc4c3=O)cc2)C(F)(F)F)cc1,,,2.7963
1703,[*]c1cc2c(C(=O)N(C2=O)c2ccc(cc2)Oc2ccc(cc2)N2C(=O)c3c(C2=O)cc(cc3)C(=O)[*])cc1,270.76,,
7668,[*]OC([*])CCCCC,,21.35,6.039
10955,[*]N=Cc1ccc(C=Nc2sc([*])c(C#N)c2C#N)cc1,,,1.5066
4708,[*]OC(=O)NNC(=O)CCCCCCCCC(=O)NNC(=O)OCCCCCCCC[*],38.0,,
2952,[*]Oc1c2c(ccc1)ccc(c2)Oc1ccc(cc1)NC(=O)c1cc(cc(c1)C(C)(C)C)C(=O)Nc1ccc(cc1)[*],263.0,,
8831,[*]c1cc2C(c3c(-c2cc1)ccc(c3)[*])(CC(CCCC)CC)CC(CCCC)CC,,156.25,
3837,[*]Oc1ccc(cc1)C(c1ccc(cc1)Oc1c(cc(cc1)C(=O)c1cc(c(cc1)[*])S(=O)(=O)O)S(=O)(=O)O)(C)C,175.0,,
328,[*]C(C[*])C(=O)OCCC,-41.5,,
1977,[*]O[Si](c1cc(ccc1)[*])(c1ccccc1)c1ccccc1,58.5,291.5,
9259,[*]C(F)(F)C1(F)C(F)(F)C([*])(F)C(F)(F)C1(F)F,,,7.2142
7920,[*]OC(=O)NCCNC(=O)OCC(C[*])(C)C,,258.0,
6326,[*]c1cc2c(C(=O)N(C2=O)c2cc(ccc2)Oc2c(c(ccc2)Oc2cc(ccc2)N2C(=O)c3c(C2=O)cc(cc3)C(=O)Nc2cc(ccc2)Oc2c(c(ccc2)Oc2cc(ccc2)Oc2c(c(ccc2)Oc2cc(ccc2)NC(=O)[*])C#N)C#N)C#N)cc1,193.0,,
6489,[*]Oc1ccc(cc1)C(c1ccc(cc1)OC(=O)OCCCCCOC(=O)[*])(C)C,49.5,,
7138,[*]C=CC(C[*])(C(F)(F)F)C(F)(F)F,,112.0,6.1653
6986,[*]C(C[*])(C(=O)OCCCCCCCCCCCCCCCC)C,,15.28333333,
8531,[*]Oc1ccc(cc1)C=C1C(=O)C(=Cc2ccc(cc2)OC(=O)C(=O)[*])CCC1,,460.0,
9524,[*]OC(=O)CCSCCSCCC([*])=O,,,4.6742
9013,[*]c1sc(cc1CCCCCCCCC)c1sc(cc1CCCCCC(C(C(C(F)(F)F)(F)F)(F)F)(F)F)[*],,172.5,
5410,[*]N1C(=O)c2c(C1=O)cc(cc2)S(=O)(=O)c1cc2c(C(=O)N(C2=O)CCCCCCOC(=O)CCCCCCCCC(=O)OCCCCCC[*])cc1,72.0,,
1334,[*]NC(=O)CCCCC(=O)NCc1c(cc(c(c1)C)C[*])C,70.0,283.0,
5880,[*]C1C2C(C(=O)N(C2=O)CCCCCCCC)C(C1)C=C[*],56.5,,
3628,[*]O[Si](COC(=O)CCCCCCCCC(=O)Oc1ccc(cc1)S(=O)(=O)c1ccc(cc1)Oc1ccc(cc1)C=C1C(=O)C(=Cc2ccc(cc2)Oc2ccc(cc2)S(=O)(=O)c2ccc(cc2)OC(=O)CCCCCCCCC(=O)OC[Si]([*])(C)C)CCC1)(C)C,80.0,,
8950,[*]c1oc(nn1)c1c(cc(c(c1)Cl)c1oc(nn1)c1cc(ccc1)[*])Cl,,400.0,
10577,[*]c1ccc(-c2nnc(-c3nnc([*])o3)o2)cc1,,,2.9171
4423,[*]OC(=O)c1ccc(cc1)c1ccc(cc1)C(=O)OCCCCCCCCCCC[*],42.5,107.0,
12048,[*]CCC(S1)=CC=C1C(S2)=CC=C2[*],,,3.23
6137,[*]c1cc2c(C(=O)N(C2=O)c2cc(c(cc2)Oc2ccc(cc2)C(=O)c2nc(ccc2)C(=O)c2ccc(cc2)Oc2c(cc(cc2)N2C(=O)c3c(C2=O)cc(cc3)C(=O)[*])C(F)(F)F)C(F)(F)F)cc1,225.2,,
2341,[*]C1C(C(C(C1)C=C[*])C(=O)OC(C)(C)C)C(=O)OC(C)(C)C,83.4,,
12232,[*]C(=O)C(=S)C(=O)O[*],,,2.3358
12348,[*]c1ccc(-c2ccn3sc4nc5nc6c(cc5oc-4cc-3nc2)Nc2nc3ccc([*])cc3nc2O6)cc1,,,1.535
12096,[*]CC(=S)C(C=C1)=CC=C1O[*],,,2.734
3875,[*]Oc1ccc(cc1)S(=O)(=O)c1ccc(cc1)Oc1ccc(cc1)C=Nc1ccc(cc1)Oc1ccc(cc1)N=Cc1ccc(cc1)[*],162.0,190.0,
6660,[*]N(c1ccc(cc1)c1ccc(cc1)[*])c1cc(cc(c1)C(F)(F)F)C(F)(F)F,209.0,,
2551,[*]C(C[*])(C(=O)OCCCN(c1ccc(cc1)N(C)C)C)C,12.5,,
7804,[*]OC(=O)CCCCCCCCC(=O)[*],,78.0,
10794,[*]Oc1ccc(C(=O)Nc2ccc(Cc3ccc(NC(=O)c4ccc(Oc5nc([*])nc(Sc6ccccc6)n5)cc4)cc3)cc2)cc1,,,3.3904
2490,[*]C(C[*])(C(=O)OCCCCCCOc1ccc(cc1)OC(=O)c1ccc(cc1)OCCCC)C,36.0,,
5207,[*]N1C(=O)c2c(C1=O)cc(cc2)Oc1ccc(cc1)Sc1ccc(cc1)Oc1cc2c(C(=O)N(C2=O)c2cc(ccc2)Oc2cc(ccc2)Oc2cc(ccc2)[*])cc1,190.5,,
2055,[*]N=P([*])(OCCOC)OCCOC,-75.0,,
1750,[*]N1C(=O)c2c(C1=O)cc(cc2)Oc1cc(ccc1)Oc1cc2c(C(=O)N(C2=O)c2cc(ccc2)[*])cc1,224.0,,
10388,[*]CC([*])(Cl)C#N,,,6.5592
736,[*]Oc1c(cc(cc1Cl)C(c1cc(c(c(c1)Cl)OCC(C[*])OC(=O)C)Cl)(C)C)Cl,100.0,,
10658,[*]CCCCCCCCCOc1ccc(C=CC=Cc2ccc(O[*])c(C)c2)cc1C,,,3.4115
1745,[*]N1C(=O)c2c(C1=O)cc(cc2)Oc1ccc(cc1)S(=O)(=O)c1ccc(cc1)Oc1cc2c(C(=O)N(C2=O)c2ccc(cc2)Oc2cc(ccc2)Oc2ccc(cc2)[*])cc1,219.0,,
3913,[*]C1COC2C1OCC2OC(=O)OCCOCCOCCOCCOC(=O)O[*],9.5,,
5995,[*]N1C(=O)c2c(C1=O)cc(cc2)Oc1cc2c(C(=O)N(C2=O)c2c(ccc(c2)C(c2cc(c(cc2)OCCN(c2ccc(cc2)C=CC2=CC(=C(S(=O)(=O)C)C#N)CC(C2)(C)C)C)[*])(C(F)(F)F)C(F)(F)F)OCCN(c2ccc(cc2)C=CC2=CC(=C(S(=O)(=O)C)C#N)CC(C2)(C)C)C)cc1,225.0,,
11950,[*]C=Cc1ccc([*])c(-c2ccc(OCC(CC)CCCC)c3ccccc23)c1,,,3.2107
9003,[*]c1sc(cc1C(=O)CCCCCCCCCCCC)c1sc(c(c1)C(=O)OCCCCCCCCCCCC)c1sc(cc1)c1sc(cc1)[*],,220.0,
12157,[*]C(=O)C(C=C1)=CC=C1OC(S2)=CC=C2[*],,,3.6478
10373,[*]C=CCC(C[*])(c1ccccc1)c1ccccc1,,,5.1804
6962,[*]C(=CCC[*])CCC,,42.0,
6761,[*]O[Si](c1cc2c(cc1)cc(cc2)[Si]([*])(C)C)(C)C,29.0,156.0,
252,[*]C(C[*])OC(=O)c1ccc(cc1)Cl,70.25,,
10243,[*]Oc1ccc(C(C)(CC)c2ccc(OC([*])=O)cc2)cc1,,,5.0105
2158,[*]C(C[*])c1ccc(cc1)COc1ccc(cc1)c1ccc(cc1)C#N,124.0,,
11722,[*]c1ccc(-c2nc3cc4nc([*])[nH]c4cc3[nH]2)cc1,,,3.6007
9589,[*]CCOC(=O)CCCCCCCCC(=O)O[*],,,6.8048
965,[*]Oc1cc(ccc1)Oc1cc(ccc1)NC(=O)c1cc(ccc1)Oc1cc(ccc1)Oc1cc(ccc1)C(=O)Nc1cc(ccc1)[*],137.5,,
3250,[*]Oc1ccc(cc1)C(=Nc1ccc(cc1)N=C(c1ccc(cc1)Oc1ccc(cc1)C(c1ccc(cc1)[*])(C)C)C)C,161.0,,
9142,[*]CC([*])CCc1ccc(C)cc1,,,5.1686
565,[*]C(C[*])CCCCCCCCCI,-6.0,,
4804,[*]Nc1ccc(cc1)NC(=O)c1c(ccc(c1)c1cc(c(cc1)C(=O)OC)C(=O)[*])C(=O)OC,234.2,,
10865,[*]C#Cc1cc(OCCCCCCCC)c(C#Cc2ccc([*])s2)cc1OCCCCCCCC,,,2.283
10565,[*]Oc1ccc(S(=O)(=O)NCCNS(=O)(=O)c2ccc([*])cc2)cc1,,,4.6084
5139,[*]c1cc2c(C(=O)N(C2=O)c2ccc(cc2)C(=O)OCCCCCCCCCCCCOC(=O)[*])cc1,46.8,163.81,
11209,[*]C(=O)NCCCCCCNC(=O)c1cc(O)cc([*])n1,,,4.8984
3786,[*]Oc1ccc(cc1)Oc1ccc(cc1)C=NCCCCCCCCCCCCN=Cc1ccc(cc1)[*],118.0,,
12195,[*]NC(C=C1)=CC=C1OC(=S)[*],,,3.7435
97,[*]C(C[*])c1ccc(cc1)C(CCCC)(O)C,82.5,,
9982,[*]NC1CCCC1C([*])=O,,,5.8804
2462,[*]C(C[*])C(=O)OCCCCCCCCCCCOc1ccc(cc1)C(=O)Oc1ccc(cc1)c1ccc(cc1)OC(CCCCCC)C,50.0,,
10898,[*]c1cc(OCCCC)c([*])s1,,,3.0691
7128,[*]C1OCc2cc3c(cc2CO1)COC(OC3)CCCCCCCC(=O)NCCCCCCCNC(=O)CCCCCCC[*],,243.0,
10780,[*]OC1C(O)C([*])OC(CO)C1O,,,6.8487
8759,[*]Sc1ccc(cc1)C=Nc1ccc(cc1)c1ccc(cc1)N=Cc1ccc(cc1)[*],,300.0,
2886,[*]c1oc2c(n1)ccc(c2)c1ccc2c(oc(n2)CCCCCCCCCC[*])c1,64.0,209.0,
35,[*]C(C[*])C1CC(CCC1)C,141.0,315.5,
8811,[*][Si](c1ccc(cc1)[*])(c1ccc(cc1)C#C[Si](C)(C)C)C,,137.25,
10773,[*]Oc1cccc2c(OC3(F)C([*])(F)C(F)(F)C3(F)F)cccc12,,,3.9081
688,[*]Oc1ccc(cc1)S(=O)(=O)c1ccc(cc1)Oc1ccc(cc1)Cc1ccc(cc1)[*],184.52,,
648,[*]Oc1ccc(cc1)C(=O)OC(=O)c1ccc(cc1)OCCCCC[*],53.0,184.5,
1250,[*]Oc1c(cc(cc1)C(c1cc(c(cc1)OC(=O)c1ccc(cc1)C(=O)[*])Cl)(C)C)Cl,190.0,,
9276,[*]CCO[*],,,5.5372
4369,[*]Oc1ccc(cc1)CC(NC(=O)CCc1ccc(cc1)OC(=O)CCCCCCCCC(=O)[*])C(=O)OCCCCCC,19.46,,
7524,[*]NC(=O)c1ccc(cc1)C(=O)NCCCC[*],,368.3333333,
12354,[*]CC(C)(C[*])CN(C)CC1C2CC3CC(C2)CC1C3,,,4.7692
4018,[*]Oc1ccc(cc1)c1ccc(cc1)Oc1c(c(c(c(c1F)F)COC(c1cc(ccc1)C(OCc1c(c(c(c(c1F)F)[*])F)F)(C(F)(F)F)C(F)(F)F)(C(F)(F)F)C(F)(F)F)F)F,110.0,,
6795,[*]OS(=O)(=O)c1c(ccc(c1)S(=O)(=O)Oc1c(cc(cc1)C1(CCCCC1)c1cc(c(cc1)[*])C)C)C,141.0,,
2443,[*]C(C[*])(C(=O)OCCCCOc1ccc(cc1)C(=O)Oc1ccc(cc1)OC)C,45.0,,
10030,[*]Nc1ccc(C(=O)c2c(C)c(C)c(C(=O)c3ccc(NC(=O)c4ccc(C([*])=O)cc4)cc3)c(C)c2C)cc1,,,3.4851
8646,[*]S(=O)(=O)CCCCCS(=O)(=O)CCCCCC[*],,223.0,
10346,[*]CC(CC([*])(C#N)C#N)c1ccc(Cl)cc1,,,4.6797
8209,[*]OC(COC(=O)Cc1ccc(cc1)CC(=O)[*])C,,40.0,
10443,[*]C(C)C([*])C(=O)OC,,,6.2685
11035,[*]OC(C)CCOC(=O)CCCCCC([*])=O,,,6.5798
8853,[*]c1ccc(cc1)/C=C/c1c(cc(c(c1)CCCCCCCCC)/C=C/[*])CCCCCCCCC,,326.0,
10,[*]C(C[*])(C)C,-65.41,52.14,
12097,[*]CC(=S)CC(=S)[*],,,2.5423
12103,[*]CC(=S)OC(=S)[*],,,3.3702
8842,[*]c1cc2c(C(=O)N(C2=O)c2ccc(cc2)Oc2cc3c(cc2)ccc(c3)Oc2ccc(cc2)N2C(=O)c3c(C2=O)cc(cc3)C(=O)Nc2ccc(cc2)NC(=O)[*])cc1,,460.0,
10446,[*]CC([*])C(=O)NCCO,,,4.8564
8018,[*]OC(=O)c1cc(ccc1)C(=O)OCCCCCCCCCCCCCCCCCCCC[*],,47.5,
6564,[*]N(CC(CCCCC(C[*])O)O)c1ccc(cc1)N(C)C,72.0,,
4284,[*]Oc1ccc(cc1)OC(=O)c1c(cc(cc1)C(=O)[*])Sc1ccc(cc1)Cl,140.0,308.0,
5022,[*]Nc1cc(cc(c1)C(=O)Nc1c2C(=O)c3c(C(=O)c2ccc1)cccc3)NC(=O)Nc1ccc(cc1)NC(=O)[*],190.0,,
332,[*]C(C[*])C(=O)OC(CC)C,-20.4,127.5,
220,[*]C([*])O,137.0,,6.4482
1660,[*]N1C(=O)c2c(C1=O)cc(cc2)Oc1cc2c(C(=O)N(C2=O)c2cc(ccc2)Oc2ccc(cc2)[*])cc1,233.75,315.0,
1754,[*]N1C(=O)c2c(C1=O)cc(cc2)Oc1ccc(cc1)Oc1cc2c(C(=O)N(C2=O)c2ccc(cc2)Oc2cc(ccc2)Oc2ccc(cc2)[*])cc1,199.0,330.0,
8668,[*]S(=O)(=O)c1ccc(cc1)C(=O)NCCCC(CCCNC(=O)c1ccc(cc1)[*])(C)C,,268.0,
11457,[*]c1ccc2c(c1)C(=O)N(c1cc(N3C(=O)c4ccc(C([*])(C(F)(F)F)C(F)(F)F)cc4C3=O)c(O)cc1O)C2=O,,,2.7003
9683,[*]CCCCCCCCCCCCCCCCCCCCOC(=O)CCCCC(=O)O[*],,,6.8416
10557,[*]OC1CCC(C=C)CC1[*],,,5.6824
7666,[*]OC([*])CCC(=O)OC,,150.0,6.1873
10836,[*]c1ccc(-c2csc(-c3cccc(-c4nc([*])cs4)n3)n2)cc1,,,3.3649
11733,[*]Nc1nc([*])nc(Cl)n1,,,4.4996
12322,[*]Oc8ccc(C7(c5ccc(OC(=O)c4ccc(C3(c1ccc(C([*])=O)cc1)OC(=O)c2ccccc23)cc4)cc5)OC(=O)c6ccccc67)cc8,,,4.0362
492,[*]C(C[*])C(=O)OCC(C(OC(C(C(C(F)(F)F)(F)F)(F)F)(F)F)(F)F)(F)F,-68.0,,
1525,[*]Nc1cc(cc(c1)c1c(=O)oc2c(cccc2)n1)NC(=O)c1ccc(cc1)C(=O)[*],103.0,,
7447,[*]NC(=O)CCCCCCCCCCC(=O)NCCCCCCCCCCCC[*],,179.95,
846,[*]c1nc2c(nc1)cc(cc2)c1cc2c(nc(cn2)c2ccc(cc2)Oc2ccc(cc2)Oc2ccc(cc2)[*])cc1,195.0,,
1663,[*]N1C(=O)c2c(C1=O)cc(cc2)Oc1cc2c(C(=O)N(C2=O)c2cc(ccc2)Oc2cc(ccc2)Oc2cc(ccc2)[*])cc1,189.33,,
9624,[*]CCCCCCCCOC(=O)CCCCCCC(=O)O[*],,,6.7527
6277,[*]N1C(=O)c2c(C1=O)cc(cc2)C(c1cc2c(C(=O)N(C2=O)CCCCCCCCCCCC[*])cc1)(C(F)(F)F)C(F)(F)F,100.0,,
12075,[*]CC(=O)C(C=C1)=CC=C1O[*],,,4.1635
10834,[*]Cc1nc(-c2ccc(-c3csc([*])n3)cc2)cs1,,,3.8894
2593,[*]C(C[*])(C(=O)Oc1ccc(cc1)C(=O)C=Cc1cc(c(cc1)OC)OC)C,137.0,,
3327,[*]Oc1cc(ccc1)Oc1ccc(cc1)C(=O)c1ccc(cc1)NC(=O)c1ccc(cc1)C(=O)Nc1ccc(cc1)C(=O)c1ccc(cc1)[*],190.0,388.0,
659,[*]O[Si](O[Si](O[Si](O[Si](O[Si](c1ccc(cc1)Oc1ccc(cc1)[Si]([*])(C)C)(C)C)(C)C)(C)C)(C)C)(C)C,-65.0,,
7474,[*]NC(=O)CCCCCCCCCCCCCCCCCCC(=O)NCCCCCCCC[*],,179.0,
12240,[*]COC(=O)NCCNC[*],,,5.81
3728,[*]c1sc(nn1)c1cc(ccc1)OCCCCCCCCCCCOC(=O)c1ccc(cc1)C(=O)OCCCCCCCCCCCOc1ccc(cc1)[*],49.5,120.0,
11529,[*]CCCCCCOC(=O)OCCCCCCCCOC(=O)OCCCCCCn1c(=O)c2cc3c(=O)n([*])c(=O)c3cc2c1=O,,,3.7768
12035,[*]CC(C=C1)=CC=C1CC(=S)[*],,,3.2973
8012,[*]OC(=O)c1c(cccc1)c1c(cccc1)C(=O)OCCOCC[*],,72.0,
5243,[*]N1C(=O)c2c(C1=O)c(c(c(c2c1ccccc1)c1ccccc1)c1ccc(cc1)Oc1ccc(cc1)Oc1ccc(cc1)c1c(c2c(C(=O)N(C2=O)c2cc(ccc2)Oc2cc(ccc2)Oc2cc(ccc2)[*])c(c1c1ccccc1)c1ccccc1)c1ccccc1)c1ccccc1,238.0,,
8143,[*]OC(C([*])C)(C)C,,188.0,
1340,[*]NC(=O)c1cc(cc(c1)C(C)(C)C)C(=O)NCC1CCC(CC1)C[*],236.0,311.0,
10675,[*]CCCCCCOC(=O)OCCCCCCOC(=O)OCCCCCCOc1ccc(C(=O)c2ccc(O[*])cc2)cc1,,,4.1722
4310,[*]OC(=O)c1ccc(cc1)c1ccc(cc1)c1ccc(cc1)C(=O)OCCCCCC[*],60.0,,
6542,[*]c1nc2c(c(c1)c1ccccc1)cc(cc2)c1cc2c(nc(cc2c2ccccc2)c2ccc(cc2)C2(c3ccccc3c3ccccc23)c2ccc(cc2)[*])cc1,420.0,,
10840,[*]c1ccc([*])s1,,,1.6203
2660,[*]C(C[*])(C(=O)OCCCCCCCCCCn1c2ccc(cc2c2ccccc12)C=C(C(=O)OC)C#N)C,58.0,,
8564,[*]Oc1ccc(cc1)N=Cc1ccc(cc1)OC(=O)c1ccc(cc1)C=Nc1ccc(cc1)OCCCCCCOC(=O)NCCCCCCNC(=O)OCCCCCC[*],,185.4,
2947,[*]Oc1ccc(cc1)NC(=O)CCCCCC(=O)Nc1ccc(cc1)OCC(COc1ccc(cc1)C(c1ccc(cc1)OCC(C[*])O)(C)C)O,116.0,,
6265,[*]N1C(=O)c2c(C1=O)c(ccc2)c1cc2c(C(=O)N(C2=O)c2cc(ccc2)Oc2ccc(cc2)[*])cc1,286.0,,
7731,[*]OC(=O)CCC(=O)OCC(C[*])(CC)CC,,46.0,
2252,[*]C(=C([*])C)[Si](C[Si](C)(C)C)(C)C,200.0,,
5610,[*]c1cc2c(C(=O)N(C2=O)c2ccc(cc2)Oc2ccc(cc2)N2C(=O)c3c(C2=O)cc(cc3)C(=O)Oc2cc3c(cc2)ccc(c3)OC(=O)[*])cc1,246.0,,
5927,[*]c1cc2c(C(=O)N(C2=O)c2c(cc(c(c2C)N2C(=O)c3c(C2=O)cc(cc3)C(=O)Nc2cc(c(cc2)c2c(cc(cc2)NC(=O)[*])C)C)C)C)cc1,259.0,,
2117,[*]C(CCCCC[*])C,-66.0,,
12411,[*]CC([*])(C)C(=O)OCC[N+](=O)[O-],,,4.7247
7914,[*]OC(=O)NCCCCCCNC(=O)OCC#CC#CC[*],,149.0,
3470,[*]OCCOCCOCCCNC(=O)CNC(=O)C(NC(=O)C(NC(=O)CCCCCCCCC(=O)NC(C(=O)NC(C(=O)NCC(=O)NCCC[*])C(C)C)Cc1ccccc1)Cc1ccccc1)C(C)C,58.0,213.0,
10494,[*]c1ccc2c(c1)Cc1cc([*])ccc1-2,,,3.7772
9691,[*]CCCCCCCCCCCCCCCCCCCCOC(=O)CCCCCCCCC(=O)O[*],,,6.784
4784,[*]Nc1c(cc(cc1)NC(=O)c1ccc(cc1)NC(=O)CCCCCCCCC(=O)Nc1ccc(cc1)C(=O)[*])C(=O)OCCCCCCCCCCCC,228.5,,
7871,[*]OC(=O)COCC(=O)OCCOCCOCC[*],,-4.5,
4075,[*]OC(C[*])COC(OCC)C,-67.0,,
1698,[*]c1cc2c(C(=O)N(C2=O)c2cc(ccc2)Cc2cc(ccc2)N2C(=O)c3c(C2=O)cc(cc3)C(=O)[*])cc1,241.33,,
10932,[*]c1cccc(-c2ccc(-c3ccc([*])s3)s2)n1,,,2.8359
8706,[*]SC(=O)Nc1ccc(cc1)Cc1ccc(cc1)NC(=O)SCCCCCCCCCC[*],,207.5,
6254,[*]N1C(=O)c2c(C1=O)cc(cc2)Oc1cc2c(C(=O)N(C2=O)c2ccc(cc2)Oc2ccc(cc2)C(=O)c2cc(ccc2)[*])cc1,232.0,,
5134,[*]c1cc2c(C(=O)N(C2=O)c2ccc(cc2)C(=O)OCCCCCCCOC(=O)[*])cc1,77.0,167.925,
10588,[*]OC1CC(c2ccccc2)CC([*])O1,,,5.8678
6599,[*]c1ccc2n(c3c(c2c1)cc(cc3)c1cc2C(c3c(c2cc1)ccc(c3)[*])(CCCCCC)CCCCCC)c1ccc(cc1)C,155.0,,
10008,[*]CCCCCNC(=O)C(CCCCCCCCCCCC)C(=O)N[*],,,5.7457
2074,[*]OS(=O)(=O)c1cc(ccc1)C(=O)c1cc(ccc1)S(=O)(=O)Oc1ccc(cc1)C(c1ccc(cc1)[*])(C)C,122.0,200.0,
7001,[*]C(C[*])C(=O)C(C)(C)C,,145.0,
9889,[*]CCCCCCCCCNC(=O)CCCCCCCCCC(=O)N[*],,,5.9794
10624,[*]COC(=O)OCC1OC(C)(C)OC1[*],,,6.6512
1988,[*]O[Si](O[Si]([*])(c1c(c(c(c(c1F)F)F)F)F)C)(C)C,-65.0,,
4452,[*]Oc1ccc(cc1)CC(NC(=O)CCc1ccc(cc1)OC(=O)CCCCCCCCC(=O)[*])C(=O)OC(CC)C,36.0,,
4794,[*]Nc1c(cc(cc1)NC(=O)c1ccc(cc1)NC(=O)CCCCCCCCC(=O)Nc1ccc(cc1)C(=O)[*])C(=O)OCCCCCCCCCCCCCCCCCC,280.0,,
5930,[*]N1C(=O)c2c(C1=O)cc(cc2)c1cc2c(C(=O)N(C2=O)c2ccc(cc2)Oc2ccc(cc2)C(=O)c2ccc(cc2)Oc2ccc(cc2)[*])cc1,253.0,,
2177,[*]C(C[*])c1ccc(cc1)[Si](O[Si](C)(C)C)(O[Si](C)(C)C)O[Si](C)(C)C,114.0,,
4447,[*]Oc1ccc(cc1)CC(NC(=O)CCc1ccc(cc1)OC(=O)CCC(=O)[*])C(=O)OC(CC)C,75.0,,
1215,[*]OC(=O)c1cc(ccc1)C(=O)OCC(C(C(C[*])(F)F)(F)F)(F)F,23.5,104.0,
618,[*]OC(=O)CCCCCCCC(=O)OCCOCC[*],-71.0,-33.5,
9198,[*]CC([*])(C)C(=O)OCCBr,,,5.9262
3417,[*]c1oc(nn1)c1sc(cc1CCCCCCCC)c1oc(nn1)c1c(cc(c(c1)OCCCCCCCC)[*])OCCCCCCCC,124.3,,
5210,[*]c1cc2c(C(=O)N(C2=O)c2cc(ccc2)S(=O)(=O)c2cc(ccc2)N2C(=O)c3c(C2=O)cc(cc3)C(=O)[*])cc1,263.33,,
6584,[*]c1ccc2n(c3c(c2c1)cc(cc3)C=Cc1ccc(cc1)c1n(c(nn1)c1ccc(cc1)C=C[*])c1ccccc1)CCCCCCCC,147.0,,
5229,[*]N1C(=O)c2c(C1=O)cc(cc2)[Si](c1cc2c(C(=O)N(C2=O)c2cc(ccc2)Cc2cc(ccc2)[*])cc1)(C)C,238.0,,
6438,[*]OC(=O)OCC(C(C[*])OC(=O)Oc1ccc(cc1)C(=O)OC)OC(=O)Oc1ccc(cc1)C(=O)OC,51.38,,
9955,[*]CCCCCC(=O)NCc1ccc(CNC(=O)CCCCO[*])cc1,,,5.142
8583,[*]Oc1ccc(cc1)OC(=O)c1cc(ccc1)Sc1ccc(cc1)OC(=O)c1ccc(cc1)C(=O)Oc1ccc(cc1)Sc1cc(ccc1)C(=O)[*],,311.0,
10353,[*]CC([*])Cn1cc2ccccc2n1,,,3.9074
3153,[*]c1nnc(nc1c1ccc(cc1)Oc1ccc(cc1)c1ccc(cc1)Oc1ccc(cc1)[*])c1ncccc1,230.0,,
9883,[*]CCCCCCCNC(=O)CCCCCCCC(=O)N[*],,,5.8296
8029,[*]OC(=O)c1cc(ccc1)c1cc(ccc1)C(=O)OCCOCC[*],,72.0,
12081,[*]CC(=O)C(=S)C(S1)=CC=C1[*],,,2.5515
6514,[*]N=P([*])(Oc1ccc(cc1)CC)Oc1ccc(cc1)CC,-18.0,,
11831,[*]CC(O)C(O)CN([*])c1ccc(N(C)C)cc1,,,3.7705
8882,[*]c1n(c(nn1)CCCCCCCC[*])N,,257.0,
136,[*]C(C[*])c1ccc(cc1)OCCC(C)C,57.0,,
8266,[*]OCCCC(=O)NCc1ccc(cc1)CNC(=O)CCCCCCCCCC[*],,220.0,
9066,[*]n1c(=O)c2cc3c(cc2c1=O)c(=O)n(c3=O)CCCCCCCCCCCC(=O)Oc1ccc(cc1)c1ccc(cc1)OC(=O)CCCCCCCCCCC[*],,239.0,
4811,[*]Nc1ccc(cc1)C(=O)Nc1ccc(cc1)Cc1ccc(cc1)NC(=O)c1ccc(cc1)NC(=O)c1ccc(cc1)[Si](c1ccc(cc1)C(=O)[*])(C)C,300.0,,
7741,[*]OC(=O)CCCC(=O)OCC(C(C(C(C[*])(F)F)(F)F)(F)F)(F)F,,40.0,
9916,[*]CC1CCC(CNC(=O)CCCC(=O)N[*])CC1,,,6.0036
4176,[*]c1ncc(cc1)c1sc(c(c1)CCCCCCCC)c1ccc(cc1)c1sc(cc1CCCCCCCC)[*],16.2,,
8411,[*]Oc1c2c(ccc1)ccc(c2)OC(=O)c1c(cccc1)C=Cc1ccc(cc1)C=Cc1c(cccc1)C(=O)[*],,300.0,
9237,[*]CC([*])(C#N)C(=O)OC(C)C,,,6.4883
2467,[*]C(C[*])(C(=O)OCCCc1ccc(cc1)N=Nc1ccc(cc1)OC(F)(F)F)C,211.5,,
930,[*]N1C(=O)c2c(C1=O)cc(cc2)Oc1c2c(ccc1)c(ccc2)Oc1cc2c(C(=O)N(C2=O)c2ccc(cc2)C(c2ccc(cc2)C(c2ccc(cc2)[*])(C)C)(C)C)cc1,253.0,,
11837,[*]c1ccc([*])c2nc(CC)c(CC)nc12,,,3.3743
8361,[*]Oc1c(cc(cc1)C=C1C(=O)C(=Cc2cc(c(cc2)OCCCCC[*])OC)CC(C1)C(C)(C)C)OC,,110.0,
6840,[*]c1ccc(cc1)c1ccc(cc1)C(=Cc1c(cc(c(c1)OC)C=C([*])c1ccc(cc1)F)OC)c1ccc(cc1)F,201.0,,
12426,[*]c1cc(CC(=O)OCCN(CC)c2ccc(N=Nc3ccc([N+](=O)[O-])cc3)cc2)c([*])s1,,,2.2179
7978,[*]OC(=O)Nc1ccc(cc1)NC(=O)OCCN(CC[*])CCCCCCOc1ccc(cc1)N=Nc1ccc(cc1)OC,,65.0,
8505,[*]Oc1ccc(cc1)C(=O)OCCOC(=O)CCCCCC[*],,55.0,
2586,[*]C(C[*])(C(=O)OCc1cc(c(cc1)Cl)Cl)C,34.45,,
285,[*]C(C[*])OC(=O)c1ccc(cc1)[N+](=O)[O-],122.0,,
7994,[*]OC(=O)c1c(cccc1)C(=O)OCCCCC[*],,6.75,
2237,[*]C(C[*])OC(=O)C(Cl)(Cl)Cl,59.0,,
6864,[*]c1cc2C(c3c(c2cc1)ccc(c3)c1c(cc(c(c1)CCCCCCCC)[*])CCCCCCCC)(CCCCCC)CCCCCC,74.5,,
355,[*]C(C[*])C(=O)OCC(C(OC(F)(F)F)(F)F)(F)F,-55.0,,
798,[*]OC(=O)COCC[*],-13.81,105.1536,
9446,[*]CCOCCOCCOCCOCCOc1ccc(C=C(C)c2ccc(O[*])cc2)cc1,,,3.9391
9091,[*]CC([*])CC(C)C,,,6.7394
8732,[*]SCCCCSCCCCC[*],,67.0,
9729,[*]CCCCOC(=O)CC(=O)O[*],,,6.6946
12140,[*]C(=O)C(S1)=CC=C1C(C=C2)=CC=C2C(S3)=CC=C3[*],,,2.5282
3881,[*]OC(C[*])COCOCC(C)([N+](=O)[O-])[N+](=O)[O-],-17.5,,
985,[*]Oc1c(cc(cc1)Oc1ccc(cc1)C(=O)Nc1ccc(cc1)Oc1ccc(cc1)c1ccc(cc1)Oc1ccc(cc1)NC(=O)c1ccc(cc1)[*])c1ccccc1,232.0,,
2556,[*]C(C[*])C(=O)OCCCCCCOc1ccc(cc1)c1ccc(cc1)C#N,42.0,,
1657,[*]N1C(=O)c2c(C1=O)cc(cc2)Oc1cc2c(C(=O)N(C2=O)c2ccc(cc2)[*])cc1,363.0,,
10882,[*]c1sc([*])c(OC)c1OC,,,4.1637
8232,[*]OCC(=O)NCCNC(=O)COCC[*],,168.0,
4377,[*]Oc1ccc(cc1)NC(=O)c1ccc(cc1)[Si](c1ccc(cc1)C(=O)[*])(C)C,220.0,,
11849,[*]Nc1cc(F)c([*])cc1F,,,3.4723
6631,[*]N(CC[*])C(=O)c1c(cc(cc1F)F)F,135.0,,
5543,[*]c1cc2c(C(=O)N(C2=O)c2ccc(cc2)N(C(=O)c2ccc(cc2)N2C(=O)c3c(C2=O)cc(cc3)C(=O)[*])C)cc1,313.0,,
2615,[*]C(C[*])(C(=O)OCCCCCCOc1ccc(cc1)N=Nc1ccncc1)C,40.0,,
403,[*]C(C[*])(C(=O)OCCCCCCCCCC)C,-64.5,,
11135,[*]CC(=O)NC(C)C(=O)O[*],,,5.8615
10521,[*]CCCCCCCC(=O)OC1COC([*])OC1,,,6.6422
9560,[*]CCCCCCOC(=O)SSC(=O)O[*],,,5.2035
5572,[*]N1C(=O)c2c(C1=O)cc(cc2)c1cc2c(C(=O)N(C2=O)c2cc(c(c(c2)C(=O)OCCCCCCCC)c2c(cc(cc2Br)[*])C(=O)OCCCCCCCC)Br)cc1,135.5,,
4429,[*]OC(=O)c1cc2c(cc1)cc(cc2)C(=O)OCCCCCCCCCCCC[*],38.5,102.0,
8233,[*]OCC(C[*])(CBr)CBr,,220.0,
11062,[*]CC(CCl)(CCl)COC(=O)CCCCCCCCC(=O)O[*],,,6.9205
6607,[*]O[Si](CCCN=C1c2c(ccc(c2C(=NCCC[Si]([*])(C)C)c2ccccc12)O)O)(C)C,7.5,,
12440,[*]CCCCCCCCCCCCCCCC[N+](C)(C)CCCCCC[N+]([*])(C)C,,,0.1771
10021,[*]CCCCCCc1nc2cc(NC(=O)CCCCCCCCC(=O)Nc3ccc4oc([*])nc4c3)ccc2o1,,,4.6818
11227,[*]NNC(=O)CCCCCCCCCCCCCCCCC([*])=O,,,5.9847
1552,[*]OC(=O)Nc1cc(c(cc1)C)NC(=O)OCCC[*],6.0,,
11873,[*]c1ccc2c([*])c(-c3ccccc3)[nH]c2c1,,,3.6113
10758,[*]c1ccc(-c2nnc([*])o2)c(OCCCCC)c1,,,3.0444
8171,[*]OC(C[*])COc1ccc(cc1)OC,,154.5,
12058,[*]CCC(=O)C(S1)=CC=C1[*],,,3.959
3416,[*]Oc1ccc(cc1)C(=O)c1cc(ccc1)c1cc(ccc1)C(=O)c1ccc(cc1)[*],123.0,,
7034,[*]C(C[*])CC(CC)(C)C,,350.0,
5045,[*]N1C(=O)c2c(C1=O)cc(cc2)C(=O)Oc1ccc(cc1)c1ccc(cc1)OC(=O)c1cc2c(C(=O)N(C2=O)CCCC[*])cc1,126.0,394.0,
1224,[*]OC(=O)c1cc2c(cc1)cc(cc2)C(=O)OCCCCC[*],50.83,135.0,
1211,[*]OC(=O)c1cc(ccc1)C(C(C(C(C(c1cc(ccc1)C(=O)OCC(C(C(C[*])(F)F)(F)F)(F)F)(F)F)(F)F)(F)F)(F)F)(F)F,19.83,125.0,
5501,[*]c1cc2c(C(=O)N(C2=O)c2c(cc(cc2C)c2cc(c(c(c2)C)N2C(=O)c3c(C2=O)cc(cc3)C(=O)Nc2ccc(cc2)C(c2ccc(cc2)NC(=O)[*])(C(F)(F)F)C(F)(F)F)C)C)cc1,318.0,,
5266,[*]OC(=O)NC(=O)c1cc(ccc1)C(=O)NC(=O)OCC(C[*])CCCCCCCC,65.0,,
9765,[*]CC(F)(F)C(F)(F)C(F)(F)C(F)(F)COC(=O)CCCC(=O)O[*],,,7.0209
365,[*]C(C[*])(C(=O)OCC(C)C)C,54.04,,
7874,[*]OC(=O)CSC(=O)NCCCCCCNC(=O)SCC(=O)OCC[*],,100.5,
3965,[*]Oc1c(cc(cc1OC)C=Cc1ccc(cc1)C=Cc1ccc(cc1)C=Cc1cc(c(c(c1)OC)OCCCCCCCC[*])OC)OC,78.7,,
8404,[*]Oc1c(cccc1)OC(=O)c1c(cccc1)C=Cc1ccc(cc1)C=Cc1c(cccc1)C(=O)[*],,300.0,
1845,[*]C1C(=O)OC(=O)C(C1)C[*],140.0,,
9768,[*]CCCCOC(=O)C1CCC(C(=O)O[*])CC1,,,6.3839
11683,[*]Oc1ccc(C(=O)c2ccc(OC(=O)OC3C(C)(C)C(OC([*])=O)C3(C)C)cc2)cc1,,,4.4802
11983,[*]C(S1)=CC=C1OC(S2)=CC=C2O[*],,,3.7097
11113,[*]CCCCCCCCCCCCCCCCOC(=O)CC=CCC(=O)O[*],,,5.8517
11619,[*]c1ccc(SSc2ccc(-n3c(=O)c4cc5c(=O)n([*])c(=O)c5cc4c3=O)cc2)cc1,,,2.3111
6999,[*]C(C[*])/C=C/C,,5.0,
4638,[*]Oc1ccc(cc1)C(=Cc1ccc(cc1)c1ccc(cc1)C=C(c1ccc(cc1)OC(=O)CCCCC(=O)[*])c1ccccc1)c1ccccc1,128.0,,
4610,[*]OC(=O)c1ccc(cc1)c1ccc(cc1)C(=O)OCC(C[*])(CC)C,99.0,,
7769,[*]OC(=O)CCCCC(=O)OCCNC(=O)c1ccc(cc1)c1ccc(cc1)C(=O)NCC[*],,304.5,
8669,[*]S(=O)(=O)c1ccc(cc1)C(=O)NCCCCCCNC(=O)c1ccc(cc1)[*],,310.0,
8061,[*]OC(=O)c1ccc(cc1)C(=O)NCCCCNC(=O)c1ccc(cc1)C(=O)OCCCCCCCCCCCC[*],,258.0,
10530,[*]OCC(F)(F)C(F)(F)C(F)(F)COc1nc(F)nc([*])c1F,,,5.4692
4852,[*]Nc1ccc(cc1)C(c1ccc(cc1)NC(=O)c1cc(cc(c1)C(C)(C)C)C(=O)[*])(P1(=O)c2ccccc2c2ccccc2O1)P1(=O)c2ccccc2c2ccccc2O1,235.0,,
4117,[*]c1sc(cc1)c1sc(cc1)c1sc(cc1)c1sc(cc1)[Si]([Si]([*])(CCCC)CCCC)(CCCC)CCCC,-1.0,,
4128,[*]c1sc(cc1CCCCCCCCCCCC)c1sc(c(c1)CCCCCCCCCCCC)c1ccc(cc1)[*],59.6,,
10691,[*]Oc1ccc(NC(=O)c2ccc(Oc3ccc(C(=O)Nc4ccc([*])cc4)c(C(=O)O)c3)cc2C(=O)O)cc1,,,3.3446
364,[*]C(C[*])(C(=O)OC(CC)C)C,59.67,,
4953,[*]OC(=O)NCCCCCCNC(=O)OCCN(CC[*])c1cc(c(cc1)N=Nc1ccc(cc1)[N+](=O)[O-])C,75.0,,
1749,[*]N1C(=O)c2c(C1=O)c(ccc2)Oc1cc(ccc1)Oc1c2c(C(=O)N(C2=O)c2ccc(cc2)Oc2cc(ccc2)Oc2ccc(cc2)[*])ccc1,193.0,,
4229,[*]Oc1ccc(cc1)S(=O)(=O)c1ccc(cc1)OC(=O)c1cc(cc(c1)CCCCC)C(=O)[*],170.0,246.0,
5002,[*]OC(=O)NCCCCCCNC(=O)OCC(C[*])(C(=O)O)C,-26.0,105.0,
8312,[*]OCc1cc(cc(c1)OCCCCCCCCCCCCCCCC)COCCOCCOCCOCCOCC[*],,32.0,
11649,[*]CCCCCCOC(=O)SNc1ccc(Cc2ccc(NSC(=O)O[*])cc2)cc1,,,4.1148
9150,[*]C(F)(F)C([*])(F)OC(F)(F)C(F)(F)F,,,8.7447
1887,[*]Oc1ccc(cc1)C(c1ccc(cc1)OC(=S)[*])c1ccccc1,179.0,,
6307,[*]Nc1cc(ccc1)NC(=O)c1ccc(cc1)C(=O)Nc1ccc(cc1)C(=O)NC(=S)[*],273.0,,
7615,[*]Nc1c(cc(cc1)NC(=O)c1c(cc(cc1)C(=O)[*])Sc1ccc(cc1)Oc1ccc(cc1)S(=O)(=O)c1ccccc1)Oc1ccccc1,,340.0,
5010,[*]Nc1ccc(cc1)Cc1ccc(cc1)NC(=O)Nc1c(cccc1)CCc1ccc(cc1)NC(=O)[*],217.0,,
9974,[*]NC(CSSCc1ccccc1)C([*])=O,,,4.9511
569,[*]C1(C(C(C(C(C1(F)F)(F)F)(F)F)(C([*])(F)F)F)(F)F)F,101.0,,
4339,[*]Oc1ccc(cc1)C1(C2C3C(CCC3)C(C1)C2)c1ccc(cc1)OC(=O)c1ccc(cc1)C(=O)[*],322.0,,
3749,[*]Oc1ccc(cc1)N1ON1c1ccc(cc1)OCCCCCCOC(=O)CC(=O)OCCCCCC[*],16.0,,
6827,[*]Oc1c(c(cc(c1)Br)Br)[*],170.0,,
10654,[*]CC(C)(CO[*])COCC(F)(F)F,,,5.3043
7391,[*]NC(=O)CCC(=O)NCCCCCCCCCCCC[*],,239.5,
10987,[*]c1cc(COCCCCCCCCOc2ccc(-c3ccc(C#N)cc3)cc2)c([*])s1,,,2.9654
3672,[*]Oc1ccc(cc1)N(c1ccc(cc1)/C=C(/C(=O)NC1C(CCCC1)NC(=O)/C(=C/c1ccc(cc1)N(c1ccc(cc1)[*])CC)/C#N)\C#N)CC,235.0,,
2962,[*]Oc1ccc(cc1)C(=O)Nc1c(cccc1)c1ccc(cc1)NC(=O)c1ccc(cc1)[*],263.0,,
3263,[*]Oc1ccc(cc1)Oc1ccc(cc1)OCCCCCCOC(=O)OCCCCCOC(=O)OCCCCCC[*],-11.0,,
2906,[*]Oc1c(c(c(c(c1F)F)c1c(c(c(c(c1F)F)Oc1ccc(cc1)C(c1ccc(cc1)[*])(C(F)(F)F)C(F)(F)F)F)F)F)F,148.69,,
8499,[*]Oc1ccc(cc1)C(=O)OCCCCCCOC(=O)c1ccc(cc1)OCC[*],,175.0,
6052,[*]c1cc2c(C(=O)N(C2=O)c2ccc(cc2)N(c2ccc(cc2)N2C(=O)c3c(C2=O)cc(cc3)C(=O)[*])c2ccccc2)cc1,270.0,,
3921,[*]OP(=O)(OCCCCOc1c(cc(cc1)C=C1C(=O)C(=Cc2cc(c(cc2)OCCCC[*])OC)CC1)OC)OC,75.0,129.0,
8954,[*]c1oc(nn1)c1cc(ccc1)c1oc(nn1)CCCCCCCC[*],,350.0,
9107,[*]CC([*])c1ccc(C(=O)OCC(C)C)cc1,,,4.9663
6540,[*]c1nc2c(c(c1)c1ccccc1)cc(cc2)C1(c2ccccc2C(=O)c2ccccc12)c1cc2c(nc(cc2c2ccccc2)c2ccc(cc2)C2(c3ccccc3c3ccccc23)c2ccc(cc2)[*])cc1,405.0,,
7375,[*]NC(=O)CC(CCC[*])C,,182.75,
3314,[*]c1nc(nc(n1)c1ccc(cc1)Oc1ccc(cc1)C(c1ccc(cc1)Oc1ccc(cc1)[*])(C)C)c1ccccc1,228.0,,
8721,[*]SCCCCCC(=O)NCc1ccc(cc1)CNC(=O)CCCCC[*],,237.0,
6209,[*]c1cc2c(C(=O)N(C2=O)c2cc(cc(c2)OCCCCCCCCCCCC)N2C(=O)c3c(C2=O)cc(cc3)C(=O)[*])cc1,182.0,,
5320,[*]c1cc2c(C(=O)N(C2=O)c2cc(cc(c2)C(C)(C)C)N2C(=O)c3c(C2=O)cc(c(c3)Cl)C(=O)[*])cc1Cl,290.0,,
11879,[*]CCN([*])C(=O)c1c(F)cc(F)c(F)c1F,,,4.9884
1752,[*]N1C(=O)c2c(C1=O)c(ccc2)Oc1ccc(cc1)Oc1c2c(C(=O)N(C2=O)c2ccc(cc2)Oc2ccc(cc2)[*])ccc1,263.0,,
2833,[*]Oc1cc2c(cc1)cc(cc2)OC(=O)c1cc(ccc1)Oc1ccc(cc1)Oc1cc(ccc1)C(=O)[*],125.0,,
12387,[*]c1cccc(-c2nc3cc(-c4ccc5nc([*])c(-c6ccc7ccccc7c6)nc5c4)ccc3nc2-c2ccc3ccccc3c2)c1,,,3.0367
9985,[*]CC(C)(CCC)C(=O)N[*],,,5.8261
5983,[*]C1C(=O)N(C(=O)C1CC[*])CCCCNC(=O)C(C(C(C(C(C(C(F)(F)F)(F)F)(F)F)(F)F)(F)F)(F)F)(F)F,100.0,163.0,
10341,[*]CC([*])c1cc(OC)ccc1OC,,,3.8323
10645,[*]Oc1ccc(NC(=C(C#N)C#N)c2ccc(-c3ccc(-c4ccc(C(Nc5ccc([*])cc5)=C(C#N)C#N)cc4)cc3)cc2)cc1,,,3.7835
5059,[*]N1C(=O)c2c(C1=O)cc(cc2)C(=O)Oc1ccc(cc1)OC(=O)CCCCCC[*],74.32,220.45,
8062,[*]OC(=O)c1ccc(cc1)C(=O)NCCCCNC(=O)c1ccc(cc1)C(=O)OCCCCCCCCCCCCC[*],,248.0,
836,[*]ON(C(C([*])(F)F)(F)F)C(F)(F)F,-40.62,,
5497,[*]c1cc2c(C(=O)N(C2=O)c2c(ccc(c2)C(=O)Nc2c3c(ccc2)c(ccc3)NC(=O)c2cc(c(cc2)C)N2C(=O)c3c(C2=O)cc(cc3)C([*])(C(F)(F)F)C(F)(F)F)C)cc1,250.0,,
1917,[*]N(CC[*])C(=O)CCCCCCC,10.0,154.6666667,
160,[*]C(C[*])c1c(cc(c(c1)C)C)C,104.0,,
7906,[*]OC(=O)NCCCC[*],,206.85,
547,[*]C(=CCC[*])Cl,-43.35,62.57894737,
6403,[*]Oc1c(cc(cc1Br)C1(C2CCC(C1)C2)c1cc(c(c(c1)Br)OC(=O)[*])Br)Br,283.0,,
486,[*]C(C[*])(CC(=O)Oc1ccccc1)C(=O)Oc1ccccc1,132.0,,
9424,[*]CCOCCOCCOc1ccc(C=C(C)c2ccc(O[*])cc2)cc1,,,3.8885
11276,[*]NC(CCCNC(=O)c1ccc(Cl)cc1)C([*])=O,,,3.4369
8037,[*]OC(=O)c1ccc(cc1)C(=O)NCCCCCCNC(=O)c1ccc(cc1)C(=O)OCCCC[*],,300.0,
9705,[*]CCCCCCOC(=O)CCCCCNC(=O)CCCCC(=O)NCCCCCC(=O)O[*],,,5.8108
8081,[*]OC(=O)c1ccc(cc1)C(=O)NCCNC(=O)c1ccc(cc1)C(=O)OCCCCCCCCCCCCC[*],,257.0,
10096,[*]CC(C)(C)COC(=O)Nc1ccc(NC(=O)O[*])cc1,,,4.8883
5597,[*]c1cc2c(C(=O)N(C2=O)C2CCC(CC2)CC2CCC(CC2)N2C(=O)c3c(C2=O)cc(cc3)C(=O)[*])cc1,254.0,,
1801,[*]c1cc2c(C(=O)N(C2=O)c2ccc(cc2)Oc2c3c(ccc2)c(ccc3)Oc2ccc(cc2)N2C(=O)c3c(C2=O)cc(cc3)C(=O)Nc2ccc(cc2)Oc2ccc(cc2)S(=O)(=O)c2ccc(cc2)Oc2ccc(cc2)NC(=O)[*])cc1,260.0,,
9343,[*]C(=O)OCCOC(=O)c1ccc([*])o1,,,4.3379
8332,[*]OS(=O)(=O)c1cc(ccc1)P(=O)(c1cc(ccc1)S(=O)(=O)Oc1ccc(cc1)C(c1ccc(cc1)[*])(C)C)C,,185.0,
395,[*]C(C[*])C(=O)N,178.5,234.5,
9577,[*]CCCOC(=O)CCC(=O)O[*],,,6.805
197,[*]C(C[*])OCCCCC,-66.0,,
8736,[*]SCCSCCCC[*],,88.5,
5100,[*]C1C(=O)N(C(=O)C1C(C[*])(C)C)C,156.5,,
8471,[*]Oc1ccc(cc1)C(=O)CCCCCCCCC(=O)c1ccc(cc1)OC(=O)[*],,167.5,
1628,[*]c1cc2c(C(=O)N(C2=O)c2ccc(cc2)Cc2ccc(cc2)N2C(=O)c3c(C2=O)cc(cc3)C(C(C([*])(F)F)(F)F)(F)F)cc1,272.4,,
3930,[*]Oc1ccc(cc1)C(=O)CNc1ccc(cc1)S(=O)(=O)c1ccc(cc1)NCC(=O)c1ccc(cc1)[*],247.0,,
7642,[*]Nc1ccc(cc1)C=Cc1ccc(cc1)NC(=O)c1cc(ccc1)C(=O)[*],,500.0,
6115,[*]N1C(=O)c2c(C1=O)cc(cc2)Oc1cc2c(C(=O)N(C2=O)c2ccc(cc2)Sc2cc3c(C(=O)N(C3=O)CCc3ccccc3)cc2Sc2ccc(cc2)[*])cc1,218.0,,
3637,[*]c1oc(nn1)c1c2c(c(cc1)Oc1ccc(cc1)C=Cc1ccc(cc1)Oc1c3c(c(cc1)[*])cccc3)cccc2,238.0,,
2075,[*]OS(=O)(=O)c1cc(ccc1)S(=O)(=O)Oc1ccc(cc1)C(c1ccc(cc1)[*])(C)C,117.5,195.0,
2766,[*]c1cc2C(c3c(c2cc1)ccc(c3)[*])(CCCCCCCC)CCCCCCCC,57.66,,
7750,[*]OC(=O)CCCCC(=O)[*],,76.26666667,
11952,[*]c1cc([*])c(O)c(C=Nc2ccc(C(=O)O)cc2)c1,,,2.8212
11144,[*]Oc1ccc(CC(NC(=O)Cc2ccc(OC(=O)CC(C)CCC([*])=O)cc2)C(=O)OCCCCCC)cc1,,,4.8662
11918,[*]c1ccc([*])c(N(C)C)c1,,,4.5555
8230,[*]OCC([*])CCCCCCCCC(=O)Oc1ccc(cc1)c1ccc(cc1)C(=O)Oc1cccc(c1[N+](=O)[O-])OC(=O)c1ccc(cc1)c1ccc(cc1)OC(=O)CCCCCCCCC[*]O[*],,138.0,
119,[*]C(C[*])c1ccc(cc1)C(=O)OCCCC,76.0,,
1408,[*]Nc1ccc(cc1)NC(=O)c1cc(ccc1)C(=O)[*],285.75,495.0,
11222,[*]NNC(=O)CCC(=O)NNC(=O)CCCCCCCCC([*])=O,,,5.7186
2614,[*]C(C[*])(C(=O)OCCn1c2ccc(cc2c2ccccc12)N=Nc1ccc(cc1)[N+](=O)[O-])C,164.0,,
6390,[*]C1(C(=O)OC(=O)C1(C(C[*])OCCCC)C)C,197.0,,
9943,[*]NC(C)C(=O)NC(CCC(=O)OCC)C(=O)NCC([*])=O,,,5.3361
7831,[*]OC(=O)CCCCCNC(=O)CCCCC(=O)NCCCCCC(=O)OCC[*],,163.0,
984,[*]Oc1ccc(cc1)Oc1ccc(cc1)NC(=O)c1ccc(cc1)Oc1c(cc(cc1)Oc1ccc(cc1)C(=O)Nc1ccc(cc1)[*])c1ccccc1,209.0,,
1168,[*]OC(=O)CCCCCNC(=O)CCCCC(=O)NCCCCCC(=O)OCCCCCCCCCC[*],-12.0,137.0,
3703,[*]OC(C(=O)N(S(=O)(=O)C(C([*])(F)F)(F)F)[Li])(C(F)(F)F)F,67.0,,
717,[*]C1OCOC(C1)C[*],68.0,,
5184,[*]N1C(=O)c2c(C1=O)cc(cc2)C(=O)c1cc2c(C(=O)N(C2=O)CCCCCCCCCCC(=O)Nc2ccc(cc2)Oc2ccc(cc2)Oc2ccc(cc2)NC(=O)CCCCCCCCCC[*])cc1,122.0,,
2030,[*][Si](C[*])(CCCCC)CCCCC,-55.0,,
7242,[*]N1C(=O)c2c(C1=O)cc(cc2)Oc1ccc(cc1)C(c1ccc(cc1)Oc1cc2c(C(=O)N(C2=O)c2ccc(cc2)[*])cc1)(C)C,,265.0,
9851,[*]C(=O)CCCCCCCCC(=O)N1CCN([*])CC1,,,5.5924
3893,[*]Oc1c(cc(cc1)Oc1ccc(cc1)C(=O)c1ccc(cc1)C(=O)c1ccc(cc1)[*])c1ccc(cc1)S(=O)(=O)O,174.0,,
6793,[*]OS(=O)(=O)c1c(ccc(c1)S(=O)(=O)Oc1ccc(cc1)C1(CCCCC1)c1ccc(cc1)[*])C,140.0,,
11468,[*]C(=O)OCCCCCCCCCCCCOC(=O)c1ccc(N2C(=O)c3ccc([*])cc3C2=O)cc1,,,3.2472
3024,[*]c1oc(nn1)c1ccc(cc1)[Si](c1ccc(cc1)c1oc(nn1)c1ccc(cc1)c1ccc(cc1)[*])(c1ccccc1)c1ccccc1,278.0,423.0,
10439,[*]CC([*])C(=O)OC(OCC)C(F)(F)F,,,6.3353
760,[*]Oc1ccc(cc1)N=Nc1ccc(cc1)Oc1ccc(cc1)C(c1ccc(cc1)[*])(C)C,175.0,,
8981,[*]c1sc(cc1)[Si]([*])([Si](c1ccccc1)(C)C)C,,205.0,
11030,[*]CCCCCCOC(=O)CC(=O)O[*],,,7.0433
7763,[*]OC(=O)CCCCC(=O)OCCCCCCCC[*],,67.0,
2808,[*]Oc1ccc(cc1)c1ccc(cc1)Oc1ccc(cc1)C(=O)c1ccc(cc1)[*],165.3,413.9666667,
418,[*]C(C[*])C(=O)OCCSCC#N,-24.0,,
4857,[*]NC(=O)CCCCCCCCCCCCCCCCCCC(=O)NCCCCCCC[*],46.0,,
4262,[*]OC(=O)c1ccc(cc1)CC(=O)OCC(C[*])(C)C,33.0,,
7661,[*]OC([*])(C)C,,59.0,6.2991
6260,[*]c1oc(nn1)c1ccc(cc1)Oc1cc(ccc1)N1C(=O)c2c(C1=O)cc(cc2)[Si](O[Si](c1cc2c(C(=O)N(C2=O)c2cc(ccc2)Oc2ccc(cc2)[*])cc1)(C)C)(C)C,165.0,,
5711,[*]N1C(=S)N(C(=O)CC1=O)c1ccc(cc1)Oc1ccc(cc1)C(c1ccc(cc1)Oc1ccc(cc1)[*])(C(F)(F)F)C(F)(F)F,147.0,,
5378,[*]c1c2C(=O)N(C(=O)c2c(c2ccccc12)c1ccc(cc1)Oc1ccc(cc1)S(=O)(=O)c1ccc(cc1)Oc1ccc(cc1)[*])c1c(cccc1)c1ccccc1,278.0,,
11025,[*]OC(C)CCOC(=O)CCCCC([*])=O,,,6.6227
2071,[*]P1(=N[*])Oc2ccccc2c2ccccc2O1,160.0,,
11406,[*]COC(=O)NCCCCCCNC(=O)OCc1cccc([*])n1,,,5.1146
5718,[*]N1C(=O)c2c(C1=O)cc(cc2)c1cc2c(C(=O)N(C2=O)c2cc(cc(c2)C(=O)NCCCCCCCCCCCC)[*])cc1,243.1,,
7468,[*]NC(=O)CCCCCCCCCCCCCCCCC(=O)NCC[*],,233.0,
8518,[*]Oc1ccc(cc1)C(c1ccc(cc1)OC(=O)C1(C(C1)C(=O)[*])C)(C)C,,90.0,
7657,[*]Nc1ccc(cc1)NC(=O)c1c(cc(c(c1)SCCCCCCCCCCCCCCCC)C(=O)[*])SCCCCCCCCCCCCCCCC,,51.0,
7808,[*]OC(=O)CCCCCCCCC(=O)OCCC[*],,52.73,
744,[*]OC1C(CCCC1)[*],68.0,75.25,
681,[*]c1nc2c(nc1)ccc(c2)c1ccc2c(nc(cn2)c2ccc(cc2)Oc2ccc(cc2)Oc2ccc(cc2)[*])c1,235.0,,
1150,[*]OC(=O)c1ccc(cc1)C(=O)OCCCCCCC[*],-1.0,95.0,
10805,[*]OC(=O)OCCOCCOCCOC(=O)OC1COC2C([*])COC12,,,6.4799
6051,[*]c1cc2c(C(=O)N(C2=O)c2ccc(cc2)c2nc(cc(c2)c2ccc(cc2)OCCCC#N)c2ccc(cc2)N2C(=O)c3c(C2=O)cc(cc3)C([*])(C(F)(F)F)C(F)(F)F)cc1,339.0,,
10178,[*]C(=O)c1ccc2c(c1)C(=O)N(c1ccc3c(c1)Cc1cc(N4C(=O)c5ccc([*])cc5C4=O)ccc1-3)C2=O,,,2.2777
11889,[*]c1ccc2cc([*])n(C(C(=O)NO)n3ccc4ccccc43)c2c1,,,3.8694
464,[*]C(C[*])(C(=O)OCC(C(C(C(F)F)(F)F)(F)F)(F)F)C,36.67,,
1018,[*]Oc1ccc(cc1)NC(=O)c1ccc(cc1)P(=O)(c1ccc(cc1)C(=O)Nc1ccc(cc1)Oc1ccc(cc1)P(=O)(c1ccc(cc1)[*])c1ccccc1)c1ccccc1,225.0,,
11755,[*]c1ccc2cc(-c3nc4cc5nc([*])[nH]c5cc4[nH]3)ccc2c1,,,3.1978
8261,[*]OCCCC(=O)NCc1ccc(cc1)CC(=O)NCCCC[*],,234.0,
2363,[*]C(C[*])(C(=O)OCCCCCCOc1ccc(cc1)C=Nc1ccc(cc1)C#N)C,35.0,,
6946,[*]C([*])C,,145.0,
8105,[*]OC(=O)c1ccc(cc1)C(=O)OCCc1ccc(cc1)CC[*],,324.5,
4896,[*]c1ccc2c(nc([nH]2)c2cc(ccc2)c2nc3c([nH]2)ccc(c3)C(=O)Nc2ccc(cc2)NC(=O)c2ccc(cc2)NC(=O)[*])c1,322.0,,
2696,[*]C(C[*])(C(=O)OCCCCC(C(C(C(C(C(F)(F)F)(F)F)(F)F)(F)F)(F)F)(F)F)C,23.0,,
7234,[*]N1C(=O)C(CC1=O)SCCOCCSC1C(=O)N(C(=O)C1)c1ccc(cc1)C(=O)Oc1c2c(ccc1)c(ccc2)OC(=O)c1ccc(cc1)[*],,160.0,
11230,[*]NNC(=O)c1ccc(C(=O)NNC(=O)CCCCC([*])=O)cc1,,,4.3653
5968,[*]N1C(=O)c2c(C1=O)cc(cc2)c1cc2c(C(=O)N(C2=O)c2c(ccc(c2)[*])Oc2ccc(cc2)C(c2ccccc2)(C)C)cc1,275.0,,
208,[*]C(C[*])OC=O,34.25,,
7486,[*]NC(=O)CCc1ccc(cc1)CCC(=O)NCCCCCCCC[*],,289.0,
1517,[*]Nc1ccc(cc1)C(=O)c1c(c(c(c(c1C)C)C(=O)c1ccc(cc1)NC(=O)c1ccc(cc1)C(=O)[*])C)C,345.0,,
10464,[*]CC([*])C(=O)Nc1ccccc1Cl,,,4.5631
11395,[*]Nc1ccc(NC(=O)c2ccc(NC(=O)c3cc(NC(=O)C45CC6CC(CC(C6)C4)C5)cc(C([*])=O)c3)cc2)cc1,,,3.1839
4108,[*]c1sc(cc1)c1sc(cc1)c1sc(cc1)[Si]([*])(CCCC)CCCC,30.0,,
4694,[*]Nc1c(ccc(c1)NC(=O)C(=O)[*])C,-54.65,,
1357,[*]NC(=O)c1cc(ccc1)C(=O)NCC1CCC(CC1)C[*],208.0,307.5,
8300,[*]OCCOCCCNC(=O)CCCCCCCCC(=O)NCCC[*],,158.5,
111,[*]C(C[*])c1ccc(cc1)C(=O)N(CC)CC,102.0,,
9930,[*]CCCCCCCCCCCC(=O)N([*])C,,,5.8019
9800,[*]CCCCCCNC(=O)CCCCCCCC(=O)N[*],,,5.6457
9961,[*]CCCCCCNC(=O)C(=O)N[*],,,5.1495
3614,[*]C1COC2C1OCC2OC(=O)C(NC(=O)CCCCCCCCC(=O)NC(C(=O)O[*])CC(C)C)CC(C)C,89.0,,
7517,[*]NC(=O)c1cc(cc(c1)NC(=O)C=Cc1ccccc1)C(=O)NCCCCCC[*],,192.0,
7456,[*]NC(=O)CCCCCCCCCCCCC(=O)NCCCCCC[*],,208.0,
3258,[*]OC(=O)CCSCCC(=O)OCCOCCOCCOCC[*],-44.0,,
346,[*]C(C[*])C(=O)OCC(C(C(C(C(F)(F)F)(F)F)(F)F)(F)F)(F)F,-39.0,,
2311,[*]C=CC(C([*])C(=O)OCCCCCCN(c1ccc(cc1)N(C)C)C)C,2.0,,
9373,[*]CCOCCOCCOC(=O)NCCCCCCNC(=O)O[*],,,6.2098
2559,[*]C(C[*])C(=O)OCCN(c1ccc(cc1)N=Nc1c(cc(cc1)[N+](=O)[O-])Cl)CC,87.0,,
3000,[*]Oc1ccc(cc1)Oc1ccc(cc1)C(=O)c1c(c(c(c(c1c1ccc(cc1)F)c1ccc(cc1)F)c1ccc(cc1)F)c1ccc(cc1)F)C(=O)c1ccc(cc1)[*],266.0,,
9376,[*]CC(=O)OC(=O)c1cccc(O[*])c1,,,4.4815
5472,[*]N1C(=O)C(=C(C1=O)Cl)Oc1ccc(cc1)C(c1ccc(cc1)OC1=C(C(=O)N(C1=O)c1ccc(cc1)Oc1ccc(cc1)[*])Cl)(C(F)(F)F)C(F)(F)F,193.0,,
5666,[*]N1C(=O)C2CC3C(C2C1=O)CC(=O)N(C3=O)c1ccc(cc1)Oc1ccc(cc1)[*],350.0,,
4089,[*]c1sc(cc1CCCCCCCCCCCC)[*],-13.51,86.75833333,
8297,[*]OCCCCOCCCCCCCCCCOCCCCCCCCCC[*],,73.2,
7428,[*]NC(=O)CCCCCCCC(=O)NCc1ccc(cc1)C[*],,276.75,
1272,[*]Oc1cc(ccc1)OC(=O)c1ccc(cc1)[Si](c1ccc(cc1)C(=O)[*])(C)C,134.0,195.0,
11453,[*]CCN1C(=O)C(=CCCCC=C2SC(=S)N([*])C2=O)SC1=S,,,3.4576
807,[*]Oc1ccc(cc1)NC(=O)CCCCCCCC(=O)Nc1ccc(cc1)[*],160.0,300.0,
11337,[*]NC(CC(N)=O)C([*])=O,,,5.5305
12293,[*]CC(C#N)(C#N)C(C#N)C(C#N)(C#N)C(C#N)C(C#N)(C#N)[*],,,6.533
1325,[*]NC(=O)CCCCCCCCCCCC[*],41.0,182.5,
3904,[*]C1COC2C1OCC2Oc1ccc(cc1)NC(=O)CCCCC(=O)Nc1ccc(cc1)O[*],81.0,251.5,
9131,[*]CC([*])C#N,,,7.7741
7563,[*]NC(CCCCNC(=O)NCCCCCCNC(=O)[*])C(=O)OC,,175.0,
6812,[*]c1ccc(cc1)C(C([*])(C(=O)OCC)C#N)(C(=O)OCC)C#N,108.0,,
5369,[*]c1c2C(=O)N(C(=O)c2c(c2ccccc12)c1ccc(cc1)Oc1ccc(cc1)C(=O)c1ccc(cc1)Oc1ccc(cc1)[*])c1c(cccc1)c1ccccc1,245.0,,
521,[*]C(C[*])(C(=O)NC(=O)Oc1c(cc(cc1Br)S(=O)(=O)c1cc(c(c(c1)Br)O)Br)Br)C,116.0,,
3282,[*]Oc1ccc(cc1)OC(=O)c1ccc(cc1)C(=O)Oc1ccc(cc1)OCCCCCC[*],53.0,284.0,
7626,[*]Nc1cc(ccc1)C(=O)[*],,425.0,
6829,[*]c1c(c(cc(c1)C(c1ccc(cc1)O)(C)C)[*])O,135.0,,
2595,[*]C(C[*])(C(=O)OCCCCCC(=O)Oc1ccc(cc1)OC(=O)c1ccc(cc1)OCC)C,43.0,,
1601,[*]NC(=O)NCCCCCCNC(=O)NCCCCCCCCCCCCCC[*],47.0,198.0,
3835,[*]Oc1ccc(cc1)Oc1c(cc(cc1)C(=O)c1cc(c(cc1)[*])S(=O)(=O)O)S(=O)(=O)O,220.0,,
11463,[*]CC(C)(C)C1C(=O)N(C(C)C)C(=O)C1[*],,,5.5919
4820,[*]NNC(=O)c1c(cc(cc1)C(=O)[*])OCCCCCCCCCC,193.0,,
598,[*]OCC(C[*])(C)C,-50.0,61.00555556,
6114,[*]N1C(=O)c2c(C1=O)cc(cc2)Oc1cc2c(C(=O)N(C2=O)c2ccc(cc2)Sc2cc3c(C(=O)N(C3=O)CCCCCCCCCCCCCCCC)cc2Sc2ccc(cc2)[*])cc1,156.0,,
12024,[*]CC(S1)=CC=C1OC(S2)=CC=C2[*],,,4.6308
8757,[*]Sc1c(cccc1)NC(=S)[*],,169.0,
9565,[*]CCCCOC(=O)SSSSC(=O)O[*],,,4.6274
5723,[*]N1C(=O)c2c(C1=O)cc(cc2)Oc1cc2c(C(=O)N(C2=O)c2cc(ccc2)P(=O)(c2cc(ccc2)[*])c2cc(cc(c2)C(F)(F)F)C(F)(F)F)cc1,228.0,,
3572,[*]c1nc(nc(c1c1ccc(cc1)OC)OCCOC(=O)c1c(ccc(c1)N=Nc1ccc(cc1)OCC)c1c(cc(cc1)N=Nc1ccc(cc1)OCC)C(=O)OCCO[*])c1ccc(cc1)OCCCC,126.0,,
10792,[*]OC(=O)OCC1OC(C)(C)OC1COC(=O)OC1COC2C([*])COC12,,,6.6226
8382,[*]Oc1c(cc(cc1)OC(=O)Oc1ccc(cc1)c1ccc(cc1)OC(=O)[*])C,,143.0,
6778,[*]C(C(=O)C[*])c1ccccc1,103.33,267.6166667,
7463,[*]NC(=O)CCCCCCCCCCCCCCC(=O)NCCc1ccc(cc1)CC[*],,258.0,
9574,[*]CCOC(=O)C(=O)O[*],,,6.5784
5830,[*]c1cc2c(C(=O)N(C2=O)c2ccc(cc2)C(=O)Nc2ccc(cc2)Oc2ccc(cc2)C(c2ccc(cc2)Oc2ccc(cc2)NC(=O)c2ccc(cc2)N2C(=O)c3c(C2=O)cc(cc3)C([*])(C(F)(F)F)C(F)(F)F)(C(F)(F)F)C(F)(F)F)cc1,293.0,,
5625,[*]N1C(=O)c2c(C1=O)cc(cc2)C(=O)c1cc2c(C(=O)N(C2=O)CC2C3C(CC2)C2C(CC3C2)C[*])cc1,217.0,,
2784,[*]C1CC2CC(CC(C1)O2)OC(=O)c1cc(ccc1)C(=O)O[*],113.0,,
3760,[*]OP(=O)(N=Nc1ccc(cc1)CCOC(=O)c1cc(cc(c1)C(C)(C)C)C(=O)OCCc1ccc(cc1)N=NP(=O)(OCCCCCC[*])OC)OC,47.0,,
6783,[*]c1ccc(cc1)c1c(cc(c(c1)OCCCCCC)c1ccc(cc1)C=C1C(=O)C(=C[*])CCC1)OCCCCCC,85.0,,
11738,[*]c1ccc2nc3c4cccc5c6nc7ccc([*])cc7nc6c6cccc(c3nc2c1)c6c45,,,2.69
4213,[*]c1ccc2n(c3c(c2c1)cc(cc3)c1sc(cc1)c1c2c(nsn2)c(cc1)c1sc(cc1)[*])C(CCCCCCCC)CCCCCCCC,133.57,,
1467,[*]NC(C(=O)[*])CCC(=O)OCc1ccccc1,9.38,302.39,
8952,[*]c1oc(nn1)c1cc(ccc1)c1oc(nn1)C1CCC(CC1)[*],,320.0,
129,[*]C(C[*])c1ccc(cc1)C(=O)c1ccc(cc1)C,99.0,,
6258,[*]c1cc2c(C(=O)N(C2=O)c2ccc(cc2)NC(=S)N=Cc2cc(c(cc2)Cl)N2C(=O)c3c(C2=O)cc(cc3)C([*])(C(F)(F)F)C(F)(F)F)cc1,272.0,,
4947,[*]OC(=O)Nc1c(ccc(c1)NC(=O)OCCN(CC[*])c1ccc(cc1)N=Nc1ccc(cc1)[N+](=O)[O-])C,144.0,,
756,[*]c1oc(nn1)c1ccc(cc1)Oc1ccc(cc1)C(c1ccc(cc1)Oc1ccc(cc1)[*])(C)C,180.0,,
12143,[*]C(=O)C(S1)=CC=C1C(=O)C(S2)=CC=C2[*],,,2.966
928,[*]N1C(=O)c2c(C1=O)cc(cc2)Oc1cc2c(cc1)cc(cc2)Oc1cc2c(C(=O)N(C2=O)c2ccc(cc2)C(c2ccc(cc2)[*])(C)C)cc1,236.0,,
10537,[*]Oc1cc(C)c([*])c(C)c1Br,,,4.5779
11696,[*]c1cccc(-c2nnc([*])n2-c2ccccc2)c1,,,3.947
9968,[*]C(=O)C1CC1C(=O)N1CCN([*])CC1,,,5.7206
3686,[*]Oc1ccc(cc1)C(c1ccc(cc1)Oc1ccc(cc1)C(=O)c1cc(cc(c1)C(C)(C)C)C(=O)c1ccc(cc1)[*])(C(F)(F)F)C(F)(F)F,181.0,,
1134,[*]OC(=O)c1ccc(cc1)C(=O)OCC(C(C[*])C)C,37.5,117.0,
8214,[*]OC1C(C(C1(C)C)[*])(C)C,,269.0,
4011,[*]c1cc2c(cc1)oc(=O)c(c2)C(=O)Nc1ccc(cc1)Oc1ccc(cc1)Oc1ccc(cc1)NC(=O)c1c(=O)oc2c(cc(cc2)C[*])c1,290.0,,
9826,[*]CCCC(C)(C)CNC(=O)c1cccc(C(=O)N[*])c1,,,5.0204
8813,[*][Si](c1ccc(cc1)[*])(c1ccc(cc1)CN(C)C)OCC,,135.0,
9104,[*]CC([*])c1ccc(CCCCCCCCCCCCCCCC)cc1,,,5.0097
7947,[*]OC(=O)NCCSCCSCCNC(=O)OCCCC[*],,163.5,
8369,[*]Oc1c(cc(cc1)C=C1C(=O)C(=Cc2cc(c(cc2)OCCCCCCCCCC[*])OC)CC(C1)C)OC,,89.0,
10931,[*]C=Cc1cc(CCCCCC)c(-c2sc([*])cc2CCCCCC)s1,,,1.7165
11780,[*]c1ccc([*])n1CCC(=O)OCC,,,2.8986
654,[*]c1cc2c(nc(cc2c2ccccc2)Oc2nc3c(c(c2)c2ccccc2)cc(cc3)c2ccc(cc2)[*])cc1,300.0,455.0,
6034,[*]c1cc2c(C(=O)N(C2=O)c2cc(ccc2)N2C(=O)c3c(C2=O)cc(cc3)C(=O)OCCN(CCOC(=O)[*])c2ccc(cc2)N=Nc2ccc(cc2)C)cc1,171.0,,
12120,[*]CNC(=O)C(=S)[*],,,2.9496
3369,[*]Oc1ccc(cc1)NC(=O)c1cc(ccc1)C(=O)Nc1ccc(cc1)OCCCCC[*],155.0,341.0,
11497,[*]CC(CCCCCCCCCCCC)COC(=O)NC(=O)c1cccc(C(=O)NC(=O)O[*])c1,,,4.8491
7992,[*]OC(=O)c1c(cccc1)C(=O)OCC(C[*])(CCl)CCl,,78.0,
7931,[*]OC(=O)NCCSCCCCCSCCNC(=O)OCC[*],,123.75,
6875,[*]c1c(c(cc(c1)[*])N=Cc1ccc(cc1)F)O,154.0,,
2491,[*]C(C[*])(C(=O)OCCCCCCOc1ccc(cc1)OC(=O)c1ccc(cc1)OCCCCCC)C,16.0,,
5993,[*]c1cc2c(C(=O)N(C2=O)c2c(ccc(c2)N2C(=O)c3c(C2=O)cc(cc3)C(=O)Nc2c(cc(cc2CC)Cc2cc(c(c(c2)CC)NC(=O)[*])CC)CC)N=Nc2ccc(cc2)C)cc1,269.0,,
10478,[*]C(F)(F)C1(F)C(F)(F)C([*])(F)C(F)(F)C(F)(F)C(F)(F)C1(F)F,,,7.4251
4005,[*]c1oc(nn1)c1ccc(cc1)C(=O)OCCCCCCCCOc1ccc(cc1)C=CC(=O)C=Cc1ccc(cc1)OCCCCCCCCOC(=O)c1ccc(cc1)[*],59.0,,
12001,[*]C(C=C1)=CC=C1C(=S)C(C=C2)=CC=C2C(=S)[*],,,2.6743
8943,[*]c1oc(nn1)CCCCCCCC[*],,165.8333333,
3496,[*]Oc1ccc(cc1)CC(NC(=O)CCc1ccc(cc1)OC(=O)COCC(=O)[*])C(=O)OC(CC)C,68.0,,
11180,[*]Nc1ccc(-c2ccc(NC(=O)c3cccc(C([*])=O)c3)c(S)c2)cc1S,,,3.6358
10211,[*]OC(=O)CCCCCCCC([*])=O,,,6.2617
11391,[*]CCCCC(N)C(=O)N[*],,,5.746
7021,[*]C(C[*])C(C)(C)C,,260.0,
11717,[*]C=Nc1cccc(N=Cc2cccc([*])n2)c1,,,3.1599
1187,[*]OC(=O)CCCCCNC(=O)CCCCC(=O)NCCCCCC(=O)OCCCC[*],-15.0,156.0,
8844,[*]c1cc2c(C(=O)N(C2=O)c2ccc(cc2)Oc2cc3c(cc2)ccc(c3)Oc2ccc(cc2)N2C(=O)c3c(C2=O)cc(cc3)C(=O)Nc2ccc(cc2)Oc2ccc(cc2)NC(=O)[*])cc1,,410.0,
12410,C13C(C=[*])OC(C=[*])C1C(=O)N(C2=CC=CC=C2)C3=O,,,5.3284
9159,[*]CC([*])OC(=O)c1cccc(Br)c1,,,4.2289
10735,[*]c1ccc(-c2nc3cc4nc([*])oc4cc3o2)c(O)c1,,,2.5896
2426,[*]C(C[*])(CC(=O)OC(C)C)C(=O)OC12CC3(CC(CC(C1)C3)(C2)C)C,158.0,,
610,[*]OCOCC[*],-64.5,61.725,
9478,[*]c1ccc(-c2ccc(-c3nc4ccc(Oc5ccc6nc([*])c(-c7ccccc7)c(-c7ccccc7)c6c5)cc4c(-c4ccccc4)c3-c3ccccc3)cc2)cc1,,,3.3136
10205,[*]C(=O)c1ccc2c(c1)C(=O)N(c1ccc(Oc3cc4ccccc4cc3Oc3ccc(N4C(=O)c5ccc([*])cc5C4=O)cc3)cc1)C2=O,,,2.3398
10651,[*]Oc1ccc(-c2ccc(Oc3cccc([*])n3)cc2)cc1,,,4.055
3576,[*]Oc1ccc(cc1)C(c1ccc(cc1)OCC(C[*])OC(=O)C=Cc1ccccc1)(C)C,100.6,,
7809,[*]OC(=O)CCCCCCCCC(=O)OCCCCC[*],,53.5,
3090,[*]c1nc2c(c(c1)c1ccccc1)cc(cc2)Oc1cc2c(nc(cc2c2ccccc2)c2ccc(cc2)c2ccc(cc2)c2ccc(cc2)[*])cc1,282.5,,
9747,[*]CC(C)(C)COC(=O)C(=O)O[*],,,4.957
6199,[*]N1C(=O)c2c(C1=O)cc(cc2)Oc1cc2c(C(=O)N(C2=O)c2cc(cc(c2)OCCCC)[*])cc1,237.0,,
2043,[*]N=P([*])(Oc1ccccc1)Oc1ccccc1,-4.9,390.0,
6779,[*]C(C(=O)C[*])C,23.0,235.25,
5263,[*]OC(=O)NC(=O)c1cc(ccc1)C(=O)NC(=O)OCC(C[*])(C)C,66.0,,
5858,[*]c1cc2c(C(=O)N(C2=O)c2c(cc(cc2)c2cc(c(cc2)N2C(=O)c3c(C2=O)cc(cc3)C(=O)[*])OCCCCCCOc2ccc(cc2)/C=C/c2ccc(cc2)F)OCCCCCCOc2ccc(cc2)/C=C/c2ccc(cc2)F)cc1,128.0,257.0,
787,[*]OCC(C[*])(CC)CC,-30.0,78.54,
11601,[*]c1ccc(N(c2ccc(C#N)cc2)c2ccc(N3C(=O)c4ccc(Oc5ccc6c(c5)C(=O)N([*])C6=O)cc4C3=O)cc2)cc1,,,2.2981
2598,[*]C(C[*])(C(=O)OCCCCCC(=O)Oc1ccc(cc1)OC(=O)c1ccc(cc1)OCCCCC)C,50.0,,
5554,[*]c1cc2c(C(=O)N(C2=O)c2ccc(cc2)Sc2ccc(cc2)N2C(=O)c3c(C2=O)cc(cc3)C([*])(C(F)(F)F)C(F)(F)F)cc1,293.67,,
11181,[*]NNC(=O)c1cccc(C([*])=O)c1,,,5.0927
3421,[*]Oc1ccc(cc1)Oc1ccc(cc1)NC(=O)c1c(cc(cc1)c1cc(c(cc1)C(=O)Nc1ccc(cc1)[*])C)C,219.0,,
3724,[*]c1sc(nn1)c1ccc(cc1)OCCCCCCCCCCCOC(=O)c1ccc(cc1)C(=O)OCCCCCCCCCCCOc1ccc(cc1)[*],49.5,168.0,
2516,[*]C(C[*])(C(=O)OCCCCCCCCCCOc1cc2c(cc1)cc(cc2)C(=O)Oc1ccccc1)C,24.0,,
8662,[*]S(=O)(=O)NCCNS(=O)(=O)c1ccc(cc1)c1ccc(cc1)[*],,300.0,
6948,[*]C(=C(F)F)C([*])(F)F,,125.5,
7856,[*]OC(=O)CCS(=O)(=O)CCC(=O)[*],,237.0,
1788,[*]c1cc2c(C(=O)N(C2=O)c2c(cccc2)C(=O)OCCOC(=O)[*])cc1,180.0,260.0,
7540,[*]NC(C(=O)NCCCCCCCCCCC(=O)[*])C,,249.5,
3991,[*]OC(=O)C=CC(=O)NCCCCCCNC(=O)C=CC(=O)OCCOCCOCCOCC[*],52.0,,
8956,[*]c1oc(nn1)c1cc(ccc1)c1oc(nn1)c1ccc(cc1)Oc1ccc(cc1)[*],,305.0,
12187,[*]NC(C=C1)=CC=C1C(=O)C(S2)=CC=C2[*],,,2.9895
600,[*]OCC(C[*])(CCl)CCl,11.38,179.990625,
12287,[*]C(F)(F)NC(F)(F)C(=S)[*],,,2.8977
5603,[*]N1C(=O)c2c(C1=O)cc(cc2)Oc1cc2c(C(=O)N(C2=O)C2C(CC(CC2)CC2CC(C(CC2)[*])C)C)cc1,250.0,,
10470,[*]CCC1CC([*])C2C3CC(C12)C(C)(C(=O)OC)C3,,,6.4636
5477,[*]c1cc2c(C(=O)N(C2=O)c2ccc(cc2)Oc2ccc(cc2)C(c2cc(ccc2)C(c2ccc(cc2)Oc2ccc(cc2)NC(=O)[*])(C)C)(C)C)cc1,177.0,,
11076,[*]Oc1ccc(C2(c3ccc(OC(=O)c4cccc(C([*])=O)c4)c(C)c3)c3ccccc3-c3ccccc32)cc1C,,,3.4929
9465,[*]CCOC(=O)c1ccc(O[*])c(C)c1,,,4.4876
482,[*]C(C[*])(CC(=O)OC1CCCCC1)C(=O)OC1CCCCC1,142.0,,
2119,[*]C(CCCCC[*])CCC,-68.0,,
11670,[*]CC(C)(C)COC(=O)O[*],,,7.3547
3122,[*]Oc1ccc(cc1)P(=O)(c1ccc(cc1)Oc1ccc(cc1)C(c1ccc(cc1)[*])(C(F)(F)F)C(F)(F)F)C,208.0,,
2234,[*]C(C[*])c1c(ccc(c1)C(=O)Oc1ccc(cc1)OCCCCCCCCCCCCCCCC)C(=O)Oc1ccc(cc1)OCCCCCCCCCCCCCCCC,101.0,32.0,
10382,[*]C#CC(CO)=C([*])n1c2ccccc2c2ccccc21,,,1.5113
5152,[*]c1cc2c(C(=O)N(C2=O)c2ccc(cc2)Oc2ccc(cc2)C(=O)[*])cc1,297.0,,
2254,[*]C(=C[*])C(CCCCC)[Si](C)(C)C,170.0,,
2967,[*]Oc1ccc(cc1)c1ccc(cc1)Oc1ccc(cc1)C(=O)c1c2c(ccc1)cccc2C(=O)c1ccc(cc1)[*],226.5,,
9138,[*]CC([*])OC=O,,,6.9603
7825,[*]OC(=O)CCCCCCCCCCCCC(=O)[*],,90.0,
12256,[*]C(F)(F)C(F)(F)C(S1)=CC=C1O[*],,,4.1725
9544,[*]OC(=O)CCSCc1ccc(CSCCC([*])=O)cc1,,,4.567
750,[*]Oc1ccc(cc1)C(=O)OCCCCOC(=O)c1ccc(cc1)[*],38.0,88.0,
28,[*]C(C[*])CCC1CCCCC1,40.0,154.0,
4164,[*]c1sc(cc1SCCCCCCCCCCCC)[*],33.0,,
7515,[*]NC(=O)c1c(cccc1)C(=O)NCCCCCCCC[*],,123.0,
10498,[*]Oc1ccc(C(C)(C)c2ccc(Oc3nc([*])nc(Cl)n3)cc2)cc1,,,4.3967
4999,[*]Oc1ccc(cc1)N=CCCCC=Nc1ccc(cc1)OC(=O)Nc1c(ccc(c1)NC(=O)[*])C,69.0,229.0,
4147,[*]c1sc(c(c1c1ccccc1)c1ccccc1)c1ccc(cc1)CC(=O)Nc1c2c(ccc1)c(ccc2)NC(=O)Cc1ccc(cc1)[*],255.0,,
10210,[*]OC(=O)CCCCC([*])=O,,,6.1659
2580,[*]C(C[*])(C(=O)OCCCCCCCCOc1ccc(cc1)N=Nc1ccc(cc1)C1OCC2(CO1)CC1C=CC2C1)C,106.2,,
3134,[*]c1oc2c(n1)ccc(c2)c1ccc2c(oc(n2)c2ccc(cc2)C(c2ccc(cc2)[*])(c2ccccc2)C(F)(F)F)c1,350.0,,
3959,[*]c1nc(ccc1)c1cc(c(cc1)Oc1ccc(cc1)Sc1ccc(cc1)Oc1c(cc(cc1)[*])C(F)(F)F)C(F)(F)F,144.5,,
2355,[*]C1C2C(C(C(C1[*])C2)COCc1ccccc1)COCc1ccccc1,176.0,,
8136,[*]OC(=O)c1ccc(cc1)c1ccc(cc1)C(=O)OCCCC(=O)NCc1ccc(cc1)CNC(=O)CCC[*],,152.0,
7696,[*]OC(=O)C/C=C/CC(=O)OCCCCCCCC[*],,66.0,
10952,[*]c1ccc(-c2ccc(-c3ccc([*])s3)s2)[nH]1,,,2.182
11177,[*]CCC(=O)OCCCC=CCCCOC(=O)CCC1NC(=O)C([*])NC1=O,,,5.8952
6138,[*]N1C(=O)c2c(C1=O)cc(cc2)Oc1ccc(cc1)C(c1ccc(cc1)Oc1cc2c(C(=O)N(C2=O)c2ccc(cc2)Oc2cc(ccc2)Oc2ccc(cc2)[*])cc1)(C)C,246.0,,
4043,[*]O[Si](Oc1ccc(cc1)c1ccc(cc1)[*])(c1ccccc1)c1ccccc1,124.47,,
9444,[*]CCOCCOCCOC(=O)CSC(=O)Nc1ccc(C)c(NC(=O)SCC(=O)O[*])c1,,,4.461
1913,[*]N(CC[*])C(=O)CC(C)C,30.0,,
5048,[*]N1C(=O)c2c(C1=O)cc(cc2)C(=O)Oc1ccc(cc1)c1ccc(cc1)OC(=O)c1cc2c(C(=O)N(C2=O)CCCCCCC[*])cc1,117.0,290.0,
5362,[*]c1c2C(=O)N(C(=O)c2c(c2ccccc12)c1ccc(cc1)Oc1ccc(cc1)C(=O)c1ccc(cc1)Oc1ccc(cc1)[*])c1ccccc1,273.5,,
6723,[*]O[Si]([*])(CCCOc1ccc(cc1)N=Nc1ccc(cc1)S(=O)(=O)O)C,9.2,,
10574,[*]CCCCCCCCCCCCCCCc1nnc([*])o1,,,6.3716
473,[*]C(C[*])(C(=O)OC12CC3(CC(CC(C1)C3)(C2)C)C)C,193.0,,
9836,[*]CCCC(C)(C)CNC(=O)CCCCC(=O)N[*],,,5.8218
5545,[*]C1C2C(C(=O)N(C2=O)c2c(cccc2)C)C(C1)C=C[*],248.0,,
5298,[*]c1cc2c(C(=O)N(C2=O)c2cc(c(cc2)c2c(cc(cc2)N2C(=O)c3c(C2=O)cc(cc3)C([*])(c2ccccc2)C(F)(F)F)C(F)(F)F)C(F)(F)F)cc1,280.0,,
490,[*]C(C[*])C(=O)Oc1ccc(cc1)Cl,148.67,,
7067,[*]C(C[*])OCCC,,76.0,
3952,[*]c1nc(sc1)N=Cc1ccc(cc1)OCCCCCCCCOc1ccc(cc1)C=Nc1nc(cs1)c1ccc(cc1)Oc1ccc(cc1)[*],150.0,178.0,
5946,[*]c1cc2c(C(=O)N(C2=O)c2cc(c(cc2)c2c(cc(cc2)N2C(=O)c3c(C2=O)cc(cc3)C(=O)Oc2ccc(cc2)C2(C3C4C(CCC4)C(C2)C3)c2ccc(cc2)OC(=O)[*])C)C)cc1,226.0,,
3043,[*]Oc1ccc(cc1)OCCOC(=O)Nc1ccc(cc1)Cc1ccc(cc1)NC(=O)OCC[*],98.0,215.0,
5885,[*]N1C(=O)c2c(C1=O)cc(cc2)Oc1ccc(cc1)C1(CCCCCCCCCCC1)c1ccc(cc1)Oc1cc2c(C(=O)N(C2=O)c2ccc(cc2)Oc2cc(c(cc2)c2c(cc(cc2)Oc2ccc(cc2)[*])C)C)cc1,257.0,,
597,[*]OCCC[*],-72.46,32.6875,
12346,[*]c1cc(-n2c(=O)c3cc4c(=O)n(-c5ccc(-c6nnc([*])n6N)cc5)c(=O)c4cc3c2=O)c(-c2c(Cl)cccc2Cl)s1,,,2.1911
3460,[*]Oc1ccc(cc1)NC(=O)c1cc(cc(c1)NC(=O)c1ccc(cc1)OC(=O)C)C(=O)Nc1ccc(cc1)[*],273.0,,
3509,[*]Oc1ccc(cc1)CC(NC(=O)Cc1ccc(cc1)OC(=O)COCC(=O)[*])C(=O)OCCCCCC,46.0,,
2084,[*]c1cc(ccc1)CC[*],9.0,72.5,
5245,[*]c1cc2c(C(=O)N(C2=O)c2c(ccc(c2)N2C(=O)c3c(C2=O)cc(cc3)C(=O)[*])CP(=O)(OCCCl)OCCCl)cc1,261.0,,
5594,[*]N1C(=O)c2c(C1=O)cc(cc2)C(c1cc2c(C(=O)N(C2=O)CC2CC(CCC2)C[*])cc1)(C(F)(F)F)C(F)(F)F,222.0,,
4663,[*]Oc1ccc(cc1)NC(=O)C=CC(=O)NNC(=O)C=CC(=O)Nc1ccc(cc1)OC(=O)C=CC(=O)NNC(=O)C=CC(=O)[*],265.0,,
7752,[*]OC(=O)CCCCC(=O)OCC#CC[*],,54.0,
3551,[*]OCC(CN(CC(COCCCC[*])O)c1ccc(cc1)N(C)C)O,31.0,,
6606,[*]O[Si](CCCN=C1c2c(C(=NCCC[Si]([*])(C)C)C=C1)c(ccc2O)O)(C)C,32.9,,
2018,[*][Si](C/C=C\C[*])(CCCOc1ccccc1)c1ccccc1,-5.0,16.5,
8793,[*][Si](c1ccc(cc1)[*])(C)C=C,,171.0,
11009,[*]c1cc(-c2ccc(Br)cc2)c([*])s1,,,2.7394
11880,[*]c1ccc2c([*])c(C)[nH]c2c1,,,4.0225
6255,[*]c1cc2c(C(=O)N(C2=O)c2ccc(cc2)Oc2ccc(cc2)C(=O)c2cc(ccc2)N2C(=O)c3c(C2=O)cc(cc3)C(=O)[*])cc1,251.0,,
10543,[*]Oc1ccc(NC(=O)c2cc(NC(=O)c3ccccc3)cc(C(=O)Nc3ccc([*])cc3)c2)cc1,,,3.6254
3105,[*]C1(OC(CO1)c1ccccc1)C[*],75.0,,
12178,[*]NC(S1)=CC=C1OC(=S)[*],,,3.3542
9069,[*]n1c(=O)c2cc3c(cc2c1=O)c(=O)n(c3=O)CCCCCCOC(=O)OCCCCCCCCCCCCOC(=O)OCCCCCC[*],,187.0,
10258,[*]Oc1ccc(OC(=O)Oc2ccc(OC([*])=O)cc2)cc1C,,,5.0353
7420,[*]NC(=O)CCCCCCCC(=O)NCC1CCC(CC1)C[*],,232.5,
258,[*]C(C[*])OC(=O)C(C(C)(C)C)(CC)C,115.0,,
1737,[*]N1C(=O)c2c(C1=O)c(ccc2)Oc1ccc(cc1)Sc1ccc(cc1)Oc1c2c(C(=O)N(C2=O)c2ccc(cc2)Oc2ccc(cc2)[*])ccc1,234.0,,
11748,[*]C1=CC2=CC([*])=NC2=N1,,,1.0627
2069,[*]N=P([*])(Oc1cc2c(cc1)cccc2)Oc1cc2c(cc1)cccc2,47.0,350.0,
7340,[*]NC(=O)C(C(=O)NCCCCC[*])CCCCCCCCCCCC,,208.0,
7305,[*]N=C(NCc1ccc(cc1)C[*])C,,350.0,
1228,[*]Oc1cc(cc(c1)C)OC(=O)c1cc(ccc1)C(=O)[*],163.0,,
10552,[*]c1cccc(-c2nnc([*])o2)c1,,,4.1016
2447,[*]C(C[*])(C(=O)OCCCOc1ccc(cc1)c1ccc(cc1)C#N)C,97.0,,
12317,[*]Nc6ccc(C5(c2ccc(NC(=O)c1ccc(C([*])=O)cc1)cc2)c3ccccc3C(=O)c4ccccc45)cc6,,,3.2678
9973,[*]CC(C)C(=O)N[*],,,6.0647
5114,[*]c1cc2c(C(=O)N(C2=O)c2ccc(cc2)Oc2ccc(cc2)C2(c3c(C(=O)N2)cccc3)c2ccc(cc2)Oc2ccc(cc2)N2C(=O)c3c(C2=O)cc(cc3)C(=O)Nc2cc(ccc2)NC(=O)[*])cc1,328.0,,
2107,[*]c1ccc(cc1)c1c(cc(c(c1c1ccccc1)c1ccccc1)c1cc(ccc1)c1c(c(c(c(c1)c1ccccc1)c1ccc(cc1)CCCCCCCCCC[*])c1ccccc1)c1ccccc1)c1ccccc1,180.0,,
4627,[*]OC(=O)CCC(=O)OCC(=O)NCCCCCCNC(=O)C[*],30.0,157.0,
9534,[*]CCCCCCOC(=O)NCCSCCCCSCCNC(=O)O[*],,,5.4298
8504,[*]Oc1ccc(cc1)C(=O)OCCOC(=O)CCCCC[*],,45.0,
3117,[*]Oc1ccc(cc1)S(=O)(=O)c1ccc(cc1)Oc1c(cc(cc1)C(c1cc(c(cc1)[*])N)(C)C)N,230.4,,
3137,[*]c1n(c(nn1)c1ccc(cc1)Oc1ccc(cc1)C(c1ccc(cc1)Oc1ccc(cc1)[*])(C)C)c1cc(ccc1)C(F)(F)F,190.0,,
1303,[*]NC(=O)CCCCC[*],48.52,219.4773292,
8159,[*]OC(C[*])CC(C)(C)C,,82.0,
3738,[*]OC(=O)Nc1ccc(cc1)Cc1ccc(cc1)NC(=O)OCCOCCOCCOCC[*],37.0,,
12193,[*]NC(C=C1)=CC=C1OC(S2)=CC=C2[*],,,4.2211
4965,[*]OC(=O)NC1CC(CC(C1)(CNC(=O)OCCN(CC[*])c1ccc(cc1)N=Nc1ccc(cc1)[N+](=O)[O-])C)(C)C,141.0,,
11095,[*]Oc1ccc(-c2ccc(C([*])=O)cc2)cc1Br,,,3.8867
8516,[*]Oc1ccc(cc1)C(c1ccc(cc1)OC(=O)[*])(CCCC)C,,190.0,
5864,[*]C1=C(C(=O)N(C1=O)CCCCCCCCCCCC)c1ccc(cc1)c1cc2C(c3c(c2cc1)ccc(c3)c1ccc(cc1)[*])(CCCCCC)CCCCCC,100.0,,
10803,[*]OC(=O)OCCCCCCCCCCOC(=O)OC1COC2C([*])COC12,,,6.8143
11170,[*]CC(=O)NCCCCCCNC(=O)COC(=O)CCC(=O)O[*],,,5.663
5199,[*]N1C(=O)c2c(C1=O)cc(cc2)C(=O)Nc1ccc(cc1)Oc1ccc(cc1)NC(=O)C[*],262.0,,
9650,[*]CCC(=O)O[*],,,7.0337
1760,[*]N1C(=O)c2c(C1=O)cc(cc2)Oc1ccc(cc1)Oc1ccc(cc1)Oc1cc2c(C(=O)N(C2=O)c2ccc(cc2)Oc2ccc(cc2)[*])cc1,215.0,,
5418,[*]c1cc2c(C(=O)N(C2=O)c2ccc(cc2)OCCCCCCOc2ccc(cc2)N2C(=O)c3c(C2=O)cc(cc3)C([*])(C(F)(F)F)C(F)(F)F)cc1,167.0,,
2578,[*]C(CC(C[*])C)(C(=O)OC)C,16.0,,
885,[*]c1oc(cc1)C(c1oc(cc1)CNC(=O)OCc1oc(cc1)COC(=O)NC[*])(C)C,44.8,180.0,
9310,[*]CCCCCCCCCCCCO[*],,,6.2452
7702,[*]OC(=O)C1CCC(CC1)C(=O)OCCCCCCCCCCCCCCCCCCCC[*],,99.25,
958,[*]Oc1ccc(cc1)C(c1ccc(cc1)OCC(CN(S(=O)(=O)c1ccc(cc1)c1ccc(cc1)S(=O)(=O)N(CC(C[*])O)CCO)CCO)O)(C)C,76.0,,
12437,[*]Nc1c([2H])c([2H])c([*])c([2H])c1[2H],,,3.3666
4425,[*]OC(=O)c1cc2c(cc1)cc(cc2)C(=O)OCCCCCCC[*],44.25,,
11505,[*]C(=O)Nc1ccc(NC(=O)c2cccc(C(=O)Nc3ccc(N4C(=O)c5ccc([*])cc5C4=O)cc3)c2)cc1,,,2.92
6353,[*]C1C2C(C(=O)N(C2=O)c2cc(ccc2)F)C(C1)C=C[*],207.8,,
7588,[*]NNC(=O)CCCCC(=O)NNC(=S)c1cc(ccc1)C(=S)[*],,280.0,
8906,[*]c1nc(sc1)N=Cc1ccc(cc1)OCCOc1ccc(cc1)C=Nc1nc(cs1)c1ccc(cc1)Oc1ccc(cc1)[*],,224.0,
7232,[*]N1C(=O)C(CC1=O)Oc1ccc(cc1)N=Cc1ccc(cc1)OC1C(=O)N(C(=O)C1)c1ccc(cc1)Oc1ccc(cc1)[*],,154.0,
7273,[*]N1CCN(CC1)C(=O)CCN(CCN(CCC(=O)[*])C(C)C)C(C)C,,97.0,
4219,[*]c1sc(cc1CCCCOC(=O)CCC)[*],20.0,,
11038,[*]CCCCCC(=O)NCCOC(=O)CCCCC(=O)O[*],,,6.3289
8420,[*]Oc1cc(cc(c1)C(=O)OCCN(c1ccc(cc1)N=Nc1ccc(cc1)[N+](=O)[O-])CC)OC(=O)c1c(cc(c(c1)OCCCCCCCCCCCCCC)C(=O)[*])OCCCCCCCCCCCCCC,,103.0,
3198,[*]c1nc(ccc1)Oc1cc(ccc1)O[*],82.0,,
4972,[*]OC(=O)Nc1c(ccc(c1)NC(=O)OCCN(CC[*])c1ccc(cc1)N=Nc1ccc(cc1)c1oc2c(n1)cccc2)C,152.0,,
10045,[*]CCCCCCOC(=O)NCCCNC(=O)O[*],,,6.0865
4230,[*]OS(=O)(=O)c1cc(ccc1)C(=O)Oc1ccc(cc1)C(c1ccc(cc1)[*])(C)C,133.0,,
6214,[*]c1cc2c(C(=O)N(C2=O)c2ccc(cc2)Oc2c(cc(cc2C(C)(C)C)c2ccc(cc2)N2C(=O)c3c(C2=O)cc(cc3)C(=O)[*])C(C)(C)C)cc1,347.5,,
9098,[*]C=CC(C[*])C(C)CC,,,4.9643
9702,[*]CCOC(=O)Cc1ccc(CC(=O)O[*])cc1,,,5.1252
5870,[*]c1ccc2c(oc(n2)c2cc3c(C(=O)N(C3=O)c3c(ccc(c3)C([*])(C(F)(F)F)C(F)(F)F)O)cc2)c1,329.0,,
6966,[*]C(C([*])OC(C)(C)C)C,,250.0,
9725,[*]Oc1ccc(OC(=O)c2ccc(C([*])=O)cc2)cc1,,,3.7683
1846,[*]OC(=O)OCCCCCC[*],-54.25,47.4,
4731,[*]NC(=O)C(C(C(=O)NCCCCCC[*])OC)OC,106.0,230.2,
11480,[*]CC(=O)Nc1ccc(Cc2ccc(NC(=O)CN3C(=O)c4ccc(C(=O)c5ccc6c(c5)C(=O)N([*])C6=O)cc4C3=O)cc2)cc1,,,2.3456
802,[*]OC(=O)c1ccc(cc1)c1ccc(cc1)C(=O)OCCOCC[*],53.5,141.25,
1232,[*]Oc1ccc(cc1)c1ccc(cc1)OC(=O)c1cc(cc(c1)CCCCC)C(=O)[*],138.0,,
1083,[*]OC(=O)CCCCC(=O)OCCCCCCCCCC[*],-68.0,75.57142857,
909,[*]C1(OC(OC1[*])(C(F)(F)F)C(F)(F)F)F,256.0,,
11262,[*]c1ccc2c(c1)nc1c3cc4c(=O)n5c6cc([*])ccc6nc5c4cc3c(=O)n21,,,2.1718
7966,[*]OC(=O)Nc1ccc(cc1)C(=O)OCCCCCCCCCC[*],,158.0,
3607,[*]Oc1c(cc(cc1)Oc1ccc(cc1)C(=O)c1ccc(cc1)[*])S(=O)(=O)O,214.67,,
4329,[*]Oc1ccc(cc1)OC(=O)c1c(cc(cc1)C(=O)[*])Oc1ccc(cc1)Oc1ccccc1,83.0,317.0,
5707,[*]N1C(=S)N(C(=O)CC1=O)c1ccc(cc1)Oc1ccc(cc1)Oc1ccc(cc1)[*],141.0,,
3023,[*]c1oc(nn1)c1oc(cc1)c1oc(nn1)c1ccc(cc1)[Si](c1ccc(cc1)[*])(c1ccccc1)c1ccccc1,264.0,427.0,
4787,[*]Nc1c(cc(cc1)NC(=O)c1ccc(cc1)NC(=O)CCCCCCCCC(=O)Nc1ccc(cc1)C(=O)[*])C(=O)OCCCCCCCCCCCCCC,225.0,,
603,[*]Oc1ccc(cc1)[*],119.75,,
2935,[*]Oc1cc(ccc1)NC(=O)C(=O)Nc1cc(ccc1)OCC(COc1ccc(cc1)C(c1ccc(cc1)OCC(C[*])O)(C)C)O,119.0,,
6743,[*][Si](CC(C[*])Cc1c2c(ccc1)cccc2)(C)C,17.0,,
4542,[*]OC(=O)CCCCCCCCCCCCCCCCCCCCCCCCCCCCCCCCCCC(=O)OCCCC[*],-55.0,,
6805,[*]S(=O)(=O)C(C[*])CC(C)C,23.0,,
11202,[*]NC(C)(C)C([*])=O,,,6.1893
4223,[*]c1sc(cc1)C(=O)Oc1ccc(cc1)[Si](c1ccc(cc1)OC(=O)[*])(CC)CC,-62.0,62.0,
5286,[*]c1cc2c(C(=O)N(C2=O)c2cc(ccc2)C(=O)Nc2ccc(cc2)NC(=O)c2cc(ccc2)N2C(=O)c3c(C2=O)cc(cc3)C([*])(C(F)(F)F)C(F)(F)F)cc1,311.0,,
3692,[*]c1oc(nn1)c1c(cc(cc1)[*])OCC,231.0,,
5655,[*]N1C(=O)c2c(C1=O)cc(cc2)C(=O)Oc1c(cc(cc1)OC(=O)CCCCCC[*])C,57.21,,
1504,[*]Nc1cc(ccc1)NC(=O)c1cc(cc(c1)S(=O)(=O)c1ccccc1)C(=O)[*],277.0,,
11563,[*]C(=O)Nc1ccc(N2C(=O)c3ccc([*])cc3C2=O)cc1,,,3.1573
11477,[*]CC(=O)Nc1ccc(Oc2ccc(NC(=O)CN3C(=O)c4ccc(C(=O)c5ccc6c(c5)C(=O)N([*])C6=O)cc4C3=O)cc2)cc1,,,2.2667
5676,[*]N1C(=O)c2c(C1=O)cc(cc2)C(=O)Oc1ccc(cc1)C1(CCCCC1)c1ccc(cc1)OC(=O)CCCCCCCCCCC[*],96.0,,
11020,[*]Oc1ccc(C2(c3ccc(OC(=O)CCCCCCCCC([*])=O)cc3)c3ccccc3Cc3ccccc32)cc1,,,4.6067
6112,[*]N1C(=O)C2C3C4C(C(C2C1=O)C=C3)C(=O)N(C4=O)c1ccc(cc1)Sc1cc2c(C(=O)N(C2=O)c2ccc(cc2)CC)cc1Sc1ccc(cc1)[*],320.0,,
8773,[*][NH+]1C(C=C(C=C1c1ccccc1)c1ccc(cc1)C1=CC([NH+](C(=C1)c1ccccc1)CCOCCOCC[*])c1ccccc1)c1ccccc1,,134.0,
748,[*]Oc1ccc(cc1)C1(CC(CCC1)c1ccc(cc1)OCC(C[*])OC(=O)C)CC,107.0,,
7805,[*]OC(=O)CCCCCCCCC(=O)OCC(C[*])(C)C,,26.0,
5329,[*]c1cc2c(C(=O)N(C2=O)c2ccc(cc2)Oc2cc3c(cc2)ccc(c3)Oc2ccc(cc2)N2C(=O)c3c(C2=O)cc(cc3)C(=O)Nc2cc(ccc2)Oc2ccc(cc2)NC(=O)[*])cc1,263.0,,
584,[*]OC(C[*])CC,-72.01,,
4069,[*]Oc1c2c(ccc1)cc(cc2)OCCNC(=O)c1ccc(cc1)C(=O)NCC[*],160.5,,
7089,[*]C1(COC(OC1)(C)C)COC[*],,102.0,
5355,[*]c1cc2c(C(=O)N(C2=O)c2ccc(cc2)OCCOCCOCCOCCOc2ccc(cc2)N2C(=O)c3c(C2=O)cc(cc3)C([*])(C(F)(F)F)C(F)(F)F)cc1,140.0,,
3652,[*]C1COC2C1OCC2OC(=O)C(NC(=O)CCCCCCCCC(=O)NC(C(=O)O[*])C)C,57.0,,
5640,[*]c1cc2c(C(=O)N(C2=O)c2cc(ccc2)C(c2cc(ccc2)N2C(=O)c3c(C2=O)cc(cc3)C(=O)[*])(C(F)(F)F)C(F)(F)F)cc1,239.0,,
3844,[*]Oc1c(cc(c(c1)C(C)(C)C)Oc1ccc(cc1)C(=O)Nc1c(cc(cc1C)C(c1cc(c(c(c1)C)NC(=O)c1ccc(cc1)[*])C)(C)C)C)C(C)(C)C,295.0,,
2176,[*]C(C[*])c1ccc(cc1)[Si](O[Si](C)(C)C)(O[Si](C)(C)C)C,54.0,,
6889,[*]C(C[*])(C(=O)OC(C(F)(F)F)C(F)(F)F)F,102.0,,
8444,[*]Oc1cc2c(cc1)ccc(c2)OC(=O)Oc1c(cc(cc1)OC(=O)[*])Cl,,186.0,
10328,[*]CC([*])C1CCCCC1C,,,6.4889
8938,[*]c1oc(cc1)COC(=O)c1ccc(cc1)C(=O)OC[*],,230.0,
3399,[*]OP(=O)(N=Nc1ccc(cc1)c1ccc(cc1)N=NP(=O)(OCC1CCC(CC1)C[*])OC)OC,58.0,,
5317,[*]N1C(=O)c2c(C1=O)cc(cc2)c1cc2c(C(=O)N(C2=O)c2c(cc(c(c2C)[*])C)C)cc1,385.0,,
5394,[*]N1C(=O)c2c(C1=O)cc(cc2)c1ccc(cc1)c1cc2c(C(=O)N(C2=O)CCCCCCCC[*])cc1,120.0,,
9227,[*]CC([*])(F)C(=O)OC,,,6.8022
6458,[*]Oc1ccc(cc1)C1(CCC(CC1)C(C)(C)C)c1ccc(cc1)OC(=O)OC1C(C(C1(C)C)OC(=O)[*])(C)C,172.0,,
11964,[*]C=Cc1ccc([*])c2ccc(CCCCCCCCCCC)cc12,,,2.3432
4244,[*]Oc1ccc(cc1)C1(c2ccccc2Cc2ccccc12)c1ccc(cc1)OC(=O)CCCCCCCCC(=O)[*],134.0,,
4387,[*]Oc1c(cc(cc1)OC(=O)c1c(cc(c(c1)OCCCCCCCCCCCC)C(=O)[*])OCCCCCCCCCCCC)c1ccccc1,96.0,123.0,
8073,[*]OC(=O)c1ccc(cc1)C(=O)NCCCNC(=O)c1ccc(cc1)C(=O)OCCCCCCCCCCCCC[*],,206.0,
9699,[*]OC(C)COC(=O)CCCC([*])=O,,,6.7519
5211,[*]N1C(=O)c2c(C1=O)cc(cc2)Oc1ccc(cc1)Oc1cc2c(C(=O)N(C2=O)c2ccc(cc2)Oc2ccc(cc2)c2ccc(cc2)Oc2ccc(cc2)[*])cc1,230.0,364.0,
5200,[*]N1C(=O)c2c(C1=O)cc(cc2)C(=O)Nc1ccc(cc1)Oc1ccc(cc1)Oc1ccc(cc1)NC(=O)C[*],242.0,,
4729,[*]NC(=O)CC(=O)NCCCCCCCC[*],55.0,,
3101,[*]OCC(C[*])(CS(=O)(=O)CCCCC)CS(=O)(=O)CCCCC,56.0,138.0,
8187,[*]OC(CCOC(=O)CCCCS(=O)(=O)CCCCC(=O)[*])C,,33.5,
9327,[*]CCCCCCCCCCCCCCCCCCOCO[*],,,6.7236
10797,[*]CCOCCOCCOCCOCCOc1ccc(C(=O)Nc2cc(NC(=O)c3ccc(O[*])cc3)cc(-c3nc4ccccc4[nH]3)c2)cc1,,,3.9357
9940,[*]C(=O)C(C)NC(=O)CNC(=O)C1CCCN1[*],,,5.7716
7536,[*]NC(C(=O)[*])CCC(=O)OCCCCCCCCCCCC,,9.55,
11701,[*]CCCCCCCCc1nnc([*])n1N,,,5.4011
5185,[*]N1C(=O)c2c(C1=O)cc(cc2)C(=O)c1cc2c(C(=O)N(C2=O)CC(=O)Nc2ccc(cc2)Cc2ccc(cc2)NC(=O)C[*])cc1,233.0,,
6341,[*]N1C(=O)c2c(C1=O)cc(cc2)C(c1cc2c(C(=O)N(C2=O)C(=S)Nc2ccc(cc2)Oc2ccc(cc2)NC(=S)[*])cc1)(C(F)(F)F)C(F)(F)F,260.0,,
10260,[*]Oc1cccc(OC(=O)Oc2ccc(OC([*])=O)cc2)c1,,,5.4757
2599,[*]C(C[*])(C(=O)OCCCCCC(=O)Oc1ccc(cc1)OC(=O)c1ccc(cc1)OCCCCCC)C,44.0,,
170,[*]C(C[*])(c1ccc(cc1)C)C,175.4,220.0,
10710,[*]Oc1ccc(C(C)=NCCN=C(C)c2ccc([*])cc2)cc1,,,4.4026
1740,[*]N1C(=O)c2c(C1=O)c(ccc2)Oc1ccc(cc1)Sc1ccc(cc1)Oc1c2c(C(=O)N(C2=O)c2ccc(cc2)Oc2cc(ccc2)Oc2ccc(cc2)[*])ccc1,202.0,,
5076,[*]c1cc2c(C(=O)N(C2=O)c2ccc(cc2)c2ccc(cc2)NC(=O)c2cc(ccc2)C(=O)Nc2ccc(cc2)c2ccc(cc2)N2C(=O)c3c(C2=O)cc(cc3)C(=O)[*])cc1,238.0,,
6740,[*]O[Si]([*])(CCCOCCOCCOCCOCCOCCOC)CCCOCCOCCOCCOCCOCCOC,-69.7,,
1344,[*]NC(=O)c1cc(cc(c1)C(C)(C)C)C(=O)NCCC(C(CC[*])C)C,173.0,268.5,
4911,[*]Nc1cc(ccc1)NC(=O)c1cc(cc(c1)NC(=O)C12CC3CC(CC(C1)C3)C2)C(=O)[*],365.0,,
7646,[*]Nc1ccc(cc1)CCc1ccc(cc1)NC(=O)c1ccc(cc1)C(=O)[*],,560.0,
4885,[*]NC1CC(CC(C1)(CNC(=O)c1cc(cc(c1)NC(=O)C(C(CC)C)N1C(=O)c2c(C1=O)cccc2)C(=O)[*])C)(C)C,128.0,,
780,[*]Oc1ccc(cc1)S(=O)(=O)c1ccc(cc1)Oc1ccc(cc1)C1CC(CCC1)C(c1ccc(cc1)[*])C,230.0,,
8704,[*]SC(=O)Nc1ccc(cc1)Cc1ccc(cc1)NC(=O)SCCCC[*],,239.5,
7723,[*]OC(=O)CC(CCC(=O)OCCOCC[*])C,,-26.5,
10177,[*]C(=O)c1ccc2c(c1)C(=O)N(c1ccc(-c3ccc(-c4ccc(N5C(=O)c6ccc([*])cc6C5=O)cc4)cc3)cc1)C2=O,,,2.3242
5028,[*]c1cc2c(C(=O)N(C2=O)c2ccc(cc2)Oc2ccc(cc2)N2C(=O)c3c(C2=O)cc(cc3)C(=O)Nc2ccc(cc2)Oc2ccc(cc2)NC(=O)[*])cc1,282.0,444.0,
6061,[*]N1C(=O)c2c(C1=O)c(ccc2)Oc1ccc(cc1)C(c1ccc(cc1)Oc1c2c(C(=O)N(C2=O)c2c(cc(cc2)Oc2ccc(cc2)Oc2cc(c(cc2)[*])C)C)ccc1)(C)C,222.0,,
12292,[*]CC(C#N)(C#N)C(C#N)C(C#N)(C#N)[*],,,7.111
10511,[*]CCOc1ccc(C(=O)OC(=O)c2ccc(C(=O)OC(=O)c3ccc(O[*])c(OC)c3)cc2)cc1OC,,,3.2659
10871,[*]c1cc(C(=O)OCCCCCC)c([*])s1,,,2.8903
9278,[*]CC(CCl)O[*],,,6.3441
12086,[*]CC(=O)NC(C=C1)=CC=C1[*],,,4.5889
2523,[*]C(C[*])C(=O)Oc1c(c(c(c(c1F)F)F)F)F,64.0,,
4113,[*]c1sc(cc1)c1sc(c(c1)CCCCCCCC)c1sc(cc1)c1sc(cc1)c1sc(cc1CCCCCCCC)c1sc(cc1)[Si]([Si]([Si]([Si]([Si]([Si]([Si]([Si]([*])(C)C)(C)C)(C)C)(C)C)(C)C)(C)C)(C)C)(C)C,13.0,52.5,
5637,[*]N1C(=O)C2C(C1=O)C(Cc1ccccc21)C1C(=O)N(C(=O)C1)c1cc(cc(c1)C(=O)OCCCCC)[*],249.43,,
11735,[*]c1nc(Cl)nc(N(c2ccccc2)c2nc(Nc3ccccc3)nc(N([*])c3ccccc3)n2)n1,,,3.6448
11862,[*]Nc1ccc([*])cc1C(C)CC,,,3.553
8587,[*]Oc1ccc(cc1)OC(=O)c1ccc(cc1)OC(=O)CCCCCCCCCCC(=O)[*],,209.0,
3056,[*]Oc1ccc(cc1)C1(c2ccccc2c2ccccc12)c1ccc(cc1)Oc1ccc(cc1)C(=O)c1ccc(cc1)C(=O)c1ccc(cc1)[*],243.0,,
500,[*]C([*])C(=O)OC,80.25,,
4614,[*]Oc1c(cccc1)C(=O)OC(=O)c1c(cccc1)OC(=O)CCCCCC(=O)[*],40.0,,
6222,[*]N1C(=O)c2c(C1=O)cc(cc2)c1cc2c(C(=O)N(C2=O)c2cc(c(cc2)Oc2c(cc(cc2C(C)(C)C)c2ccc(cc2)[*])C(C)(C)C)C(F)(F)F)cc1,389.0,,
73,[*]C(C[*])c1cc(ccc1)F,86.0,255.0,
12242,[*]C(=O)NC(=O)CNC(=O)ON[*],,,5.7289
5874,[*]N1C(=O)c2c(C1=O)cc(c(c2)c1ccc(cc1)C(C)(C)C)c1cc2c(C(=O)N(C2=O)c2ccc(cc2)Cc2ccc(cc2)[*])cc1c1ccc(cc1)C(C)(C)C,360.0,,
11121,[*]CCCCCCCCCCCCCCOC(=O)CCC=CCCC(=O)O[*],,,6.0458
977,[*]Oc1ccc(cc1)Oc1ccc(cc1)C(=O)Nc1ccc(cc1)Cc1ccc(cc1)NC(=O)c1ccc(cc1)[*],216.0,,
4123,[*]SSc1ccc(cc1)N=CNc1ccc(cc1)[*],98.0,238.0,
2305,[*]C1C(C(C(C1)C=C[*])C(=O)OCCCCCCCCCCCOc1ccc(cc1)c1ccc(cc1)C#N)C(=O)OCCCCCCCCCCCOc1ccc(cc1)c1ccc(cc1)C#N,23.82,149.32,
7526,[*]NC(=O)c1ccc(cc1)C(=O)NCCCCCCCCCCC[*],,292.0,
2667,[*]C(C[*])(C(=O)OCc1c(cccc1Cl)Cl)C,58.9,,
9321,[*]CCCCOCO[*],,,6.4832
4203,[*]c1ccc2N(c3c(Sc2c1)cc(cc3)c1sc(cc1)c1sc(cc1)[*])CCCCCCCCCCCC,150.0,,
6832,[*]c1cc2C(c3c(c2cc1)ccc(c3)c1c(cc(c(c1)F)[*])F)(CCCCCCCC)CCCCCCCC,34.0,,
859,[*]Oc1ccc(cc1)c1ccc(cc1)Oc1ccc(cc1)C(=O)c1cc(ccc1)C(=O)c1ccc(cc1)[*],159.0,307.5,
2583,[*]C(C[*])(C(=O)OCc1ccc(cc1)C=CC(=O)Oc1ccc(cc1)OC)C,89.0,,
11521,[*]c1c(C)cc(-c2cc(C)c(N3C(=O)c4ccc(-c5ccc6c(c5)C(=O)N([*])C6=O)cc4C3=O)c(C)c2)cc1C,,,2.8885
4907,[*]c1ccc2c(nc([nH]2)c2cc(cc(c2)N2C(=O)c3c(C2=O)cccc3)c2nc3c([nH]2)ccc(c3)C(=O)Nc2cc(cc(c2)c2nc3c([nH]2)cccc3)NC(=O)[*])c1,334.0,,
5481,[*]N1C(=O)c2c(C1=O)cc(cc2)Oc1cc2c(C(=O)N(C2=O)CCCCCCOC(=O)c2cc(cc(c2)OCCCCCCOc2ccc(cc2)N=Nc2ccc(cc2)C#N)C(=O)OCCCCCC[*])cc1,61.0,,
2931,[*]c1oc(nn1)c1ccc(cc1)Oc1cc(ccc1)NC(=O)c1cc(cc(c1)N1C(=O)c2c(C1=O)cccc2)C(=O)Nc1cc(ccc1)Oc1ccc(cc1)[*],245.0,,
8099,[*]OC(=O)c1ccc(cc1)C(=O)OCCCCc1ccc(cc1)CCCC[*],,215.75,
1519,[*]Nc1cc(cc(c1)c1nc2c([nH]1)cccc2)NC(=O)c1ccc(cc1)C(=O)[*],267.5,,
4186,[*]Sc1ccc(cc1)C(=O)CNCCCCCCCCNCC(=O)c1ccc(cc1)[*],231.0,,
9368,[*]Oc1ccc(NC(=O)c2cccc(C(=O)Nc3ccc([*])cc3)c2)cc1,,,3.4563
5156,[*]N1C(=O)c2c(C1=O)cc(cc2)Oc1cc2c(C(=O)N(C2=O)c2cc(ccc2)OCCOCCOc2ccc(cc2)[*])cc1,146.5,303.85,
4080,[*]Oc1cc(ccc1)Oc1ccc(cc1)Oc1c(cc(cc1)S(=O)(=O)c1cc(c(cc1)Oc1ccc(cc1)Oc1cc(ccc1)Oc1ccc(cc1)c1ccc(cc1)[*])S(=O)(=O)O[Na])S(=O)(=O)O[Na],283.0,,
6992,[*]C(C[*])(C(=O)OCCCCCCCCCCOC(=O)c1cc(cc(c1)OC(=O)c1ccc(cc1)N=Nc1ccc(cc1)OCCCCCCCCC)OC(=O)c1ccc(cc1)N=Nc1ccc(cc1)OCCCCCCCCC)C,,110.9,
8790,[*][Si](c1cc(ccc1)[*])(CC[Si](C)(C)C)C,,45.0,
12066,[*]CC(=O)C(S1)=CC=C1C(S2)=CC=C2[*],,,2.8653
4316,[*]OC(=O)c1c(cccc1)C(=O)OCCCS(=O)(=O)CCCCS(=O)(=O)CCC[*],49.0,,
1866,[*]Oc1ccc(cc1)C1(CCCCC1)c1ccc(cc1)OC(=O)[*],175.19,253.9166667,
7701,[*]OC(=O)C1CCC(CC1)C(=O)OCCCCCCCCCC[*],,87.5,
6397,[*]C1C(=O)OC(=O)C1C1C2CC(C(C1[*])C2)C(=O)OC(CC)C,175.0,,
10354,[*]/C=C\C(C#N)C[*],,,5.3057
417,[*]C(C[*])C(=O)OCCCSCC,-76.0,,
6334,[*]c1cc2c(C(=O)N(C2=O)c2cc(c(cc2)Oc2c(cc(cc2)N2C(=O)c3c(C2=O)cc(cc3)C(=O)Nc2c(ccc(c2)C(F)(F)F)Oc2c3c(ccc2)c(ccc3)Oc2c(cc(cc2)C(F)(F)F)NC(=O)[*])c2ccccc2)c2ccccc2)cc1,376.0,,
1773,[*]N1C(=O)c2c(C1=O)cc(cc2)Oc1cc2c(C(=O)N(C2=O)c2ccc(cc2)C2(c3ccccc3c3ccccc23)c2ccc(cc2)[*])cc1,373.0,,
10662,[*]Oc1ccc(P(=O)(c2ccccc2)c2ccc([*])cc2)cc1,,,4.8858
8611,[*]Oc1ccc(cc1)Oc1ccc(cc1)Oc1ccc(cc1)Oc1ccc(cc1)OC(=O)c1ccc(cc1)C(=O)[*],,378.0,
3626,[*]Oc1ccc(cc1)OC(=O)c1c(cc(cc1)C(=O)Oc1ccc(cc1)OCCCC[*])C(=O)OCC=C,56.0,118.0,
784,[*]Oc1ccc(cc1)S(=O)(=O)c1ccc(cc1)Oc1ccc(cc1)C(c1ccc(cc1)[*])C(C)C,200.0,,
4659,[*]Oc1c(cc(cc1C)C1(CC2C(CC1)CCCC2)c1cc(c(c(c1)C)OC(=O)c1ccc(cc1)C(=O)[*])C)C,287.0,,
10892,[*]c1cc(CCCCCCCCCCCCCCC)c([*])s1,,,2.922
5440,[*]c1cc2c(C(=O)N(C2=O)c2ccc(cc2)c2sc(c(c2c2ccccc2)c2ccccc2)c2ccc(cc2)N2C(=O)c3c(C2=O)cc(cc3)C(=O)Nc2cc(ccc2)NC(=O)[*])cc1,334.0,,
9460,[*]CCCNC(=O)CCCCCCCCC(=O)NCCCOCCO[*],,,5.9244
2182,[*]C(C[*])c1c(cccc1)OC(=O)C,118.0,,
2900,[*]Oc1cc2c(cc1)ccc(c2)Oc1ccc(cc1)C(=O)Nc1ccc(cc1)Oc1ccc(cc1)C(c1ccc(cc1)Oc1ccc(cc1)NC(=O)c1ccc(cc1)[*])(C(F)(F)F)C(F)(F)F,163.0,,
7865,[*]OC(=O)COCC(=O)OCC[*],,18.5,
2798,[*]Oc1ccc(cc1)Oc1ccc(cc1)OCC(COc1ccc(cc1)C(c1ccc(cc1)OCC(C[*])O)(C)C)O,85.0,,
5308,[*]c1cc2c(C(=O)N(C2=O)c2ccc(cc2)OCCOCCOCCOc2ccc(cc2)N2C(=O)c3c(C2=O)cc(cc3)C([*])(C(F)(F)F)C(F)(F)F)cc1,166.0,,
4464,[*]Oc1ccc(cc1)CC(NC(=O)CCc1ccc(cc1)OC(=O)CCCCCCC(=O)[*])C(=O)OCCOCCOCC,6.0,,
10040,[*]CCCCOC(=O)NC1CC1NC(=O)O[*],,,6.3078
4795,[*]Nc1c(cc(cc1)NC(=O)c1ccc(cc1)NC(=O)CCCCCCCCCCC(=O)Nc1ccc(cc1)C(=O)[*])C(=O)OCCCCCCCCCCCCCCCCCC,196.5,,
2943,[*]Oc1ccc(cc1)NC(=O)c1ccc(cc1)OCC(COc1ccc(cc1)C(c1ccc(cc1)OCC(C[*])O)(C)C)O,127.0,,
7414,[*]NC(=O)CCCCCCC(=O)NCCCC[*],,240.675,
1638,[*]N1C(=O)c2c(C1=O)cc(cc2)Oc1cc2c(C(=O)N(C2=O)c2cc(ccc2)Oc2cc(ccc2)[*])cc1,200.0,,
11828,[*]Nc1ccc(Nc2ccc([*])cc2)cc1C(=O)O,,,2.6737
2048,[*]N=P([*])(OCCCc1ccccc1)OCCCc1ccccc1,-47.0,,
6241,[*]N1C(=O)c2c(C1=O)cc(cc2)S(=O)(=O)c1cc2c(C(=O)N(C2=O)c2cc(c(c(c2)Br)Oc2c(cc(cc2Br)[*])Br)Br)cc1,328.0,,
10672,[*]CCCCCCOC(=O)OCCCCCOC(=O)OCCCCCCOc1ccc(Oc2ccc(O[*])cc2)cc1,,,4.3438
11187,[*]CCCCCCCNC(=O)C=CCCC=CC(=O)N[*],,,5.3907
2637,[*]C(C[*])C(=O)OC([2H])([2H])[2H],25.75,,
1904,[*]Oc1ccc(cc1)C(c1ccc(cc1)OC(=O)[*])C(Cl)(Cl)Cl,230.0,,
5456,[*]N1C(=O)c2c(C1=O)cc(cc2)Oc1cc2c(C(=O)N(C2=O)c2cc(ccc2)C(c2cc(ccc2)[*])O[Si](O[Si](O[Si](C)(C)C)(C)C)(C)C)cc1,219.0,,
11278,[*]CCCCCCCCCCC(=O)NCC(=O)N[*],,,6.0226
10697,[*]OC(COC(F)(C(F)(F)F)C(F)(F)F)C([*])COC(F)(C(F)(F)F)C(F)(F)F,,,6.5255
493,[*]C(C[*])C(=O)OCCC(OC)C,-56.0,,
257,[*]C(C[*])OC(=O)c1ccc(cc1)CC,54.72,,
1350,[*]NC(=O)CCCCCCCCCCCCC(=O)NCCc1ccc(cc1)CC[*],93.0,267.0,
7686,[*]OC(=O)C(C(=O)OCCC[Sn](CCC[*])(C)C)CCCCCCOc1ccc(cc1)N=Nc1ccc(cc1)[N+](=O)[O-],,15.85,
10981,[*]c1cc(COCCCCCCCCOc2ccc(-c3ccc(OC)cc3)cc2)c([*])s1,,,2.6611
2120,[*]C(CCCCC[*])CCCC,-69.0,,
3323,[*]Oc1ccc(cc1)C(=O)c1ccc(cc1)NC(=O)c1ccc(cc1)C(=O)Nc1ccc(cc1)C(=O)c1ccc(cc1)[*],187.0,,
6641,[*]c1ccc2n(c3c(c2c1)cc(cc3)Nc1ccc(cc1)c1ccc(cc1)N[*])CC(CCCC)CC,231.0,,
49,[*]C(C[*])c1c(cccc1)COCCCC,67.0,,
825,[*]c1nc2c(c(c1c1ccccc1)c1ccccc1)cc(cc2)Oc1cc2c(nc(c(c2c2ccccc2)c2ccccc2)c2ccc(cc2)Oc2ccc(cc2)[*])cc1,305.0,476.0,
3251,[*]Oc1ccc(cc1)C(=Nc1ccc(cc1)N=C(c1ccc(cc1)Oc1ccc(cc1)C(c1ccc(cc1)[*])(c1ccccc1)c1ccccc1)C)C,178.0,,
1172,[*]OC(=O)c1ccc(cc1)c1ccc(cc1)C(=O)OCC[*],60.0,317.1666667,
1864,[*]Oc1ccc(cc1)C(c1ccc(cc1)OC(=O)[*])(CCC)CCC,140.8,195.0,
3210,[*]c1[nH]c(nc1c1ccc(cc1)Oc1ccc(cc1)S(=O)(=O)c1ccc(cc1)Oc1ccc(cc1)[*])c1ccccc1,277.0,,
11765,[*]Nc1ccc([*])cc1CCCCCCCCCCCCCCC,,,3.3286
5359,[*]c1cc2c(C(=O)N(C2=O)c2ccc(cc2)S(=O)(=O)c2ccc(cc2)N2C(=O)c3c(C2=O)cc(cc3)C([*])(C(F)(F)F)C(F)(F)F)cc1,330.67,,
12361,[*]Oc1ccc2c(c1)C(=O)N(Oc1ccc(C(N3C(=O)CC([*])C3=O)(C(F)(F)F)C(F)(F)F)cc1)C2=O,,,3.5205
4696,[*]Nc1cc(ccc1)NC(=O)c1cc(cc(c1)NC(=O)c1ccccc1)C(=O)[*],300.0,,
239,[*]C(C[*])C(=O)c1ccc(cc1)C(C)C,62.5,,
5699,[*]C1C(=O)N(C(=O)C1[*])CCOc1ccc(cc1)c1ccc(cc1)C#N,150.0,240.0,
3695,[*]c1oc(nn1)c1c(cc(cc1)[*])OCCCCCCCCCC,165.0,,
5672,[*]N1C(=O)c2c(C1=O)cc(cc2)C(=O)Oc1ccc(cc1)C1(CCCCC1)c1ccc(cc1)OC(=O)CCCCC[*],122.0,,
7594,[*]NNC(=O)c1cc(cc(c1)C(C)(C)C)C(=O)NNC(=O)c1cc(ccc1)C(=O)[*],,320.0,
4368,[*]Oc1ccc(cc1)CC(NC(=O)CCc1ccc(cc1)OC(=O)CCC(=O)[*])C(=O)OCCCCCC,51.2,,
6945,[*]C#Cc1cc(ccc1)Oc1nc(nc(n1)Oc1ccc(cc1)[*])Oc1ccc(cc1)[*],,240.0,
2585,[*]C(C[*])(C(=O)OCc1ccc(cc1)C=CC(=O)Oc1cc2c(cc1)oc(=O)cc2)C,140.0,,
5511,[*]c1cc2c(C(=O)N(C2=O)c2cc(ccc2)NC(=O)C(C(C(C(C(C(C(=O)Nc2cc(ccc2)N2C(=O)c3c(C2=O)cc(cc3)C([*])(C(F)(F)F)C(F)(F)F)(F)F)(F)F)(F)F)(F)F)(F)F)(F)F)cc1,218.0,,
6484,[*]OC(=O)OCc1ccc(cc1)COC(=O)OCCN(CC[*])c1ccc(cc1)N=Nc1ccc(cc1)[N+](=O)[O-],138.8,,
5675,[*]N1C(=O)c2c(C1=O)cc(cc2)C(=O)Oc1ccc(cc1)C(c1ccc(cc1)C(c1ccc(cc1)OC(=O)CCCCCCCCCCC[*])(C)C)(C)C,97.0,,
4267,[*]OC(CCC(OC(=O)CCCCCCCCC(=O)[*])C)C,-66.0,,
47,[*]C(C[*])c1c(cccc1)COCCC,97.0,,
12215,[*]NC(=O)OC(=S)[*],,,3.8869
6291,[*]c1c2C(=O)N(C(=O)c2c(c2ccccc12)c1ccc(cc1)Oc1c(cc(cc1)c1ccc(cc1)c1ccc(cc1)c1cc(c(cc1)Oc1ccc(cc1)[*])C(F)(F)F)C(F)(F)F)c1ccccc1,334.0,,
4433,[*]Oc1cc(c(cc1)c1c(cc(cc1)OC(=O)c1cc(c(cc1)c1c(cc(cc1)C(=O)[*])C(F)(F)F)C(F)(F)F)C(=O)OCCCCCCCCCCCOc1ccc(cc1)c1ccc(cc1)C#N)C(=O)OCCCCCCCCCCCOc1ccc(cc1)c1ccc(cc1)C#N,50.0,170.0,
4007,[*]c1oc(nn1)c1ccc(cc1)C(=O)OCCCCCCOc1ccc(cc1)C=C1C(=O)C(=Cc2ccc(cc2)OCCCCCCOC(=O)c2ccc(cc2)[*])CCCC1,104.0,,
3240,[*]Oc1ccc(cc1)c1ccc(cc1)Oc1ccc(cc1)C(=Nc1ccc(cc1)N=C(c1ccc(cc1)[*])c1ccccc1)c1ccccc1,195.0,,
6178,[*]N1C(=O)c2c(C1=O)cc(cc2)Oc1ccc(cc1)C(c1ccc(cc1)Oc1cc2c(C(=O)N(C2=O)c2ccc(cc2)N(c2ccc(cc2)[*])c2ccc(cc2)C#N)cc1)(C(F)(F)F)C(F)(F)F,234.0,,
11645,[*]Oc1ccc(C(C)(C)c2ccc(OC(=O)OCCN(CCOC([*])=O)c3ccc(OC)cc3)cc2)cc1,,,4.212
6159,[*]c1cc2c(C(=O)N(C2=O)c2c3c(ccc2)c(ccc3)Oc2ccc(cc2)N2C(=O)c3c(C2=O)cc(cc3)C(=O)Nc2c3c(ccc2)c(ccc3)NC(=O)[*])cc1,299.0,,
189,[*]C(C[*])C#N,93.96,301.2857143,
2296,[*]C(=C([*])C)SCCCCCCCCCC,60.0,,
1489,[*]NC(=O)CCP(=O)(CCC(=O)NCCCCCCCCCCCC[*])C,44.0,179.0,
10603,[*]CC#CC#CCOc1ccc(-c2ccc(O[*])cc2)cc1,,,4.0246
7118,[*]C1COC2C1OCC2Oc1ccc(cc1)CNC(=O)CCCCCCC(=O)NCc1ccc(cc1)O[*],,200.0,
11349,[*]C(=O)C1CC(OC(=O)CCC)CN1[*],,,5.4104
9621,[*]CCCCCCCCCCCCCC(=O)O[*],,,6.7839
12258,[*]C(F)(F)C(F)(F)C(C=C1)=CC=C1C(C=C2)=CC=C2[*],,,4.4103
9732,[*]CCCCOC(=O)Cc1ccc(CC(=O)O[*])cc1,,,5.4635
4984,[*]SC(=O)N(CC[*])Cc1ccccc1,32.0,,
1446,[*]NC(=O)CCCCCCCCC(=O)NCCCCCCCCCCC[*],40.0,181.75,
4945,[*]Nc1ccc(cc1)[Si](c1ccc(cc1)NC(=O)c1cc2Cc3c(c2cc1)ccc(c3)C(=O)[*])(c1ccccc1)c1ccccc1,54.45,,
12119,[*]CNC(=O)C(S1)=CC=C1[*],,,4.353
4317,[*]OC(=O)c1c(cccc1)C(=O)OCCCS(=O)(=O)CCCS(=O)(=O)CCC[*],52.0,,
9548,[*]CCC(=O)OC(=O)CCc1ccc([*])s1,,,4.6241
7281,[*]N1CCN(CC1)C(=O)OC1CCC(CC1)OC(=O)[*],,291.6666667,
12068,[*]CC(=O)C(S1)=CC=C1C(=O)[*],,,4.0034
9957,[*]CCCCCCCCCCC(=O)NCCCCCCNC(=O)CCCCO[*],,,5.9843
265,[*]C(C[*])OC(=O)C(C(F)(F)F)(F)F,42.0,,
292,[*]C(C[*])OC(=O)CCC,-10.1,,
8229,[*]OCC([*])CCCCCCCCC(=O)Oc1ccc(cc1)c1ccc(cc1)C(=O)Oc1cc(ccc1)OC(=O)c1ccc(cc1)c1ccc(cc1)OC(=O)CCCCCCCCC[*]O[*],,136.0,
5682,[*]N1C(=O)c2c(C1=O)c(ccc2)c1cc2c(C(=O)N(C2=O)c2cc(ccc2)OCCCCCOc2cc(ccc2)[*])cc1,168.0,,
3181,[*]Oc1ccc(cc1)C(c1ccc(cc1)Oc1ccc(cc1)C(=O)c1ccc(cc1)C(c1ccc(cc1)C(=O)c1ccc(cc1)[*])(C(F)(F)F)C(F)(F)F)(C)C,181.0,,
2538,[*]C(C[*])C(=O)OCCN(C)C,-39.0,,
5606,[*]N1C(=O)c2c(C1=O)cc(cc2)Oc1cc2c(C(=O)N(C2=O)C2CC(CC(C2)(C[*])C)(C)C)cc1,266.0,,
392,[*]C(C[*])(C(=O)OCCN(CC)CC)C,26.0,,
2470,[*]C(C[*])(C(=O)OCCCCCCc1ccc(cc1)N=Nc1ccc(cc1)OC(F)(F)F)C,194.5,,
4314,[*]OC(=O)c1ccc(cc1)C=Cc1ccc(cc1)C(=O)OCCCCC[*],60.0,,
960,[*]Oc1ccc(cc1)NC(=O)c1ccc(cc1)Oc1ccc(cc1)C(=O)Nc1ccc(cc1)[*],274.0,,
1010,[*]Oc1ccc(cc1)NC(=O)c1ccc(cc1)Oc1ccc(cc1)C(c1cc(ccc1)C(c1ccc(cc1)Oc1ccc(cc1)C(=O)Nc1ccc(cc1)Oc1ccc(cc1)C(c1ccc(cc1)[*])(C(F)(F)F)C(F)(F)F)(C)C)(C)C,154.0,,
4155,[*]c1sc(cc1SCCCC)c1ccc(cc1)c1sc(c(c1)SCCCC)c1ccc(cc1)[*],26.4,,
88,[*]C(C[*])c1ccc(cc1)COCCOCC,0.0,,
8044,[*]OC(=O)c1ccc(cc1)C(=O)NCCCCCCNC(=O)c1ccc(cc1)C(=O)OCCCCCCCCCCCCC[*],,222.0,
10600,[*]Oc1ccc(Oc2ccc(C(=O)C(=O)c3ccc([*])cc3)cc2)cc1,,,3.4827
12221,[*]NC(=S)NC(=S)[*],,,2.8537
6285,[*]N1C(=O)c2c(C1=O)cc(cc2)Oc1cc2c(C(=O)N(C2=O)Cc2oc(cc2)C(c2oc(cc2)C[*])(C)C)cc1,116.0,,
10377,[*]C=C([*])c1ccc(C#C)cc1,,,0.2378
4490,[*]OC(=O)c1ccc(cc1)C(=O)OCCN(CC[*])c1ccc(cc1)c1oc2c(n1)ccc(c2)[N+](=O)[O-],208.0,,
3366,[*]Oc1cc(c(cc1)C=Nc1c(cc(cc1)c1cc(c(cc1)N=Cc1c(cc(cc1)OCCCCCCCCCC[*])O)OC)OC)O,66.33,195.0,
7533,[*]NC(=O)c1ccc(cc1)Cc1ccc(cc1)C(=O)NCCCCCC[*],,130.0,
6301,[*]c1cc2c(C(=O)N(C2=O)c2cc(cc(c2)c2sc3c(n2)cccc3)N2C(=O)c3c(C2=O)cc(cc3)C(=O)Nc2cc(cc(c2)c2nc3c([nH]2)cccc3)NC(=O)[*])cc1,368.0,,
2995,[*]Oc1ccc(cc1)C(c1ccc(cc1)Oc1ccc(cc1)C(=O)c1c(c(c(c(c1c1ccc(cc1)F)c1ccc(cc1)F)c1ccc(cc1)F)c1ccc(cc1)F)C(=O)c1ccc(cc1)[*])(C)C,252.0,,
8925,[*]c1ncc(nc1)C(=O)NNC(=O)c1cc(ccc1)C(=O)NNC(=O)[*],,380.0,
5292,[*]N1C(=O)c2c(C1=O)cc(cc2)Oc1c(cccc1)Oc1cc2c(C(=O)N(C2=O)c2ccc(cc2)Oc2ccc(cc2)c2ccc(cc2)Oc2ccc(cc2)[*])cc1,204.0,,
7225,[*]N(c1ccc(cc1)Cc1ccc(cc1)N(C(=O)c1ccc(cc1)C(=O)[*])CCCC)CCCC,,192.5,
9426,[*]Oc1ccc(C(=O)OCCCOC(=O)c2ccc([*])cc2)cc1,,,4.6133
5607,[*]c1cc2c(C(=O)N(C2=O)c2ccc(cc2)C(=O)OCCCCCCCCCCCCCCCCCCCCCCOC(=O)[*])cc1,44.0,147.85,
10009,[*]CCCCCNC(=O)CCCCCCCCCCCCCCCCC(=O)N[*],,,5.855
9846,[*]CCCCCCCCCNC(=O)CCCCCCCC(=O)N[*],,,5.928
6885,[*]C(C[*])(C(=O)OCC(C(C(C(F)(F)F)(F)F)(F)F)(F)F)F,63.0,170.85,
6541,[*]c1nc2c(c(c1)c1ccccc1)cc(cc2)C1(c2ccccc2C(=O)c2ccccc12)c1cc2c(nc(cc2c2ccccc2)c2ccc(cc2)C2(c3ccccc3C(=O)c3ccccc23)c2ccc(cc2)[*])cc1,390.0,,
5209,[*]N1C(=O)c2c(C1=O)cc(cc2)Oc1cc2c(C(=O)N(C2=O)c2cc(ccc2)S(=O)(=O)c2cc(ccc2)[*])cc1,249.92,,
968,[*]Oc1ccc(cc1)C(=O)N(C(=O)c1ccc(cc1)OCCCCCC[*])c1cc(cc(c1)C)C,75.0,,
938,[*]N1C(=O)c2c(C1=O)cc(cc2)Oc1cc2c(cc1)ccc(c2)Oc1cc2c(C(=O)N(C2=O)c2ccc(cc2)Oc2ccc(cc2)c2ccc(cc2)Oc2ccc(cc2)[*])cc1,231.0,,
10770,[*]c1cc2c(s1)-c1sc(-c3sc(-c4sc([*])c5c4OCCO5)c4c3OCCO4)cc1C2=O,,,1.2584
3983,[*]Oc1c(cc(cc1OC)C=C1C(=O)C(=Cc2cc(c(c(c2)OC)OCCCCCCCC[*])OC)CCC1)OC,62.0,,
7915,[*]OC(=O)NCCCCCCNC(=O)OCC(C[*])(C)C,,175.0,
2432,[*]C(C([*])C(=O)OC12CC3(CC(CC(C1)C3)(C2)C)C)C,194.5,,
6415,[*]Oc1ccc(cc1)C1(C2C3C(C(C1)C2)C1CCC3C1)c1ccc(cc1)OC(=O)[*],267.5,,
7188,[*]N(CC[*])C(=O)C(Cl)Cl,,245.0,
10366,[*]C=C([*])C#N,,,0.838
10283,[*]c1ccc(-c2cnc3cc(S(=O)(=O)c4ccc5nc([*])cnc5c4)ccc3n2)cc1,,,3.1704
1110,[*]OC1CCC(CC1)OC(=O)CCCCC(=O)[*],77.8,224.8,
9528,[*]CCCCOC(=O)NCCSCCSCCNC(=O)O[*],,,5.7445
8303,[*]OCCOCCOCCOCCOCCCCCCCCCC=CCCCCCCCCC[*],,30.0,
6693,[*][SiH](C#Cc1cc(ccc1)C#C[*])c1ccccc1,61.67,,
1088,[*]OC(=O)CCCCCCCCC(=O)OCCCC[*],-64.4,64.22157895,
11246,[*]CCCP(C)(=O)CCCNC(=O)CCCCCCCCC(=O)N[*],,,5.7831
10209,[*]C(=O)c1ccc2c(c1)C(=O)N(c1cc(-c3nc4ccccc4oc3=O)cc(N3C(=O)c4ccc([*])cc4C3=O)c1)C2=O,,,2.8859
3747,[*]Oc1ccc(cc1)N1ON1c1ccc(cc1)OCCCCCCOC(=O)C(C(=O)OCCCCCC[*])CCCCCCCCCCP(=O)(OCC)OCC,12.5,,
3654,[*]C1COC2C1OCC2OC(=O)CNC(=O)CCCCCCCCC(=O)NCC(=O)O[*],66.0,164.0,
1388,[*]NC(=O)CCCCCCCCCCC(=O)NCc1ccc(cc1)C[*],105.0,270.0,
3161,[*]Oc1ccc(cc1)C(c1ccc(cc1)OCC(COC(=O)c1cc(ccc1)C(=O)OCC(C[*])O)O)(C)C,97.0,,
7330,[*]NC(=O)C(=O)NCCCCNC(=O)CCCCCCCCC(=O)NCCCC[*],,290.5,
7678,[*]OC(=O)C(=O)OCCC[*],,81.16666667,
6354,[*]C1C2C(C(=O)N(C2=O)c2ccc(cc2)F)C(C1)C=C[*],225.0,,
10163,[*]c1ccc2c(c1)Cc1cc(N3C(=O)c4ccc(-c5ccc6c(c5)C(=O)N([*])C6=O)cc4C3=O)ccc1-2,,,2.6588
9350,[*]CCCCCC(=O)NCCCCCCNC(=O)CCCCCO[*],,,5.7609
1138,[*]OC(=O)c1ccc(cc1)C(=O)OCC(C(C[*])CCCCCC)CCCCCC,-15.5,,
8841,[*]c1cc2c(C(=O)N(C2=O)c2ccc(cc2)Oc2c3c(ccc2)c(ccc3)Oc2ccc(cc2)N2C(=O)c3c(C2=O)cc(cc3)C(=O)Nc2ccc(cc2)Oc2ccc(cc2)NC(=O)[*])cc1,,425.0,
2829,[*]Oc1ccc(cc1)OC(=O)c1cc(ccc1)Oc1cc(ccc1)C(=O)[*],119.0,,
11814,[*]Nc1ccc([*])cc1Br,,,3.3506
7663,[*]OC([*])C(C)C,,260.0,
8236,[*]OCC(C[*])(COC=O)COC=O,,138.0,
9336,[*]Oc1ccc(Sc2ccc([*])cc2)cc1,,,4.5667
4917,[*]N(c1ccc(cc1)C(=O)[*])CCCC,124.0,281.0,
6900,[*]/C(=C(/CC[*])\C)/C,,259.5,
11464,[*]c1ccc(C(c2ccccc2)c2ccc(-n3c(=O)c4cc5c(=O)n([*])c(=O)c5cc4c3=O)cc2)cc1,,,2.3895
11917,[*]C#Cc1ccc([*])c(SCCCCCCCCCCCC)c1,,,3.7364
886,[*]c1oc(cc1)C(c1oc(cc1)CNC(=O)OC(COC(=O)NC[*])c1occc1)(C)C,20.0,170.0,
11138,[*]CCCCOC(=O)CC(N)C(=O)O[*],,,5.536
1135,[*]OC(=O)c1ccc(cc1)C(=O)OCC(C(C[*])CC)CC,26.0,,
8892,[*]c1nc(ccc1)C(=O)NNC(=O)c1cc(ccc1)C(=O)NNC(=O)[*],,380.0,
3420,[*]c1c(nc2c(n1)cc(cc2)Oc1ccc(cc1)NC(=O)c1cc(cc(c1)N1C(=O)c2c(C1=O)cccc2)C(=O)Nc1ccc(cc1)Oc1cc2c(nc(c(n2)c2ccc(cc2)[*])c2ccccc2)cc1)c1ccccc1,302.0,,
8754,[*]SSCCSSCCCCCC[*],,104.5,
10702,[*]Oc1ccc(NC(=O)c2ccc(-c3ccc(C(=O)Nc4ccc(Oc5ccc(C6(c7ccc([*])cc7)CC7CCC6C7)cc5)cc4)cc3)cc2)cc1,,,3.0949
11948,[*]C#Cc1cc(OCCCCCC)c(C#Cc2ccc3c(-c4c(O)ccc5cc([*])ccc45)c(O)ccc3c2)cc1OCCCCCC,,,3.0868
2473,[*]C(C[*])(C(=O)Oc1cc(c(cc1)C(=O)c1ccccc1)O)C,150.0,,
11897,[*]CC(=O)C([*])C,,,4.7758
3942,[*]c1oc(nn1)c1ccc(cc1)Oc1ccc(cc1)NC(=O)c1cc(cc(c1)NC(=O)c1ccc(cc1)OC(=O)C)C(=O)Nc1ccc(cc1)Oc1ccc(cc1)[*],270.0,,
7999,[*]OC(=O)c1c(cccc1)NC(=O)CCCCC(=O)Nc1c(cccc1)C(=O)OC(=O)c1ccc(cc1)C(=O)[*],,227.5,
7261,[*]N1C(CN(CC1)C(=O)CCN1CCN(CC1)CCC(=O)[*])C,,217.0,
7272,[*]N1CCN(CC1)C(=O)CCCCCCCCC(=O)N1CCN(CC1)CCCCCCCCCC[*],,129.5,
6364,[*]c1cc2c(C(=O)N(C2=O)c2c(c(cc(c2)C(F)(F)F)N2C(=O)c3c(C2=O)cc(cc3)C(=O)Nc2ccc(cc2)Oc2ccc(cc2)NC(=O)[*])Oc2ccc(cc2)C(F)(F)F)cc1,295.0,,
141,[*]C(C[*])c1c(cc(cc1)C)C,98.83,310.0,
3949,[*]c1oc(nn1)c1ccc(cc1)C(=O)OCCCCCCCCOc1ccc(cc1)C=C1C(=O)C(=Cc2ccc(cc2)OCCCCCCCCOC(=O)c2ccc(cc2)[*])CC1,99.0,121.0,
7596,[*]NNC(=O)c1cc(ccc1)C(=O)[*],,307.5,
12113,[*]CNCC(S1)=CC=C1[*],,,4.6476
1419,[*]NC(=O)c1ccc(cc1)C(=O)NCCCC(CCC[*])(C)C,152.0,,
4505,[*]Oc1c(cc(c(c1)OC(=O)c1ccc(cc1)OCCCC)OC(=O)CCCCCC(=O)[*])OC(=O)c1ccc(cc1)OCCCC,45.0,183.0,
8089,[*]OC(=O)c1ccc(cc1)C(=O)OCCCC(=O)Nc1ccc(cc1)NC(=O)CCC[*],,160.0,
5132,[*]c1cc2c(C(=O)N(C2=O)c2ccc(cc2)C(=O)OCCCCCOC(=O)[*])cc1,90.0,175.0,
4288,[*]Oc1c(cc(cc1)OC(=O)c1c(cc(cc1)C(=O)[*])Sc1ccccc1)c1ccccc1,130.0,149.0,
8279,[*]OCCCCC(=O)NCc1ccc(cc1)CNC(=O)CCCCCCCC[*],,217.0,
12087,[*]CC(=O)NC(=O)[*],,,4.269
4856,[*]NC(=O)CCCCCCCCCCCCCCCCCCC(=O)NCCCCCCCCC[*],42.0,,
3262,[*]Oc1ccc(cc1)Oc1ccc(cc1)OCCCCCCOC(=O)OCCCCOC(=O)OCCCCCC[*],-8.0,,
5401,[*]N1C(=O)c2c(C1=O)cc(cc2)Oc1ccc(cc1)Oc1cc2c(C(=O)N(C2=O)c2c(cc(cc2)c2cc(c(cc2)[*])OC)OC)cc1,274.0,,
2358,[*]C(C[*])c1[nH]nnn1,72.0,,
6039,[*]N1C(=O)c2c(C1=O)cc(cc2)Oc1cc2c(C(=O)N(C2=O)c2c(cc(c(c2C)C(=O)c2cc(ccc2)[*])C)C)cc1,287.0,,
12122,[*]CNC(=S)C(C=C1)=CC=C1[*],,,3.4579
11179,[*]Nc1ccc(-c2ccc(NC(=O)CCCCCCCCC([*])=O)c(O)c2)cc1O,,,3.9935
2338,[*]C1C(C(C(C1)C=C[*])C(=O)Oc1ccccc1)C(=O)Oc1ccccc1,96.5,,
7937,[*]OC(=O)NCCSCCCCSCCNC(=O)OCC[*],,125.25,
5875,[*]N1C(=O)c2c(C1=O)cc(c(c2)c1ccc(cc1)C(C)(C)C)c1cc2c(C(=O)N(C2=O)c2ccc(cc2)C(c2ccc(cc2)[*])(C(F)(F)F)C(F)(F)F)cc1c1ccc(cc1)C(C)(C)C,381.0,,
7847,[*]OC(=O)CCCCSCCCCC(=O)OCCC[*],,-19.5,
10047,[*]CCCCCCOC(=O)NCCCCCCNC(=O)O[*],,,6.343
12114,[*]CNCC(C=C1)=CC=C1[*],,,4.958
10127,[*]CCCCCCCCCCCCCCCCCCNC(=O)NCCCCCCCCCCNC(=O)N[*],,,5.6443
9487,[*]Oc1ccc(S(=O)(=O)c2ccc(Oc3ccc(C4(c5ccc([*])cc5)CCCCC4)cc3)cc2)cc1,,,3.9696
2445,[*]C(C[*])C(=O)Oc1ccc(cc1)C(=O)c1ccc(cc1)Cl,78.0,,
11818,[*]Nc1cc(Br)c([*])cc1Br,,,3.1464
2466,[*]C(C[*])(C(=O)OCCc1ccc(cc1)N=Nc1ccc(cc1)OC(F)(F)F)C,209.5,,
7841,[*]OC(=O)CCCCS(=O)(=O)CCCCC(=O)OCCCCCC[*],,91.0,
6954,[*]C(=C[*])CCCOc1ccc(cc1)c1ccc(cc1)CCCCC,,132.0,
11152,[*]OC(CC)C([*])=O,,,6.3762
8442,[*]Oc1cc2c(cc1)cc(cc2)OC(=O)c1ccc(cc1)c1ccc(cc1)C(=O)[*],,385.0,
9043,[*]n1c(=O)c2c(c3c(cc2c1=O)c(=O)n(c3=O)CCCCCCCCCCCC[*])Br,,238.0,
8167,[*]OC(C[*])COc1cc(ccc1)C,,167.0,
6470,[*]Oc1ccc(cc1)C1(c2cc(ccc2c2ccc(cc12)[N+](=O)[O-])OC)c1ccc(cc1)OC(=O)[*],294.0,,
9322,[*]CCCCCOCO[*],,,6.5668
11747,[*]Nc1ccc([*])cc1OC,,,3.512
12250,[*]C(F)(F)C(S1)=CC=C1C(F)(F)O[*],,,4.9584
4718,[*]Nc1c(cc(cc1)Br)c1ccc(cc1)NC(=O)c1ccc(cc1)C(=O)[*],267.0,,
11997,[*]C(C=C1)=CC=C1C(C=C2)=CC=C2C(C=C3)=CC=C3O[*],,,3.9661
11482,[*]CC(=O)Nc1ccc(NC(=O)c2ccc3c(c2)C(=O)N([*])C3=O)cc1,,,2.5823
2985,[*]c1cc2c(oc(n2)c2ccc(cc2)Oc2ccc(cc2)c2oc3c(n2)cc(cc3)C([*])(c2ccccc2)C(F)(F)F)cc1,299.0,,
8864,[*]c1ccc(cc1)C=C[Se]c1ccc(cc1)[Se]C=C[*],,225.0,
9312,[*]Oc1ccc([*])cc1,,,4.035
11900,[*]C=C1CCCC(=Cc2ccc([*])cc2)C1=O,,,3.6567
1606,[*]NC(=O)NCc1ccc(cc1)CNC(=O)NCCCCCCCCCCCCCC[*],54.0,248.0,
10866,[*]C#Cc1c(F)c(F)c(C#Cc2cc(CCCCCC)c([*])s2)c(F)c1F,,,2.8156
12136,[*]CONO[*],,,6.4799
4268,[*]OC(=O)c1cc(ccc1)C(=O)OCCCCCCCC[*],-9.0,,
11072,[*]Oc1c(C(C)C)cc(C([*])=O)cc1C(C)C,,,4.7789
4849,[*]Nc1ccc(cc1)C(c1ccc(cc1)NC(=O)c1cc(ccc1)C(=O)[*])(P1(=O)c2ccccc2c2ccccc2O1)P1(=O)c2ccccc2c2ccccc2O1,230.0,,
4777,[*]S(=O)(=O)c1cc(ccc1)NC(=O)c1c(cc(cc1)c1cc(c(cc1)C(=O)Nc1cc(ccc1)[*])C)C,260.0,,
11420,[*]CNC(=O)NCOC(=O)NCCCCCCNC(=O)O[*],,,6.3471
2764,[*]C1C2C3C(C=CC3)C(C1[*])C2,103.55,,
5302,[*]N1C(=O)c2c(C1=O)cc(cc2)P(=O)(c1cc2c(C(=O)N(C2=O)c2cc(ccc2)[*])cc1)c1ccccc1,323.0,,
12043,[*]CC(C=C1)=CC=C1NC(C=C2)=CC=C2[*],,,4.3854
6972,[*]C(C([*])OCCCC)Cl,,200.0,
11305,[*]CCCCCNC(=O)C(OC)C(OC)C(=O)N[*],,,5.6994
9931,[*]CCC(=O)N(CCN(C(=O)CCN1CCN([*])CC1)C(C)C)C(C)C,,,4.3463
8511,[*]Oc1ccc(cc1)C(=O)c1cc(ccc1)NC(=O)c1ccc(cc1)C(=O)Nc1ccc(cc1)C(=O)c1ccc(cc1)[*],,333.0,
7419,[*]NC(=O)CCCCCCC(=O)NCc1ccc(cc1)C[*],,302.5,
552,[*]C(C[*])C(C(F)(F)F)(F)F,41.0,,
7555,[*]NC(CC(=O)[*])C=C,,330.0,
4342,[*]OC(=O)CCCCCN(c1ccc(cc1)N=Nc1ccc(cc1)S(=O)(=O)CCCCCC[*])C,60.5,,
3574,[*]Oc1ccc(cc1)C=CC(=O)OCCN(CCOC(=O)C=Cc1ccc(cc1)OCCCCC[*])c1ccc(cc1)N=Nc1ccc(cc1)[N+](=O)[O-],92.0,120.0,
7110,[*]C1C=C(C=C1)C([*])(C)C,,300.0,
6314,[*]c1cc2c(C(=O)N(C2=O)C2C(=O)N(C(=O)C2)c2ccc(cc2)S(=O)(=O)c2ccc(cc2)NC(=O)[*])cc1,145.0,,
11570,[*]C(=O)Nc1cccc(C#Cc2cccc(N3C(=O)c4ccc([*])cc4C3=O)c2)c1,,,2.8632
8992,[*]c1sc(cc1)c1sc(cc1)[Si]([*])(C#C)C,,97.0,
868,[*]Oc1ccc(cc1)c1ccc(cc1)c1ccc(cc1)Oc1ccc(cc1)C(=O)c1cc(ccc1)C(=O)c1ccc(cc1)[*],174.0,394.0,
2090,[*]c1ccc(cc1)c1c(cc(c(c1c1ccccc1)c1ccccc1)c1ccc(cc1)c1c(c(c(c(c1)c1ccccc1)c1ccc(cc1)CCCC[*])c1ccccc1)c1ccccc1)c1ccccc1,205.0,,
8003,[*]OC(=O)c1c(cccc1)NC(=O)c1ccc(cc1)C(=O)Nc1c(cccc1)C(=O)OC(=O)c1ccc(cc1)C(=O)[*],,305.0,
879,[*]Oc1ccc(cc1)Oc1cc(c(cc1)C(=O)c1ccccc1)c1c(ccc(c1)[*])C(=O)c1ccccc1,156.0,,
6760,[*]O[Si](c1c2c(ccc1)c(ccc2)[Si]([*])(C)C)(C)C,62.0,225.0,
2190,[*]C1C2C(C(C1)CC[*])C1C(CC2C1)c1ccc(cc1)COC(CC)C,139.0,,
12374,[*]=CC2OC(C=[*])C3C(=O)N(c1cc(C(F)(F)F)cc(C(F)(F)F)c1)C(=O)C23,,,5.0857
11123,[*]CCOC(=O)c1ccc(C(=O)O[*])c2c1CC2,,,4.3335
3291,[*]c1nc(cnc1)Oc1ccc(cc1)C(c1ccc(cc1)O[*])(C)C,94.0,,
3936,[*]Oc1ccc(cc1)S(=O)(=O)c1ccc(cc1)Oc1c(cc(cc1)C(c1cc(c(cc1)[*])C(OC)(C(F)(F)F)C(F)(F)F)(C)C)C(OC)(C(F)(F)F)C(F)(F)F,163.0,,
12309,[*]NC(C=C1)=CC=C1C(=O)C(C=C2)=CC=C2[*],,,3.3853
9311,[*]CC1(CO[*])CCC(C)CC1,,,5.8565
7636,[*]Nc1cc(ccc1)NC(=O)CCCCCC(=O)[*],,174.0,
10200,[*]Nc1nc(Nn2c(=O)c3cc4c(=O)n([*])c(=O)c4cc3c2=O)nc(N(CCCC)CCCC)n1,,,2.5558
12231,[*]NC(=O)OC(=O)[*],,,5.6538
5007,[*]Nc1ccc(cc1)Cc1ccc(cc1)NC(=O)NCCCCCCCCCNC(=O)[*],-50.0,,
11721,[*]Nc1ccc([*])cc1Cl,,,4.3667
11571,[*]c1ccc(Oc2ccc3c(c2)C(=O)N([*])C3=O)cc1,,,3.4303
175,[*]C(C[*])c1cc2c(cc1)cccc2,141.83,360.0,
1021,[*]c1cc2c(C(=O)N(C2=O)c2cc(ccc2)Oc2ccc(cc2)N2C(=O)c3c(C2=O)cc(cc3)c2c(c(c(c(c2c2ccccc2)c2ccccc2)c2ccc(cc2)Oc2ccc(cc2)c2c(c(c(c(c2c2ccccc2)c2ccccc2)[*])c2ccccc2)c2ccccc2)c2ccccc2)c2ccccc2)cc1,309.0,,
10495,[*]CC(C)(C)C1CC=C([*])CC1,,,5.4516
6041,[*]c1cc2c(C(=O)N(C2=O)c2c(cc(c(c2C)C(=O)c2cc(ccc2)N2C(=O)c3c(C2=O)cc(cc3)C([*])(C(F)(F)F)C(F)(F)F)C)C)cc1,280.0,,
11445,[*]C(=O)c1ccc2c(c1)C(=O)N(c1cccc(Nc3nc(N)nc(Nc4cccc(N5C(=O)c6ccc([*])cc6C5=O)c4)n3)c1)C2=O,,,2.4034
6674,[*]S(=O)(=O)c1ccc(cc1)Nc1c(cc(cc1)C1(c2ccccc2c2ccccc12)c1cc(c(cc1)Nc1ccc(cc1)[*])F)F,145.0,,
245,[*]C(C[*])OC(=O)c1ccc(cc1)OC(=O)C,76.0,,
7292,[*]N1CCN(CC1)C(=O)c1ccc(cc1)S(=O)(=O)c1ccc(cc1)C(=O)[*],,380.0,
389,[*]C(C[*])(C(=O)OCC1OCCC1)C,105.0,,
4692,[*]N1C(CN(C(C1)C)C(=O)CCCCCCCCC(=O)[*])C,-60.5,,
4693,[*]N1CC(CCCC1)NC(=O)CCCCCCCCC(=O)[*],-46.5,,
344,[*]C(C[*])C(=O)OCC(C(C(F)(F)F)(F)F)(F)F,-30.0,,
7080,[*]C(CC(=O)C[*])c1occc1,,125.0,
11052,[*]CCCCCCCCCCOC(=O)C1CCC(C(=O)O[*])CC1,,,6.5731
12000,[*]C(C=C1)=CC=C1C(=S)C(S2)=CC=C2O[*],,,2.6462
4621,[*]Oc1c(cccc1)C(=O)OC(=O)c1c(cccc1)OC(=O)C(C(C(=O)[*])CC)CC,23.0,,
7948,[*]OC(=O)NCCSCCSCCNC(=O)OCCCCC[*],,128.0,
10307,[*]CCc1cccc([*])c1,,,5.4567
5803,[*]N1C(=O)c2c(C1=O)cc(cc2)Oc1cc2c(C(=O)N(C2=O)c2c(cc(cc2)Cc2cc(c(cc2)[*])C(C)(C)C)C(C)(C)C)cc1,216.0,,
2362,[*]C(C[*])(C(=O)Oc1ccc(cc1)C(=O)O)C,110.0,,
5868,[*]C1C2C(ON1C)C(=O)N(C2=O)c1ccc(cc1)N1C(=O)C2C(C(N(O2)C)c2ccc(cc2)[*])C1=O,67.0,,
1213,[*]Oc1cc(cc(c1)CCCCCC)OC(=O)c1cc(ccc1)C(=O)[*],67.5,,
132,[*]C(C[*])c1ccc(cc1)OC,101.33,,
10006,[*]NNC(=O)c1cccc(C(=O)NNC(=S)c2cccc(C([*])=S)c2)c1,,,3.2068
6878,[*]c1c(c(c(c(c1Cl)Cl)[Se][*])Cl)Cl,104.0,,
5857,[*]c1cc2c(C(=O)N(C2=O)c2c(ccc(c2)c2cc(c(cc2)O)N2C(=O)c3c(C2=O)cc(cc3)C([*])(C(F)(F)F)C(F)(F)F)O)cc1,350.0,,
1947,[*]c1nc2c(nc1c1ccccc1)cc(cc2)c1cc2c(nc(c(n2)c2ccccc2)c2ccc(cc2)c2ccc(cc2)[*])cc1,404.0,,
1524,[*]NC(=O)c1cc2c(C(CC2(c2ccc(cc2)C(=O)NCCCCCC[*])C)(C)C)cc1,143.33,221.0,
2722,[*]C(C[*])(C(=O)Oc1ccc(cc1)C=Cc1ccccc1)C,143.0,,
6994,[*]C(C[*])(C(=O)OCCOC(=O)c1cc(cc(c1)OC(=O)c1ccc(cc1)N=Nc1ccc(cc1)OCCCCCCC)OC(=O)c1ccc(cc1)N=Nc1ccc(cc1)OCCCCCCC)C,,125.7,
9769,[*]Oc1cc(C)cc(OC(=O)c2cccc(C([*])=O)c2)c1,,,4.2911
1757,[*]N1C(=O)c2c(C1=O)cc(cc2)Oc1ccc(cc1)Oc1ccc(cc1)Oc1cc2c(C(=O)N(C2=O)c2cc(ccc2)[*])cc1,227.0,,
6109,[*]N1C(=O)C2C3C4C(C(C2C1=O)C=C3)C(=O)N(C4=O)C1CCC(CC1)CC1CCC(CC1)[*],239.0,,
8789,[*][Si]([Si]([Si](c1ccc(cc1)[*])(C)C)(C)C=C)(C)C,,130.0,
4538,[*]OC(CC(=O)[*])CCCCCC,-47.0,55.0,
7076,[*]C(C[*])c1c(cccc1)F,,270.0,
9191,[*]CC([*])C(=O)OCC(F)(F)C(F)(F)OC(F)(F)F,,,6.5517
4535,[*]OC(COC(=O)C1=C(C2C=CC1C2)C(=O)OCC(OC(=O)c1ccc(cc1)C(=O)[*])CCl)CCl,72.0,,
10072,[*]CCCCCCCCCCOC(=O)Nc1ccc(C)c(NC(=O)O[*])c1,,,5.0994
2560,[*]C(C[*])(C(=O)Oc1ccc(cc1)N=Nc1ccc(cc1)OCCCCCCCCCCCOC(=O)c1cc2c(OCCOCCOCCOCCO2)cc1)C,19.0,,
10274,[*]c1ccc(-c2cnc3ccc(-c4ccc5ncc([*])nc5c4)cc3n2)cc1,,,3.3577
8342,[*]Oc1c(cc(cc1)C(=O)[*])CCC,,294.0,
12182,[*]NC(C=C1)=CC=C1C(C=C2)=CC=C2C(S3)=CC=C3[*],,,2.8401
3618,[*]C1COC2C1OCC2OC(=O)C(NC(=O)CCCCCCCCC(=O)NC(C(=O)O[*])CCSC)CCSC,61.0,,
3345,[*]OP(=O)(Oc1c(cc(cc1C)S(=O)(=O)c1cc(c(c(c1)C)[*])C)C)Oc1ccc(cc1)OC,147.0,,
6308,[*]Nc1cc(ccc1)NC(=O)CCCCC(=O)Nc1ccc(cc1)C(=O)NC(=S)[*],267.0,,
180,[*]C(C(C(C[*])c1ncccc1)c1ccccc1)c1ncccc1,150.0,350.0,
1731,[*]N1C(=O)c2c(C1=O)c(ccc2)Oc1ccc(cc1)C(c1ccc(cc1)Oc1c2c(C(=O)N(C2=O)c2cc(ccc2)[*])ccc1)(C)C,222.5,,
5559,[*]c1cc2c(C(=O)N(C2=O)c2ccc(cc2)OC(COc2ccc(cc2)N2C(=O)c3c(C2=O)cc(cc3)C([*])(C(F)(F)F)C(F)(F)F)CCC)cc1,204.0,,
199,[*]C(C[*])OCCCCCCCCCC,-62.0,,
3497,[*]Oc1ccc(cc1)CC(NC(=O)CCc1ccc(cc1)OC(=O)COCCOCC(=O)[*])C(=O)OCCCC,45.0,,
10984,[*]NCc1cc(C(=O)O)cc(CNc2nc(-c3csc([*])n3)cs2)c1N,,,3.7145
9583,[*]CCCCCCCCCCOC(=O)CCCCC(=O)O[*],,,6.5494
3751,[*]Oc1c2c(c(cc1)C=Cc1ccc(cc1)C=Cc1c3c(c(cc1)OCCOCCOCC[*])cccc3)cccc2,83.5,,
11402,[*]CC#CC#CCOC(=O)Nc1ccc(Cc2ccc(NC(=O)O[*])cc2)cc1,,,4.0768
5546,[*]C1C2C(C(=O)N(C2=O)c2cc(ccc2)C)C(C1)C=C[*],206.0,,
1995,[*]O[Si](CCC(C(CC[Si]([*])(CCC(F)(F)F)C)(F)F)(F)F)(CCC(F)(F)F)C,-27.0,,
4,[*]C(C[*])C(C)C,10.97,290.5769231,
6487,[*]Oc1ccc(cc1)C(c1ccc(cc1)OC(=O)OCCCOC(=O)[*])(C)C,68.1,,
12032,[*]CC(C=C1)=CC=C1C(C=C2)=CC=C2O[*],,,4.3757
8742,[*]SSC(=O)NCCCCCCNC(=O)SSCCCC[*],,103.0,
1466,[*]N(C(=O)CCCCCCCCCCC[*])C,-30.5,49.96666667,
7312,[*]NC(=O)C(=O)NCCCCCCCCCCNC(=O)CCCCCCCCC(=O)NCCCCCCCCCC[*],,231.0,
7554,[*]NC(CC(=O)[*])C(C)C,,330.0,
11026,[*]CCCCCCCCCCOC(=O)CC(C)(C)CC(=O)O[*],,,6.7584
2040,[*]N=P([*])(OCCCCCCCC)OCCCCCCCC,-84.0,,
12160,[*]C(=O)OC(S1)=CC=C1C(=S)[*],,,2.7905
5483,[*]c1cc2c(C(=O)N(C2=O)c2ccc(cc2)Oc2ccc(cc2)Oc2ccc(cc2)NC(=O)[*])cc1,250.0,441.0,
10207,[*]c1ccc(N2C(=O)c3ccc(-c4cccc5c4C(=O)N([*])C5=O)cc3C2=O)cc1,,,3.1892
7421,[*]NC(=O)CCCCCCCC(=O)NCCCC[*],,228.0,
6932,[*]=Nc1ccc(cc1)N=Cc1c(cc(c(c1)OCCCCCCCCCCCCCCCC)C=[*])OCCCCCCCCCCCCCCCC,,270.0,
25,[*]C(C[*])CCCCCCCCCCCC,10.0,49.75,
5521,[*]N1C(=O)N(C(=O)C1=O)c1ccc(cc1)Oc1ccc(cc1)N1C(=O)N(C(=O)C1=O)CCCCCC[*],172.0,,
10212,[*]OC(=O)CCCCCCCCCCC([*])=O,,,6.499
2623,[*]C(C[*])C(=O)OCCOc1ccc(cc1)C(=O)Oc1ccc(cc1)OC(=O)c1ccc(cc1)OCCCC,45.0,,
3698,[*]OOC(C[*])c1ccc(cc1)Br,9.6,,
6648,[*]Nc1ccc(cc1)Nc1ccc(cc1)C(c1ccc(cc1)C(c1ccc(cc1)[*])(c1ccccc1)O)(c1ccccc1)O,200.0,,
7917,[*]OC(=O)NCCCCCCNC(=O)OCCOCCOCC#CC#CCOCCOCC[*],,138.0,
8464,[*]Oc1ccc(cc1)C(=NN=C(c1ccc(cc1)OC(=O)OCCCCCCCCCCCCOC(=O)[*])C)C,,166.85,
7957,[*]OC(=O)Nc1c2c(ccc1)c(ccc2)NC(=O)OCC[*],,304.0,
7208,[*]N(CC[*])C(=O)c1ccc(cc1)OC,,227.0,
658,[*]c1nc2c(nc1c1ccccc1)cc(cc2)c1cc2c(nc(c(n2)c2ccccc2)c2ccc(cc2)Oc2ccc(cc2)[*])cc1,335.33,,
8181,[*]OC(CCOC(=O)CCCC(=O)[*])C,,-30.125,
12360,[*]NC1(F)CC(C(F)F)C([*])C(F)(F)C1F,,,6.3292
4603,[*]OC(=O)C(NC(=O)CCCCC(=O)NC(C(=O)OCC=CC[*])Cc1ccccc1)Cc1ccccc1,61.0,,
4363,[*]Oc1c(cc(cc1)C=C1C(=O)C(=Cc2cc(c(cc2)OC(=O)c2cc(ccc2)C(=O)[*])OC)CCC1)OC,57.86,,
11225,[*]NNC(=O)CCCCCCCC(=O)NNC(=O)CCCCCCCCC([*])=O,,,6.2535
1784,[*]c1cc2c(C(=O)N(C2=O)c2ccc(cc2)C(=O)Nc2c(cccc2)NC(=O)[*])cc1,215.0,,
7433,[*]NC(=O)CCCCCCCCC(=O)NCCCCC[*],,195.0,
10070,[*]CCCCCCOC(=O)Nc1ccc(C)c(NC(=O)O[*])c1,,,5.2905
7839,[*]OC(=O)CCCCS(=O)(=O)CCCCC(=O)OCCCC[*],,87.0,
10100,[*]CCOC(=O)Nc1ccc(-c2ccc(NC(=O)O[*])c(C)c2)cc1C,,,4.3385
5175,[*]N1C(=O)c2c(C1=O)cc(cc2)C(=O)c1cc2c(C(=O)N(C2=O)CC(=O)Nc2cc(ccc2)Oc2ccc(cc2)NC(=O)C[*])cc1,226.0,,
8414,[*]Oc1cc(c(cc1)C(=O)OCC[*])C,,291.0,
12228,[*]NC(=S)NC(C=C1)=CC=C1CC(C=C2)=CC=C2[*],,,3.7839
10256,[*]Cc1ccc(COC(=O)O[*])cc1,,,5.5423
10028,[*]CCCCCCNC(=O)CCCCC(=O)NCC(=O)N[*],,,5.8188
8873,[*]c1cncc(c1)C(=O)NCCCCCCNC(=O)[*],,216.6666667,
7043,[*]C(C[*])CCCC1CCCCC1,,123.0,
4478,[*]Oc1ccc(cc1)CC(NC(=O)Cc1ccc(cc1)OC(=O)CCCCCCC(=O)[*])C(=O)OCCCCCC,27.0,,
9863,[*]CCCC(C)CC(=O)N[*],,,6.0894
8552,[*]Oc1ccc(cc1)CCCCCCCCCCc1ccc(cc1)OC(=O)[*],,142.5,
1247,[*]Oc1cc(cc(c1)CCC)OC(=O)c1cc(ccc1)C(=O)[*],129.0,,
3531,[*]c1oc(nn1)c1ccc(cc1)c1oc(nn1)CCCCCOc1c(cc(cc1)OCCCCC[*])C,110.5,,
3317,[*]c1nc(nc(n1)c1ccc(cc1)Oc1ccc(cc1)Oc1ccc(cc1)Oc1ccc(cc1)[*])c1ccccc1,203.0,,
2512,[*]C(C[*])(C(=O)OCCCCCCOc1cc2c(cc1)cc(cc2)C(=O)Oc1ccccc1)C,39.0,,
8262,[*]OCCCC(=O)NCc1ccc(cc1)CNC(=O)CCC[*],,242.0,
9197,[*]CC([*])(C)C(=O)Oc1ccc2ccccc2c1,,,3.6336
1449,[*]NC(=O)CCc1ccc(cc1)CCC(=O)NCCCCCC[*],85.0,299.0,
233,[*]C(C[*])(C(=O)C)F,142.0,,
12288,[*]C(F)(F)NC(F)(F)N[*],,,8.2137
2431,[*]C(C([*])C(=O)OC12CC3CC(CC(C1)C3)C2)C,236.5,,
9701,[*]CCOC(=O)c1ccc(Cc2ccc(C(=O)O[*])cc2)cc1,,,4.6415
6571,[*]Nc1ccc(cc1)/C=C/c1ccc(cc1)NC(=C(C#N)C#N)c1ccc(cc1)C(=C(C#N)C#N)[*],250.0,,
774,[*]Oc1ccc(cc1)S(=O)(=O)c1ccc(cc1)Oc1ccc(cc1)c1ccc(cc1)[*],217.39,,
7621,[*]Nc1c(cccc1)NC(=O)CCCCCC(=O)[*],,135.0,
2136,[*]C(C[*])c1ccc(cc1)C(O)C(F)(F)F,110.0,,
9419,[*]CC1CC([*])OC(C)O1,,,6.0468
2393,[*]C(C[*])(C(=O)OC(OCC)C(F)(F)F)C,60.0,,
10414,[*]C=CC1CC([*])C(C#N)(CCC)C1,,,6.0806
6257,[*]c1cc2c(C(=O)N(C2=O)c2ccc(cc2)NC(=S)N=Cc2cc(c(cc2)Cl)N2C(=O)c3c(C2=O)cc(cc3)C(=O)[*])cc1,274.0,,
11255,[*]NC(C)(C)C(C)(C)C([*])=O,,,5.4856
9317,[*]Oc1ccc(Cc2ccc([*])cc2)cc1,,,4.9481
6480,[*]Oc1c(cc(cc1Cl)C(c1cc(c(c(c1)Cl)OC(=O)[*])Cl)C(Cl)(Cl)Cl)Cl,273.0,,
5506,[*]c1cc2c(C(=O)N(C2=O)c2cc(ccc2)C(=O)NCCN(CCNC(=O)[*])c2ccc(cc2)C=Cc2ccc(cc2)[N+](=O)[O-])cc1,178.0,,
1927,[*]c1nc2c(nc1)ccc(c2)c1ccc2c(nc(cn2)c2ccc(cc2)[*])c1,376.0,,
4348,[*]C1CN(CCC1)C(=C(c1ccc(cc1)C(=O)OC[*])C#N)c1ccc(cc1)OC,171.5,,
7365,[*]NC(=O)C(C[*])(CCCC)C,,72.0,
3318,[*]c1nc(nc(n1)c1ccc(cc1)Oc1ccc(cc1)C(c1ccc(cc1)Oc1ccc(cc1)[*])(c1ccccc1)c1ccccc1)c1ccccc1,261.0,,
5372,[*]c1c2C(=O)N(C(=O)c2c(c2ccccc12)c1ccc(cc1)Oc1ccc(cc1)S(=O)(=O)c1ccc(cc1)Oc1ccc(cc1)[*])c1ccccc1,305.0,,
8685,[*]SC(=O)CCCCC(=O)SCCC[*],,127.0,
8475,[*]Oc1ccc(cc1)C(=O)NNC(=O)c1cc(ccc1)C(=O)NNC(=O)c1ccc(cc1)[*],,305.0,
8656,[*]S(=O)(=O)NCCCCCCNS(=O)(=O)c1cc2c(cc1)ccc(c2)[*],,195.0,
1494,[*]Nc1ccc(cc1)NC(=O)CCCCCCCC(=O)[*],130.0,345.0,
4294,[*]Oc1c(cc(cc1)OC(=O)c1c(cc(cc1)c1ccc(cc1)C(=O)[*])c1ccccc1)c1ccccc1,148.0,,
293,[*]C(C[*])OC(C(F)(F)F)(C(F)(F)F)F,60.0,,
2852,[*]c1ccc2c3n(c4ccc(cc4n3)c3cc4n5c(nc4cc3)c3cccc4c(ccc(c5=O)c34)Oc3cc(ccc3)O[*])c(=O)c3cccc1c23,396.5,,
7424,[*]NC(=O)CCCCCCCC(=O)NCCCCCCCC[*],,200.0,
4163,[*]c1sc(cc1SCCCCCC)[*],32.0,,
1920,[*]N(CC[*])C(=O)c1ccccc1,108.5,210.0,
2701,[*]C(C[*])(C(=O)OCCCCCCCCCCCCCCC(=O)NC1OC(C(C(C1O)O)OC1OC(C(C(C1O)O)O)CO)CO)C,133.1,,
6483,[*]OC(=O)OCC(C[*])(C(=O)OCc1ccccc1)C,-2.0,,
3691,[*]O[Si](O[Si](O[Si](O[Si](O[Si](OC(CCCCC([*])C)C)(C)C)(C)C)(C)C)(C)C)(C)C,-104.0,,
4331,[*]Oc1ccc(cc1)OC(=O)Oc1ccc(cc1)C(=O)[*],74.0,253.0,
280,[*]C(C[*])OC(=O)C(C(CC)(C)C)(C)C,90.0,,
11374,[*]CCCCCCNC(=O)C(CC)CC(CC)C(=O)N[*],,,5.6687
6983,[*]C(C[*])(C(=O)OCC(C(C(C(C(C(C(F)(F)F)(F)F)(F)F)(F)F)(F)F)(F)F)(F)F)F,,180.85,
7974,[*]OC(=O)Nc1ccc(cc1)NC(=O)OCC(C[*])(C)C,,230.0,
6727,[*][Si](CCC[*])(O[Si](CCCOc1ccc(cc1)C(=O)Oc1ccc(cc1)c1ccc(cc1)C#N)(C)C)C,10.1,,
8884,[*]c1nc(c(s1)c1c(nc(s1)c1sc(cc1CCCCCCCC)c1sc(c(c1)CCCCCCCC)[*])CCCCCCCC)CCCCCCCC,,230.0,
2409,[*]C(C[*])C(=O)OCCCCCCCCCCCCOC(=O)c1ccc(cc1)OC(=O)c1ccc(cc1)C#N,15.0,,
790,[*]Oc1c2c(c(cc1)c1c3c(c(cc1)OCCCCCC[*])cccc3)cccc2,109.0,,
3145,[*]c1n(c(nn1)c1ccc(cc1)Oc1ccc(cc1)C(c1ccc(cc1)Oc1ccc(cc1)[*])(C(F)(F)F)C(F)(F)F)c1ccc(cc1)S(=O)(=O)C,226.0,,
6440,[*]OC(=O)OCC(C(C[*])OC(=O)C(NC(=O)OCc1ccccc1)CC(C)C)OC(=O)C(NC(=O)OCc1ccccc1)CC(C)C,51.38,,
1200,[*]Oc1ccc(cc1)C(c1ccc(cc1)OC(=O)CCCCC(=O)[*])(C)C,54.0,145.0,
11122,[*]Oc1ccc(OC(=O)c2cc(OCCCCCCOCCCCC)c(C([*])=O)cc2OCCCCCCOCCCCC)cc1,,,3.6545
4233,[*]Oc1ccc(cc1)C(c1ccc(cc1)OC(=O)CCCCCCCCC(=O)[*])(CC)c1ccccc1,88.0,,
368,[*]C(C[*])(C(=O)OCCCCCCCC)C,-10.0,,
4863,[*]NC(=O)c1c(cc(cc1)C(=O)NCCCCCC[*])Oc1ccccc1,108.0,200.0,
11264,[*]CCOC(=O)NNC(=O)CCCCCCCCC(=O)NNC(=O)O[*],,,5.8878
11387,[*]C(=O)Nc1ccc(NC(=O)c2ccc3[nH]c(-c4cc(-c5nc6cc([*])ccc6[nH]5)cc(N5C(=O)c6ccccc6C5=O)c4)nc3c2)cc1,,,2.3407
5334,[*]c1cc2c(C(=O)N(C2=O)c2ccc(cc2)Oc2cc3c(cc2)ccc(c3)Oc2ccc(cc2)N2C(=O)c3c(C2=O)cc(cc3)C(=O)Nc2ccc(cc2)Oc2ccc(cc2)S(=O)(=O)c2ccc(cc2)Oc2ccc(cc2)NC(=O)[*])cc1,274.0,,
4866,[*]NC(=O)c1c(cc(cc1)C(=O)NCCCCCCCCCCCC[*])Oc1ccccc1,75.0,144.0,
12082,[*]CC(=O)C(=S)C(C=C1)=CC=C1[*],,,2.6275
7996,[*]OC(=O)c1c(cccc1)C(=O)OCCCCCCCCCCCCCCCCCCCC[*],,48.25,
10676,[*]Oc1ccc(S(=O)(=O)c2cccc3c(S(=O)(=O)c4ccc(Oc5ccc(-c6ccc([*])cc6)cc5)cc4)cccc23)cc1,,,3.4062
763,[*]Oc1ccc(cc1)C(c1ccc(cc1)Oc1ccc(cc1)C(=O)c1ccc(cc1)[*])(C(F)(F)F)C(F)(F)F,170.5,,
5750,[*]N1C(=O)c2c(C1=O)cc(cc2)c1cc2c(C(=O)N(C2=O)CCCCOC(=O)OCCCC[*])cc1,104.0,139.0,
4035,[*]OC(C(=O)OCCC[*])C,-33.0,,
3746,[*]Oc1ccc(cc1)N1ON1c1ccc(cc1)OCCCCCCOC(=O)C(C(=O)OCCCCCC[*])CCCCCCP(=O)(O)O,15.0,,
7612,[*]Nc1c(cc(cc1)[*])c1ccccc1,,199.0,
3718,[*]Oc1c2c(ccc1)c(ccc2)OC(=O)c1ccc(cc1)Oc1ccc(cc1)C(=O)[*],171.0,390.0,
9861,[*]NC(C)CC([*])=O,,,5.711
2552,[*]C(C[*])(C(=O)OCCCCCCN(c1ccc(cc1)N(C)C)C)C,8.5,,
11527,[*]CC(=O)OCCCCCCOC(=O)Cn1c(=O)c2cc3c(=O)n([*])c(=O)c3cc2c1=O,,,3.6832
12421,[*]C=C([*])c1cccc([Si](C)(C)C)c1,,,0.7366
5195,[*]c1cc2c(C(=O)N(C2=O)c2ccc3Cc4c(c3c2)cc(cc4)N2C(=O)c3c(C2=O)cc(cc3)C([*])(C(F)(F)F)C(F)(F)F)cc1,394.0,,
11067,[*]OC(CC(C)C)C([*])=O,,,6.5186
2166,[*]C(C(CCCCCCCC[*])c1ccc(cc1)O)c1c(cc(cc1)O)C,-12.0,,
1978,[*][Si](CCC[*])(c1ccc(cc1)N(C)C)C,6.5,,
7164,[*]N(C(=O)[*])c1cc(ccc1)C,,200.0,
10503,[*]C(=O)OC1CC2CC(OC(=O)N3CCN([*])CC3)CC(C1)O2,,,5.7033
3331,[*]Oc1ccc(cc1)Oc1ccc(cc1)C(=O)c1ccc(cc1)NC(=O)c1cc(ccc1)C(=O)Nc1ccc(cc1)C(=O)c1ccc(cc1)[*],198.0,,
6150,[*]N1C(=O)c2c(C1=O)cc(cc2)NC(=O)Nc1ccc(cc1)Oc1ccc(cc1)NC(=O)Nc1cc2c(C(=O)N(C2=O)c2ccc(cc2)c2nc(cc(c2)c2ccc(cc2)c2ccccc2)c2ccc(cc2)[*])cc1,241.0,,
8309,[*]OCOCCCCCCCCCCCCCC[*],,68.5,
7864,[*]OC(=O)CCc1ccc(cc1)CCC(=O)OCCc1ccc(cc1)CC[*],,217.0,
11790,[*]Nc1cc(OCC)c([*])cc1OCC,,,3.3635
10369,[*]C#CC(=C([*])c1ccccc1)c1ccccc1,,,0.8829
7814,[*]OC(=O)CCCCCCCCC[*],,78.33142857,
10119,[*]CCCCCCNC(=O)NCCCCNC(=O)N[*],,,5.3951
9065,[*]n1c(=O)c2cc3c(cc2c1=O)c(=O)n(c3=O)CCCCCCCCCCCC(=O)Oc1cc2c(cc1)cc(cc2)OC(=O)CCCCCCCCCCC[*],,211.0,
4093,[*]S(=O)c1ccc(cc1)Sc1ccc(cc1)Sc1ccc(cc1)Sc1ccc(cc1)[*],133.0,242.0,
20,[*]C(C[*])CC1CCCCC1,75.0,218.8333333,
2471,[*]C(C[*])C(=O)OCCOc1ccc(cc1)C(c1ccc(cc1)OCCO)(C)C,22.0,,
5219,[*]N1C(=O)c2c(C1=O)cc(cc2)Oc1ccc(cc1)Oc1ccc(cc1)Oc1cc2c(C(=O)N(C2=O)c2ccc(cc2)Oc2ccc(cc2)c2ccc(cc2)Oc2ccc(cc2)[*])cc1,211.0,334.0,
2565,[*]C(C[*])(C(=O)OCc1c(ccc(c1)F)F)C,50.0,,
5879,[*]C1C2C(C(=O)N(C2=O)CCCCCCC)C(C1)C=C[*],59.0,,
12095,[*]CC(=S)C(C=C1)=CC=C1N[*],,,2.6292
8269,[*]OCCCCC(=O)NCCCCCCNC(=O)CCCCCC[*],,147.0,
8481,[*]Oc1ccc(cc1)C(=O)Nc1c(cc(cc1)c1cc(c(cc1)NC(=O)c1ccc(cc1)OCCCCCCCCCC[*])Cl)Cl,,255.0,
3892,[*]Oc1c(cc(cc1)Oc1ccc(cc1)C(=O)c1ccc(cc1)c1ccc(cc1)C(=O)c1ccc(cc1)[*])c1cc(c(cc1)S(=O)(=O)O)C,182.0,,
10607,[*]CC(CSC(C)C)O[*],,,4.8245
4082,[*]Oc1ccc(cc1)Oc1ccc(cc1)Oc1c(cc(cc1)S(=O)(=O)c1cc(c(cc1)Oc1ccc(cc1)Oc1ccc(cc1)Oc1ccc(cc1)c1ccc(cc1)[*])S(=O)(=O)O[Na])S(=O)(=O)O[Na],302.0,,
5909,[*]c1cc2c(C(=O)N(C2=O)c2ccc(cc2)Oc2cc3c(cc2)ccc(c3)Oc2ccc(cc2)N2C(=O)c3c(C2=O)cc(cc3)C([*])(C(F)(F)F)C(F)(F)F)cc1,302.3,,
8231,[*]OCC(=O)NCCCCCCNC(=O)COCC[*],,126.0,
6913,[*]/C=C/CC[*],,118.0981481,
2433,[*]C(C[*])(C(=O)OCCCCCCOc1ccc(cc1)c1ccc(cc1)C#N)C,58.6,,
10329,[*]CCCCCC([*])C,,,7.1803
11274,[*]NC(CCC([*])=O)C(=O)OC,,,5.6456
4924,[*]Nc1cc(cc(c1)c1oc(nn1)c1ncccc1)NC(=O)c1ccc(cc1)C(=O)[*],230.0,,
6680,[*]O[Si](O[Si](O[Si](CCC(C(C(C(C(C(CC[Si]([*])(CCC(F)(F)F)C)(F)F)(F)F)(F)F)(F)F)(F)F)(F)F)(CCC(F)(F)F)C)(CCC(F)(F)F)C)(CCC(F)(F)F)C,-43.0,,
823,[*]c1nc2c(c(c1)c1ccc(cc1)Oc1ccc(cc1)c1cc(nc3c1cccc3)c1ccc(cc1)c1ccc(cc1)[*])cccc2,326.0,475.0,
11148,[*]OC(C)C#CC#CC(C)OC(=O)c1ccc(C([*])=O)cc1,,,4.3105
766,[*]Oc1cc(ccc1)S(=O)(=O)c1ccc(cc1)[*],170.0,,
5999,[*]N1C(=O)c2c(C1=O)cc(cc2)Oc1cc2c(C(=O)N(C2=O)c2c(ccc(c2)C(c2cc(c(cc2)OCCN(c2ccc(cc2)C=CC2=CC(=C(C(=O)OC)C#N)CC(C2)(C)C)c2ccccc2)[*])(C(F)(F)F)C(F)(F)F)OCCN(c2ccc(cc2)C=CC2=CC(=C(C(=O)OC)C#N)CC(C2)(C)C)C)cc1,207.0,,
11167,[*]Oc1c(C)cc(N=Nc2ccc(C([*])=O)cc2)cc1C,,,3.7116
3119,[*]Oc1ccc(cc1)P(=O)(c1ccc(cc1)Oc1ccc(cc1)C(c1ccc(cc1)[*])(C)C)C,192.0,,
2204,[*]C(C[*])c1ccc(cc1)c1cc2C(c3c(c2cc1)ccc(c3)c1cc2C(c3c(c2cc1)cccc3)(CCCCCC)CCCCCC)(CCCCCC)CCCCCC,78.33,,
6523,[*]N([Si](C[Si]([*])(C)C)(C)C)CCC,-47.5,,
3409,[*]Oc1c(cc(cc1C)[*])C(CCCCCCCC)C,20.0,,
6375,[*]Nc1cc(ccc1)NC(=O)c1cc(ccc1)C(=O)Nc1cc(ccc1)NC(=S)NC(=O)CCCCCCCCC(=O)NC(=S)[*],240.0,,
10224,[*]OC(=O)CCCCCCC([*])=O,,,6.0659
2214,[*]C(C[*])c1ccc(cc1)COc1ccc(cc1)c1c2c(nsn2)c(cc1)c1sc(cc1)C,128.33,,
11991,[*]C(C=C1)=CC=C1C(S2)=CC=C2OC(S3)=CC=C3[*],,,3.0679
6503,[*]OC(COC(=O)[*])COC(C)C,-9.0,,
1209,[*]OC(=O)c1cc(cc(c1)C(C(C(C(C(C(C(F)(F)F)(F)F)(F)F)(F)F)(F)F)(F)F)(F)F)C(=O)OCC(C(C(C[*])(F)F)(F)F)(F)F,27.0,,
9678,[*]CCCCCCCCCCOC(=O)CC(=O)O[*],,,6.9598
24,[*]C(C[*])CCCCCCCCCC,-73.33,45.075,
7219,[*]N(c1cc(c(cc1)c1c(cc(cc1)N(C(=O)c1ccc(cc1)C(=O)[*])CC)C)C)CC,,252.5,
1675,[*]c1cc2c(C(=O)N(C2=O)c2cc(ccc2)C(=O)c2cc(ccc2)N2C(=O)c3c(C2=O)cc(cc3)C(=O)[*])cc1,245.81,327.07,
9251,[*]CC([*])(Br)Br,,,5.2567
2678,[*]C(C[*])(C(=O)OCCCCCCOc1ccc(cc1)C(=O)Oc1c2c(c(cc1)N=Nc1ccccc1)cccc2)C,46.0,85.0,
9953,[*]C(=O)NCCCCCCCCNC(=O)c1cncc([*])c1,,,4.7551
1909,[*]N(CC[*])C(=O)CC,59.08,,
4712,[*]Nc1cc(ccc1)CCc1ccc(cc1)NC(=O)c1ccc(cc1)C(=O)[*],203.0,415.0,
12370,[*]N1CCC(CCc2ccc(N3C(=O)c4ccc(N5C(=O)C(=O)N([*])C5=O)cc4C3=O)cc2)CC1,,,2.8897
8781,[*][SiH](c1ccc(cc1)[*])C,,61.25,
801,[*]OCC(C[*])O,17.0,140.0,
5271,[*]Oc1ccc(cc1)Oc1ccc(cc1)OC(=O)NC(=O)c1cc(cc(c1)C(C)(C)C)C(=O)NC(=O)[*],114.5,,
6559,[*]N=P([*])(OCC=Cc1ccccc1)OCC=Cc1ccccc1,1.0,,
12273,[*]C(F)(F)C(F)(F)NC(=S)[*],,,3.3248
8557,[*]Oc1ccc(cc1)N=Cc1cc(c(cc1)OC(=O)CCCCCCCCC(=O)Oc1c(cc(cc1)C=Nc1ccc(cc1)[*])OC)OC,,132.5,
231,[*]C(C[*])SC,-1.0,,
11285,[*]CCCCNC(=O)CC(=O)N[*],,,5.9986
4581,[*]OC(COC(=O)C1CCC(CC1)C(=O)[*])COc1ccc(cc1)N=Nc1ccc(cc1)C#N,106.0,,
2813,[*]C1OCC(OC1)CNC(=O)CCCCC(=O)NC[*],93.0,291.0,
534,[*]C(C(CC[*])C(=O)OC)C(=O)OC,31.2,,
8371,[*]Oc1c(cc(cc1)C=CC=Cc1cc(c(cc1)OCCCCCCC[*])C)C,,170.0,
8610,[*]Oc1ccc(cc1)Oc1ccc(cc1)Oc1ccc(cc1)OC(=O)c1ccc(cc1)Oc1ccc(cc1)Oc1ccc(cc1)C(=O)[*],,327.0,
4053,[*]P1(=NP(=NP(=N1)(Oc1ccc(cc1)C(=O)OCCC)Oc1ccc(cc1)C(=O)OCCC)(Oc1ccc(cc1)C(c1ccc(cc1)O[*])(C(F)(F)F)C(F)(F)F)Oc1ccc(cc1)C(=O)OCCC)Oc1ccc(cc1)C(=O)OCCC,34.0,,
10849,[*]c1cnc([*])s1,,,1.8999
4344,[*]Oc1ccc(cc1)C=C1C(=O)C(=Cc2ccc(cc2)OC(=O)c2ccc(cc2)N=Cc2ccc(cc2)C=Nc2ccc(cc2)C(=O)[*])CC1,205.0,297.5,
12016,[*]CC(S1)=CC=C1C(=O)C(S2)=CC=C2[*],,,3.4685
5381,[*]c1c2C(=O)N(C(=O)c2c(c2ccccc12)c1ccc(cc1)Oc1ccc(cc1)C(=O)c1cc(ccc1)C(=O)c1ccc(cc1)Oc1ccc(cc1)[*])c1ccc(cc1)F,243.0,,
2212,[*]C(C[*])c1ccc(cc1)c1c2c(nsn2)ccc1,150.0,,
467,[*]C(C[*])(C(=O)OCCS(=O)CC)C,25.0,,
4778,[*]Nc1ccc(cc1)c1c(cc(cc1c1ccccc1)c1ccc(cc1)c1cc(c(c(c1)c1ccccc1)c1ccc(cc1)NC(=O)c1ccc(cc1)C(=O)[*])c1ccccc1)c1ccccc1,290.0,,
5319,[*]c1cc2c(C(=O)N(C2=O)c2cc(ccc2)N2C(=O)c3c(C2=O)cc(c(c3)Cl)C(=O)[*])cc1Cl,313.0,,
4185,[*]c1sc(cc1CCCCCCO[Si](C)(C)C)[*],10.0,,
11040,[*]CCCCCOC(=O)CC(=O)O[*],,,6.5183
6495,[*]Oc1ccc(cc1)Cc1ccc(cc1)OC(=O)OCC1CCC(CC1)COC(=O)[*],56.9,,
9330,[*]CCCCCCCCCCOCCCCCCCCCCOCCCCO[*],,,6.1738
6060,[*]N1C(=O)c2c(C1=O)c(ccc2)Oc1ccc(cc1)C(c1ccc(cc1)Oc1c2c(C(=O)N(C2=O)c2ccc(cc2)Oc2ccc(cc2)c2ccc(cc2)Oc2ccc(cc2)[*])ccc1)(C)C,236.0,,
4130,[*]c1sc(cc1CCCCBr)[*],19.0,,
4400,[*]Oc1ccc(cc1)CC(NC(=O)CCc1ccc(cc1)OC(=O)CCCCCCCCC(=O)[*])C(=O)OCC,44.0,,
6516,[*]c1nc2cc3c(cc2c(c1)c1ccccc1)nc(cc3c1ccccc1)c1ccc(cc1)c1ccc(cc1)[*],383.0,498.0,
5744,[*]N1C(=O)c2c(C1=O)cc(cc2)Oc1ccc(cc1)C1(CCC(CC1)C(C)(C)C)c1ccc(cc1)Oc1cc2c(C(=O)N(C2=O)c2ccc(cc2)Oc2c(cc(cc2)Oc2ccc(cc2)[*])C(C)(C)C)cc1,233.0,,
9253,[*]CCCCCCCCCCC(Cl)C([*])Cl,,,7.2165
1955,[*]c1cc2c(nc([nH]2)S(=O)(=O)c2nc3c([nH]2)ccc(c3)c2cc(ccc2)[*])cc1,286.5,,
329,[*]C(C[*])C(=O)OC(C)C,-8.38,154.0,
6292,[*]c1c2C(=O)N(C(=O)c2c(c2ccccc12)c1ccc(cc1)Oc1c(cc(cc1)c1c2ccccc2c(c2ccccc12)c1cc(c(cc1)Oc1ccc(cc1)[*])C(F)(F)F)C(F)(F)F)c1ccccc1,361.0,,
1042,[*]SC(C[*])(C)C,-14.0,,
7545,[*]NC(C(C(=O)[*])C)C,,380.1666667,
8816,[*][Si](c1ccc(cc1)[*])(c1ccccc1)C,,215.5,
866,[*]Oc1ccc(cc1)S(=O)(=O)c1ccc(cc1)Oc1ccc(cc1)c1ccc(cc1)c1ccc(cc1)[*],251.0,389.0,
2709,[*]C1C2CC(C(C1[*])C2)C(=O)OCCc1ccc(cc1)N(c1ccccc1)c1ccccc1,307.0,,
11310,[*]CCCCCCNC(=O)c1ccc(C(=O)N[*])c(Oc2ccc(Cl)cc2)c1,,,4.0457
9144,[*]C(C)C([*])OC,,,5.326
11558,[*]C(=O)Oc1ccc(-c2ccc(OC(=O)c3ccc4c(c3)C(=O)N(c3ccc(Oc5ccc(N6C(=O)c7ccc([*])cc7C6=O)cc5)cc3)C4=O)cc2)cc1,,,2.6231
2824,[*]c1nc2cc3c(cc2c(c1)c1ccccc1)nc(cc3c1ccccc1)c1ccc(cc1)Oc1ccc(cc1)[*],365.0,490.0,
11802,[*]c1ccc(-c2ccc([*])c(CCCCCC)n2)nc1CCCCCC,,,3.9211
3941,[*]c1oc(nn1)c1ccc(cc1)NC(=O)c1cc(cc(c1)NC(=O)c1ccc(cc1)OC(=O)C)C(=O)Nc1ccc(cc1)[*],280.0,,
1611,[*]Nc1ccc(cc1)Cc1ccc(cc1)NC(=O)NCCCCCCCCCCCCNC(=O)[*],51.0,240.0,
3988,[*]c1oc2c(n1)cc(cc2)S(=O)(=O)c1cc2c(oc(n2)C2CCC(CC2)[*])cc1,296.0,,
457,[*]C(C[*])(C(=O)OCCOC)C,22.75,,
4854,[*]Nc1ccc(cc1)C(c1ccc(cc1)NC(=O)c1cc2c(cc1)cc(cc2)C(=O)[*])(P1(=O)c2ccccc2c2ccccc2O1)P1(=O)c2ccccc2c2ccccc2O1,241.0,,
10581,[*]C1CC([*])OC(O)O1,,,6.5343
12284,[*]C(F)(F)NC(F)(F)C(S1)=CC=C1[*],,,4.586
1321,[*]NC(=O)CCCCCCCCCCC(=O)NCCCCCCCCCC[*],49.0,191.6666667,
10622,[*]CC(CO[*])(CS(=O)(=O)CCCC)CS(=O)(=O)CCCC,,,5.4465
5533,[*]c1cc2c(C(=O)N(C2=O)c2ccc(cc2)C2(CCC(CC2)C(C)(C)C)c2ccc(cc2)NC(=O)[*])cc1,331.0,,
1166,[*]OC(=O)C1CCC(CC1)C(=O)OCC1CCC(CC1)C[*],67.68,220.3333333,
4751,[*]Nc1ccc(cc1)NC(=O)c1cc(cc(c1)NC(=O)c1ccncc1)C(=O)[*],327.0,,
9410,[*]c1ccc(-c2nc3ccc(Oc4ccc5nc([*])c(-c6ccccc6)nc5c4)cc3nc2-c2ccccc2)cc1,,,3.199
8970,[*]c1sc(cc1)C(=O)NCCCCCCCCCCNC(=O)[*],,250.0,
10696,[*]Oc1ccc(C(=O)NCCCCCCCCCCCCNC(=O)c2ccc([*])cc2)cc1,,,4.4794
10054,[*]CCCCCCCCCCCCOC(=O)NCCCCCCCCCCNC(=O)O[*],,,6.2416
52,[*]C(C[*])c1c(cccc1)COCc1ccccc1,72.0,,
2934,[*]Oc1cc(ccc1)NC(=O)c1cc(ccc1)OCC(COc1ccc(cc1)C(c1ccc(cc1)OCC(C[*])O)(C)C)O,117.0,,
561,[*]C(=C(C(C([*])(F)F)(C(F)(F)F)F)F)F,-3.0,,
9744,[*]CC(C)(C)COC(=O)CCC(=O)O[*],,,6.4486
2067,[*]N=P([*])(Oc1ccc(cc1)C)Oc1ccc(cc1)C,0.3,340.0,
9731,[*]CCCCOC(=O)COCC(=O)O[*],,,6.6832
2032,[*]N=P([*])(OC)OC,-75.33,,
8305,[*]OCOCC1CCC(CC1)C[*],,82.0,
7796,[*]OC(=O)CCCCCCCC(=O)OCCC[*],,51.14285714,
8304,[*]OCCSCC[*],,46.5,
4890,[*]c1ccc2c(nc([nH]2)c2ccc(cc2)C(=O)Nc2ccc(cc2)C(=O)Nc2ccc(cc2)NC(=O)[*])c1,295.0,,
1006,[*]Oc1ccc(cc1)Oc1ccc(cc1)NC(=O)c1ccc(cc1)Oc1ccc(cc1)C(c1cc(ccc1)C(c1ccc(cc1)Oc1ccc(cc1)C(=O)Nc1ccc(cc1)[*])(C)C)(C)C,147.0,,
2848,[*]OP(=O)(Oc1c(c(c(c(c1Cl)Cl)[*])Cl)Cl)Oc1c(c(c(c(c1Cl)Cl)Cl)Cl)Cl,133.0,,
9280,[*]CC(CBr)O[*],,,6.2128
12004,[*]C(C=C1)=CC=C1OC(S2)=CC=C2O[*],,,4.6798
2379,[*]C(C(C(C[*])OCCCC)(C(=O)OC)C)(C(=O)OC)C,97.5,,
5584,[*]c1cc2c(C(=O)N(C2=O)c2cc(ccc2)N2C(=O)c3c(C2=O)cc(cc3)C(=O)c2cc(cc(c2)c2ccccc2)C(=O)[*])cc1,266.5,,
10370,[*]CC([*])(CC(=O)O)C(=O)O,,,5.8762
2602,[*]C(C[*])C(=O)Oc1ccc(cc1)C(=O)OCc1ccccc1,16.25,,
11194,[*]NC(C)CNC(=O)C1CC1C([*])=O,,,5.5051
10613,[*]CCOCCC(=O)O[*],,,6.821
793,[*]Oc1c2c(c(cc1)c1c3c(c(cc1)OCCC[*])cccc3)cccc2,173.5,,
9603,[*]CCCCCOC(=O)CCCCC(=O)O[*],,,6.8948
9712,[*]OC(C([*])=O)C(C)C,,,6.2703
9611,[*]CCCCC(=O)O[*],,,6.623
7114,[*]C1CCN(CC1)C(=O)SSCCCCSSC(=O)N1CCC(CC1)CCC[*],,150.0,
9415,[*]CC(CC)(CCl)CO[*],,,6.1616
6981,[*]C(C[*])(C(=O)OCC(C(C(C(C(C(C(C(F)(F)F)(F)F)(F)F)(F)F)(F)F)(F)F)(F)F)(F)F)F,,184.85,
4892,[*]c1ccc2c(nc([nH]2)c2ccc(cc2)c2nc3c([nH]2)ccc(c3)C(=O)Nc2cc(ccc2)NC(=O)[*])c1,294.0,,
8642,[*]S(=O)(=O)CCC[*],,290.0,
6969,[*]C(C([*])OCC)C,,209.3333333,
2631,[*]C(C[*])(C(=O)OC(COc1c2ccccc2c2ccccc2c1)COc1c2ccccc2c2ccccc2c1)C,112.0,,
5520,[*]N1C(=O)N(C(=O)C1=O)c1c(ccc(c1)N1C(=O)N(C(=O)C1=O)CCCCCC[*])C,181.5,,
542,[*]C(C[*])(F)F,-28.45,171.2138509,
2779,[*]C1CC2CC(CC(C1)O2)OC(=O)O[*],207.0,,
5145,[*]c1cc2c(C(=O)N(C2=O)c2ccc(cc2)Cc2ccc(cc2)N2C(=O)c3c(C2=O)cc(cc3)C(=O)c2ccc(cc2)Oc2ccc(cc2)C2(c3c(C(=O)O2)cccc3)c2ccc(cc2)Oc2ccc(cc2)C(=O)[*])cc1,268.0,,
573,[*]C(C[*])C=C,-13.22,135.35,
6103,[*]c1cc2c(C(=O)N(C2=O)c2cc(c(cc2)Oc2ccc(cc2)Oc2ccc(cc2)N2C(=O)c3c(C2=O)cc(cc3)C([*])(C(F)(F)F)C(F)(F)F)C(F)(F)F)cc1,260.8,,
1824,[*]N1C(=O)c2c(C1=O)cc(cc2)C(=O)c1cc2c(C(=O)N(C2=O)CCCCCCOC(=O)OCCCOC(=O)OCCCCCC[*])cc1,61.0,,
10828,[*]CCOCCOCCOC(=O)C1CCC(C(=O)O[*])CC1,,,6.1079
9348,[*]CCCC(=O)NCCCCCCNC(=O)CCCO[*],,,5.652
2029,[*][Si](C[*])(CCCC)CCCC,-30.0,,
3406,[*]OC(=O)c1cc(ccc1)C(=O)OCCOCCOCCOCCOCCOCC[*],-36.0,,
3619,[*]Oc1ccc(cc1)N(c1ccc(cc1)c1ccc(cc1)N(c1ccc(cc1)[*])c1ccccc1)c1ccccc1,218.0,,
7783,[*]OC(=O)CCCCCCC(=O)OCC1CCC(CC1)C[*],,71.5,
11684,[*]Oc1ccc(C(C)(C)c2ccc(OC(=O)SCCCSC([*])=O)cc2)cc1,,,4.8294
8513,[*]Oc1ccc(cc1)C(=O)c1ccc(cc1)Oc1ccc(cc1)C(=O)c1ccc(cc1)C(=O)c1ccc(cc1)[*],,377.0,
8031,[*]OC(=O)c1cc2c(cc1)cc(cc2)C(=O)OCCCC(=O)NCCCCCCNC(=O)CCC[*],,160.0,
988,[*]Oc1ccc(cc1)S(=O)(=O)c1ccc(cc1)Oc1ccc(cc1)C1(c2ccccc2c2ccccc12)c1ccc(cc1)[*],276.67,,
11761,[*]c1ccc(-c2ccc(-c3ccc(-c4cc(-c5ccccc5)c5cc(-c6ccc7nc([*])cc(-c8ccccc8)c7c6)ccc5n4)cc3)cc2)cc1,,,3.1981
12172,[*]NC(S1)=CC=C1C(=O)C(=S)[*],,,2.1167
696,[*]c1c(nc2c(n1)cc(cc2)Oc1cc2c(nc(c(n2)c2ccc(cc2)Oc2ccc(cc2)[*])c2ccccc2)cc1)c1ccccc1,261.33,,
5816,[*]c1cc2c(C(=O)N(C2=O)c2c(cc(cc2C)c2cc(c(c(c2)C)N2C(=O)c3c(C2=O)cc(cc3)C(=O)Oc2ccc(cc2)C(c2ccc(cc2)OC(=O)[*])(C(F)(F)F)C(F)(F)F)C)C)cc1,335.0,,
7793,[*]OC(=O)CCCCCCC[*],,84.85,
1378,[*]NC(=O)c1ccc(cc1)CC(=O)NCCC[*],109.0,281.0,
9927,[*]Cc1ccc(CNC(=O)c2cccc(C(=O)N[*])c2)cc1,,,4.6753
3926,[*]OP(=O)(OCCCCOc1c(cc(cc1)C=C1C(=O)C(=Cc2cc(c(cc2)OCCCC[*])OC)CC1)OC)OCC,79.0,125.0,
9521,[*]CCCCCCSSCCCCSS[*],,,5.0908
676,[*]OC(=O)CCCCCC(=O)OCCOCC[*],-59.67,-29.0,
1610,[*]Nc1ccc(cc1)Cc1ccc(cc1)NC(=O)NCCCCCCCCCCNC(=O)[*],46.0,246.0,
7945,[*]OC(=O)NCCSCCSCCNC(=O)OCC1CCC(CC1)C[*],,121.0,
6959,[*]C(=C[*])c1ccc(cc1)S(=O)(=O)c1ccccc1,,262.5,
840,[*]c1nc2c(nc1c1ccccc1)cc(cc2)Oc1cc2c(nc(c(n2)c2ccc(cc2)Oc2ccc(cc2)[*])c2ccccc2)cc1,340.0,,
3299,[*]OC(=O)c1ccc(cc1)N=CNc1ccc(cc1)C(=O)OCCOCC[*],77.0,165.0,
6384,[*]C1C(=O)OC(=O)C1C(C[*])OCC,146.0,,
12336,[*]c1ccc(-c2ccc([Si](C)(C)c3ccc([*])s3)s2)cc1,,,3.5832
1658,[*]N1C(=O)c2c(C1=O)cc(cc2)Oc1cc2c(C(=O)N(C2=O)c2ccc(cc2)c2ccc(cc2)[*])cc1,286.0,,
2993,[*]c1cc2c(oc(n2)c2ccc(cc2)C(c2ccc(cc2)c2oc3c(n2)cc(cc3)C([*])(c2ccccc2)C(F)(F)F)(C(F)(F)F)C(F)(F)F)cc1,334.0,,
9108,[*]CC([*])c1ccc(C(=O)OCCCCCC)cc1,,,4.7078
10331,[*]CCCCCC([*])CCCCCCCCCCCCCC,,,6.895
2810,[*]Oc1ccc(cc1)C(=O)OCC(COC(=O)c1ccc(cc1)[*])(C)C,73.0,116.0,
4292,[*]Oc1c2c(c(cc1)OC(=O)c1c(cc(cc1)c1ccc(cc1)C(=O)[*])c1ccccc1)cccc2,165.0,,
8666,[*]S(=O)(=O)c1ccc(cc1)C(=O)NC(CNC(=O)c1ccc(cc1)[*])C,,335.0,
9292,[*]CC(COCCCC)O[*],,,5.3487
1854,[*]Oc1ccc(cc1)C(c1ccc(cc1)OC(=O)[*])c1ccccc1,150.6,215.7,
11206,[*]Nc1ccc(Cc2ccc(NC(=O)c3cc(C([*])=O)cc(N4C(=O)C5C6CCC(C6)C5C4=O)c3)cc2)cc1,,,3.4808
2408,[*]C(C[*])C(=O)OCCCCCCCCCCOC(=O)c1ccc(cc1)OC(=O)c1ccc(cc1)C#N,15.0,,
5121,[*]c1cc2c(C(=O)N(C2=O)c2ccc(cc2)Oc2cc(ccc2)Oc2ccc(cc2)N2C(=O)c3c(C2=O)cc(cc3)C(=O)Nc2ccc(cc2)Oc2ccc(cc2)C2(c3c(C(=O)N2)cccc3)c2ccc(cc2)Oc2ccc(cc2)NC(=O)[*])cc1,267.0,,
1025,[*]Oc1ccc(cc1)C=CC(=O)c1ccc(cc1)Oc1c(cc(cc1)C(c1cc(c(cc1)[*])C)(C)C)C,157.0,,
4803,[*]Nc1ccc(cc1)NC(=O)c1c(ccc(c1)c1cc(c(cc1)C(=O)OCC)C(=O)[*])C(=O)OCC,231.7,,
9817,[*]CCCCCCCCCCNC(=O)CCCCC(=O)N[*],,,5.8086
2386,[*]C(C([*])C(=O)OC(C)(C)C)C(=O)OC,84.0,,
11514,[*]c1ccc(Oc2ccc(S(=O)(=O)c3ccc(Oc4ccc(-c5c6c(c([*])c7ccccc57)C(=O)N(c5ccccc5)C6=O)cc4)cc3)cc2)cc1,,,3.4421
5376,[*]c1c2C(=O)N(C(=O)c2c(c2ccccc12)c1ccc(cc1)Oc1ccc(cc1)S(=O)(=O)c1ccc(cc1)Oc1ccc(cc1)[*])c1ccc(cc1)C(F)(F)F,290.0,,
6550,[*]c1nc2c(c(c1c1ccccc1)c1ccccc1)cc(cc2)c1cc2c(nc(c(c2c2ccccc2)c2ccccc2)c2ccc(cc2)c2ccc(cc2)[*])cc1,381.67,,
5057,[*]N1C(=O)c2c(C1=O)cc(cc2)C(=O)Oc1ccc(cc1)OC(=O)CCCC[*],89.32,257.825,
2892,[*]Oc1cc(ccc1)Oc1ccc(cc1)C(=O)c1ccc(cc1)P(=O)(c1ccc(cc1)C(=O)c1ccc(cc1)[*])c1ccccc1,201.0,,
10433,[*]C=C([*])c1ccc(C(=O)Oc2c(F)c(F)c(F)c(F)c2F)cc1,,,1.1102
12109,[*]CNC(C=C1)=CC=C1C(S2)=CC=C2[*],,,3.7272
10174,[*]C(=O)c1ccc2c(c1)C(=O)N(c1ccc(C(=O)c3cccc(C(=O)c4ccc(N5C(=O)c6ccc([*])cc6C5=O)cc4)c3)cc1)C2=O,,,2.9294
11630,[*]C(=O)Nc1cccc(NC(=O)c2ccc3c(c2)C(=O)N(c2cc(-c4nc5ccccc5o4)cc(N4C(=O)c5ccc([*])cc5C4=O)c2)C3=O)n1,,,2.7946
1796,[*]c1cc2c(C(=O)N(C2=O)c2ccc(cc2)Oc2c3c(ccc2)c(ccc3)Oc2ccc(cc2)N2C(=O)c3c(C2=O)cc(cc3)C(=O)Nc2ccc(cc2)Oc2ccc(cc2)Oc2ccc(cc2)NC(=O)[*])cc1,285.0,430.0,
5689,[*]N1C(=O)c2c(C1=O)c(ccc2)c1cc2c(C(=O)N(C2=O)c2ccc(cc2)OCCCCCOc2ccc(cc2)[*])cc1,208.0,,
12177,[*]NC(S1)=CC=C1OC(S2)=CC=C2[*],,,4.3883
7514,[*]NC(=O)c1c(cccc1)C(=O)NCCCCCC[*],,150.0,
9204,[*]CC([*])(C)C(=O)OCCOCC,,,6.2857
12416,[*]CC([*])c1c([2H])c([2H])c([2H])c([2H])c1[2H],,,2.3297
8048,[*]OC(=O)c1ccc(cc1)C(=O)NCCCCCNC(=O)c1ccc(cc1)C(=O)OCCCCCCC[*],,199.0,
1024,[*]Oc1ccc(cc1)C=CC(=O)c1ccc(cc1)Oc1ccc(cc1)C(c1ccc(cc1)[*])(C)C,152.0,,
2608,[*]C(C[*])C(=O)NCCC[N+](CCCS(=O)(=O)O)(C)C,141.5,,
2863,[*]c1ccc2c3n(c4ccc(cc4n3)c3cc4n5c(nc4cc3)c3cccc4c(ccc(c5=O)c34)Oc3ccc(cc3)C(c3ccc(cc3)O[*])(c3ccccc3)c3ccccc3)c(=O)c3cccc1c23,357.0,,
4746,[*]NC(=O)c1c(cc(cc1)C(=O)NCCCCCC[*])Oc1ccc(cc1)Br,116.0,224.0,
2838,[*]Oc1cc(ccc1)Oc1ccc(cc1)C(=O)Oc1cc(ccc1)OC(=O)c1ccc(cc1)[*],131.0,188.0,
6980,[*]C(C[*])(C(=O)OCC(C(C(C(C(C(C(C(C(F)(F)F)(F)F)(F)F)(F)F)(F)F)(F)F)(F)F)(F)F)(F)F)F,,195.85,
9523,[*]OC(=O)CSCCSCC([*])=O,,,4.3837
9270,[*]C=CC(C)(C)C([*])(C)C,,,5.1816
8703,[*]SC(=O)Nc1ccc(cc1)Cc1ccc(cc1)NC(=O)SCC(C[*])(C)C,,200.0,
12285,[*]C(F)(F)NC(F)(F)C(C=C1)=CC=C1[*],,,5.3698
7238,[*]N1C(=O)c2c(C1=O)cc(cc2)C(=O)Oc1ccc(cc1)c1ccc(cc1)OC(=O)c1cc2c(C(=O)N(C2=O)CCCCCCCC[*])cc1,,339.0,
11008,[*]c1ccc(-c2csc(-c3cc([*])cs3)c2)cc1,,,3.4782
12137,[*]C(=O)C(S1)=CC=C1C(S2)=CC=C2C(S3)=CC=C3[*],,,1.9407
3311,[*]c1ncc(cc1)C(=O)Nc1cc(ccc1)Oc1ccc(cc1)C(=O)c1ccc(cc1)Oc1cc(ccc1)NC(=O)[*],154.0,,
7256,[*]N1C(CN(C(C1)C)C(=O)OCCOC(=O)[*])C,,180.0,
2518,[*]C(C[*])(C(=O)OCCCCCCCCCCCCOc1cc2c(cc1)cc(cc2)C(=O)Oc1ccccc1)C,12.0,,
10238,[*]OC1C(C)(C)C(OC([*])=O)C1(C)C,,,6.5093
291,[*]C(C[*])(C1=NC(C(=O)O1)(C)C)C,165.0,,
8857,[*]c1ccc(cc1)/C=C/c1c(cc(c(c1)OCCCCCCC)/C=C/[*])OCCCCCCC,,149.0,
1880,[*]Oc1ccc(cc1)C(c1ccc(cc1)OC(=S)[*])CC,97.33,,
9103,[*]CC([*])c1ccc(CCCCCC)cc1,,,4.9872
7753,[*]OC(=O)CCCCC(=O)OCC(C(C(C(C[*])(F)F)(F)F)(F)F)(F)F,,65.0,
3924,[*]OP(=O)(OCCCCCCCCCCOc1c(cc(cc1)C=C1C(=O)C(=Cc2cc(c(cc2)OCCCCCCCCCC[*])OC)CC1)OC)OC,48.0,90.0,
6750,[*][Si](CCC[*])(C[Si](c1ccccc1)(C)C)C[Si](c1ccccc1)(C)C,-36.0,,
2297,[*]C(C[*])OCCCCCCCOc1ccc(cc1)c1ccc(cc1)C#N,13.0,,
12291,[*]CC(C#N)(C#N)[*],,,7.4098
288,[*]C(C[*])OC(=O)c1ccc(cc1)OC(=O)CC,71.5,,
6682,[*][Si](C=C[Ge](C=C[*])(c1ccccc1)c1ccccc1)(c1ccccc1)c1ccccc1,28.0,,
1438,[*]NC(=O)CCCCCNC(=O)CCCCCCCCCC[*],25.5,184.0,
2845,[*]OP(=O)(Oc1c(c(c(c(c1Cl)Cl)[*])Cl)Cl)Oc1ccc(cc1)Cl,119.0,,
3093,[*]OCC(C[*])(CSCC)CSCC,-32.0,82.0,
4389,[*]Oc1c(cc(cc1)c1cc(c(cc1)OC(=O)c1ccc(cc1)C(=O)c1ccc(cc1)C(=O)[*])c1ccccc1)c1ccccc1,184.5,,
7241,[*]N1C(=O)c2c(C1=O)cc(cc2)C(=O)Oc1ccc(cc1)c1ccc(cc1)OC(=O)c1cc2c(C(=O)N(C2=O)CCCCCCCCCCCC[*])cc1,,297.0,
3306,[*]Oc1ccc(cc1)NC(=O)c1ccc(cc1)C(=O)Nc1ccc(cc1)Oc1ccc(cc1)C(=O)c1ccc(cc1)[*],160.0,,
6652,[*]N(c1ccc(cc1)c1cc2C(c3c(c2cc1)ccc(c3)c1ccc(cc1)[*])(CCCCCCCC)CCCCCCCC)c1ccc(cc1)N(c1ccc(cc1)C(c1ccccc1)(C)C)c1ccc(cc1)C(c1ccccc1)(C)C,137.0,,
5021,[*]Nc1cc(cc(c1)C(=O)Nc1ccc2C(=O)c3c(C(=O)c2c1)cccc3)NC(=O)Nc1ccc(cc1)NC(=O)[*],184.0,,
12305,[*]C(=O)C(C=C1)=CC=C1C(C=C2)=CC=C2C(S3)=CC=C3[*],,,2.8474
6430,[*]Oc1c(cc(cc1)C(c1cc(c(cc1)OC(=O)[*])C)(CCC#N)C)C,117.0,,
1672,[*]c1cc2c(C(=O)N(C2=O)c2ccc(cc2)Oc2cc(ccc2)Oc2ccc(cc2)N2C(=O)c3c(C2=O)cc(cc3)C([*])(C(F)(F)F)C(F)(F)F)cc1,247.67,,
595,[*]OC(C[*])COc1ccccc1,38.5,190.5555556,
11207,[*]Nc1ccc(C(C)(C)c2ccc(NC(=O)c3cc(C([*])=O)cc(N4C(=O)C5CC=CCC5C4=O)c3)cc2)cc1,,,3.5748
3649,[*]C1COC2C1OCC2OC(=O)C(NC(=O)CCCCCC(=O)NC(C(=O)O[*])C)C,45.0,,
10707,[*]C(=O)Nc1cc(NC(=O)c2ccc([*])o2)c(N)cc1N,,,2.8199
7676,[*]OC(=O)C(=O)OCC[*],,167.2,
10700,[*]OC(F)(F)OC(F)(F)C([*])(F)F,,,9.8151
516,[*]C(C[*])C(=O)OCCCCCC(=O)Oc1ccc(cc1)c1ccc(cc1)C#N,38.0,,
7759,[*]OC(=O)CCCCC(=O)OCC(C[*])CCCCCCOc1ccc(cc1)N=Nc1ccc(cc1)C#N,,45.0,
6256,[*]c1cc2c(C(=O)N(C2=O)c2ccc(cc2)Oc2ccc(cc2)C(=O)c2cc(ccc2)N2C(=O)c3c(C2=O)cc(cc3)C([*])(C(F)(F)F)C(F)(F)F)cc1,242.0,,
2489,[*]C(C[*])(C(=O)OCCCCCCCCCCOc1ccc(cc1)OC(=O)c1ccc(cc1)OC)C,21.0,,
9689,[*]CCCCCCCCCCCCCCCCCCCCOC(=O)c1ccccc1C(=O)O[*],,,5.216
11455,[*]c1ccc(S(=O)(=O)c2ccc(-n3c(=O)c4cc5c(=O)n([*])c(=O)c5cc4c3=O)cc2)cc1,,,2.8028
11899,[*]C=C1CCC(=Cc2ccc([*])cc2)C1=O,,,2.5147
1426,[*]S(=O)(=O)c1cc(ccc1)NC(=O)CCCCC(=O)Nc1cc(ccc1)[*],140.0,,
3326,[*]Oc1ccc(cc1)Oc1ccc(cc1)C(=O)c1cc(ccc1)NC(=O)c1ccc(cc1)C(=O)Nc1cc(ccc1)C(=O)c1ccc(cc1)[*],210.0,,
9367,[*]CCCCCC(=O)NCc1ccc(CNC(=O)CCCCCO[*])cc1,,,5.243
12123,[*]CNC(=S)C(=O)[*],,,2.602
4160,[*]c1sc(cc1CCCC)c1ccc(cc1)c1sc(c(c1)CCCC)c1ccc(cc1)[*],58.3,,
10948,[*]C(C)=C(C)c1ccc(-c2ccc([*])s2)s1,,,2.1828
1987,[*]O[Si](O[Si](O[Si]([*])(c1c(c(c(c(c1F)F)Cl)F)F)C)(C)C)(C)C,-75.0,,
4618,[*]Oc1c(cccc1)C(=O)OC(=O)c1c(cccc1)OC(=O)c1ccc(cc1)C(=O)[*],120.0,,
1873,[*]Oc1ccc(cc1)C(c1ccc(cc1)OC(=O)[*])(C(Cl)(F)F)C(Cl)(F)F,183.5,,
2994,[*]Oc1cc(ccc1)C(=O)c1ccc(cc1)[*],132.67,304.0,
2346,[*]C(CCCCCCCCCCCCCCCCCCCC[*])COCCOCCOCCOCCOCc1c2ccc3cccc4ccc(cc1)c2c34,-21.0,9.0,
7280,[*]N1CCN(CC1)C(=O)NCCCCCCNC(=O)[*],,265.0,
4092,[*]c1sc(cc1CCCCCCCC)[*],-6.52,160.2545455,
5406,[*]N1C(=O)c2c(C1=O)cc(cc2)Oc1ccc(cc1)Oc1cc2c(C(=O)N(C2=O)c2c(cc(cc2)Cc2cc(c(cc2)[*])OC)OC)cc1,269.0,,
11947,[*]c1cc(OC)c([*])cc1OC,,,4.5409
10187,[*]C(=O)c1ccc2c(c1)C(=O)N(c1ccc(Oc3ccc(-c4ccc(Oc5ccc(N6C(=O)c7ccc([*])cc7C6=O)cc5)cc4)cc3)cc1)C2=O,,,2.0335
2687,[*]C(C[*])(C(=O)OC1(CN(CCC1)c1ccc(cc1)N=Nc1ccc(cc1)C=C(S(=O)(=O)C)C#N)C)C,196.0,,
1568,[*]OC(=O)Nc1ccc(cc1)Cc1ccc(cc1)NC(=O)OCCCCC[*],95.0,190.5,
3375,[*]Oc1ccc(cc1)C1(c2ccccc2c2ccccc12)c1ccc(cc1)OCC(COC(=O)C1CCC(CC1)C(=O)OCC(C[*])O)O,110.0,,
7028,[*]C(C[*])C([N+](Cc1ccccc1)(CC)CC)[N+](Cc1ccccc1)(CC)CC,,185.0,
7577,[*]NCCCCCCNCCCCCCCCCC[*],,100.5,
4106,[*]c1sc(cc1)c1sc(cc1)c1sc(cc1)[Si]([*])(C)C,45.0,190.5,
2533,[*]C(C[*])(C(=O)OC1(CC(=O)OCC1)C)C,110.0,,
10945,[*]c1ccc(-c2ccc(-c3cc(OCCCCCCCCCCCC)c([*])s3)s2)s1,,,1.9946
2036,[*]N=P([*])(OCCCCC)OCCC,-100.0,,
11299,[*]CCCCCCCCNC(=O)CCC(=O)N[*],,,5.9696
4944,[*]NNC(=O)c1cc(cc(c1)NC(=O)c1cc2c(C(=O)N(C2=O)c2ncccc2C)cc1)C(=O)NNC(=O)C(=O)[*],134.1,,
11321,[*]CCCCCCCCCNC(=O)c1cccc(C(=O)N[*])c1,,,4.9596
689,[*]c1cc2c(nc(c(n2)c2ccc(cc2)Oc2ccc(cc2)c2c(nc3c(n2)cc(cc3)C(=O)[*])c2ccccc2)c2ccccc2)cc1,265.4,,
4258,[*]OC(=O)c1ccc(cc1)C(=O)OCC1CC(CCC1)C[*],75.0,,
8452,[*]Oc1ccc(cc1)C(=Cc1ccc(cc1)OC(=O)CCCCCCCCCCCC(=O)[*])C,,433.0,
10580,[*]C(=O)Nc1ccc(Oc2ccc(NC(=O)c3cccc([*])n3)cc2)cc1,,,3.4406
6533,[*]c1nc2c([nH]1)ccc(c2)c1ccc2c(nc([nH]2)c2cc(ccc2)[*])c1,415.89,,
1143,[*]Oc1c(cc(cc1)OC(=O)c1ccc(cc1)C(=O)[*])C1CCCCC1,206.0,,
1992,[*]O[Si](CCC(C(C(C(C(C(C(C(CC[Si]([*])(CCC(F)(F)F)C)(F)F)(F)F)(F)F)(F)F)(F)F)(F)F)(F)F)(F)F)(CCC(F)(F)F)C,-28.0,,
1553,[*]OC(=O)Nc1c(ccc(c1)NC(=O)OCCCC[*])C,42.0,,
11665,[*]OC1CCC(OC(=O)OCCCCCCOC([*])=O)CC1,,,7.1086
198,[*]C(C[*])OCCCCCC,-75.5,,
3523,[*]c1sc(cc1)c1cc(c(cc1)Oc1ccc(cc1)C(c1ccc(cc1)Oc1c(cc(cc1)[*])C(F)(F)F)(C)C)C(F)(F)F,123.33,,
5332,[*]c1cc2c(C(=O)N(C2=O)c2ccc(cc2)Oc2cc3c(cc2)ccc(c3)Oc2ccc(cc2)N2C(=O)c3c(C2=O)cc(cc3)C(=O)Nc2ccc(cc2)Oc2ccc(cc2)C(c2ccc(cc2)Oc2ccc(cc2)NC(=O)[*])(C(F)(F)F)C(F)(F)F)cc1,250.0,,
7023,[*]C(C[*])C(CC)C,,295.0,
1222,[*]OC(=O)C1CCC(CC1)C(=O)OCCCC[*],-10.5,149.4166667,
4340,[*]Oc1c(cc(cc1Br)C(c1cc(c(c(c1)Br)OC(=O)c1cc(ccc1)C(=O)[*])Br)(C)C)Br,115.0,,
12333,[*]C([2H])([2H])C([*])(F)F,,,7.1497
2434,[*]C(C[*])(CC(=O)OCC(C)C)C(=O)OCC(C)C,105.0,,
3814,[*]Oc1ccc(cc1)C(c1ccc(cc1)OCCOC(=O)C1CCC(CC1)C(=O)OCC[*])(C)C,57.0,,
11450,[*]C(=O)c1ccc2c(c1)C(=O)N(c1cccc(-c3nc(-c4ccccc4)nc(-c4cccc(N5C(=O)c6ccc([*])cc6C5=O)c4)n3)c1)C2=O,,,2.9625
1255,[*]Oc1cc(cc(c1)CCCCCCCCCCCCC)OC(=O)c1cc(ccc1)C(=O)[*],25.5,,
3842,[*]Oc1c(cc(c(c1)C(C)(C)C)Oc1ccc(cc1)C(=O)Nc1ccc(cc1)C(c1ccc(cc1)NC(=O)c1ccc(cc1)[*])(C)C)C(C)(C)C,254.0,,
2506,[*]C(C[*])(C(=O)Oc1ccc(cc1)N=Nc1ccc(cc1)C#N)C,185.0,,
6926,[*]=Nc1ccc(cc1)C(=O)c1ccc(cc1)NC=[*],,380.0,
9112,[*]CC([*])c1ccc(C)cc1C,,,4.8585
8272,[*]OCCCCC(=O)NCCCCCOCCCCCNC(=O)CCCC[*],,133.5,
112,[*]C(C[*])c1ccc(cc1)C(=O)N1CCCCC1,114.0,,
1101,[*]Oc1ccc(cc1)C(c1ccc(cc1)OC(=O)c1ccc(cc1)C(=O)[*])(C)C,202.92,353.6,
2188,[*]C(C[*])c1c(c(c(c(c1F)F)OCC(C(C(C(C(C(C(F)(F)F)(F)F)(F)F)(F)F)(F)F)(F)F)(F)F)F)F,21.0,,
7654,[*]Nc1ccc(cc1)NC(=O)c1c(c(c(c(c1SCCCCCCCC)SCCCCCCCC)C(=O)[*])SCCCCCCCC)SCCCCCCCC,,400.0,
7054,[*]C(C[*])CCc1c(cccc1)C,,236.5,
2657,[*]C(C[*])(C(=O)OCCCCCCn1c2ccc(cc2c2ccccc12)N=Nc1c(cc(cc1)[N+](=O)[O-])[N+](=O)[O-])C,125.0,,
10682,[*]Oc1ccc(N=CNc2ccc([*])cc2)cc1,,,3.7365
6565,[*]N=Nc1ccc(cc1)[Te]c1ccc(cc1)[*],300.0,,
6666,[*]N(CC(C[*])O)c1cc(c(c(c1)C)N=Nc1ccc(cc1)[N+](=O)[O-])C,152.0,,
10296,[*]CCC1CC(=O)N([*])C1=O,,,6.0041
4509,[*]Oc1c(cc(c(c1)OC(=O)c1ccc(cc1)OCCC)OC(=O)CCCC(=O)[*])OC(=O)c1ccc(cc1)OCCC,72.0,211.0,
10604,[*]Oc1ccc(C(C)(C)c2ccc(Oc3nc([*])nc(OC)n3)cc2)cc1,,,5.075
9653,[*]CC(C)(C)C(=O)O[*],,,6.6633
11624,[*]c1cc(Br)c(Oc2c(Br)cc(N3C(=O)c4ccc(Oc5ccc6c(c5)C(=O)N([*])C6=O)cc4C3=O)cc2Br)c(Br)c1,,,2.9554
5802,[*]c1cc2c(C(=O)N(C2=O)c2c(cc(cc2)Cc2cc(c(cc2)N2C(=O)c3c(C2=O)cc(cc3)C(=O)[*])C(C)(C)C)C(C)(C)C)cc1,213.0,,
11016,[*]CCN(CCOC(=O)c1cccc(C(=O)O[*])c1)c1ccccc1,,,3.0504
976,[*]Oc1c(cc(cc1)OC(=O)c1ccc(cc1)OCCCCCCCCOc1ccc(cc1)C(=O)[*])C(=O)CC,70.0,,
3411,[*]Oc1c(cc(c(c1)C(C)(C)C)Oc1ccc(cc1)C(=O)c1ccc(cc1)[*])C(C)(C)C,206.0,,
1560,[*]OC(=O)Nc1c(ccc(c1)NC(=O)OCCCCCCCCCC[*])C,18.0,,
1118,[*]OC(=O)c1c2c(ccc1)c(ccc2)C(=O)OCC[*],75.0,,
11994,[*]C(C=C1)=CC=C1C(C=C2)=CC=C2C(C=C3)=CC=C3C(S4)=CC=C4[*],,,2.8936
45,[*]C(C[*])c1c(cccc1)COC,89.0,,
8716,[*]SCCCC[*],,67.0,
67,[*]C(C[*])c1c(cccc1)C(=O)Oc1ccccc1,124.0,,
7959,[*]OC(=O)Nc1cc(ccc1)C(=O)OCCCC[*],,60.0,
832,[*]Oc1cc(ccc1)C(=O)OCC(C(C(COC(=O)c1cc(ccc1)[*])(F)F)(F)F)(F)F,20.0,115.0,
6634,[*]N(CC[*])C(=O)c1c(c(cc(c1)F)F)F,110.0,,
8296,[*]OCCCCCOCCCCCCOCCCCCC[*],,46.0,
6418,[*]Oc1ccc(cc1)C(c1ccc(cc1)OC(=O)[*])(CC)c1ccccc1,147.0,,
6702,[*][Si](Cc1c(cccc1)C[*])(C)C,75.0,164.0,
8530,[*]Oc1ccc(cc1)C=C1C(=O)C(=Cc2ccc(cc2)OC(=O)C(=O)[*])CC1,,500.0,
5335,[*]N1C(=O)c2c(C1=O)cc(cc2)c1cc2c(C(=O)N(C2=O)c2ccc(cc2)S(=O)(=O)c2ccc(cc2)[*])cc1,350.0,,
5965,[*]c1cc2c(C(=O)N(C2=O)c2cc(ccc2)P(=O)(c2cc(ccc2)N2C(=O)c3c(C2=O)cc(cc3)C(=O)Nc2ccc(cc2)Oc2ccc(cc2)NC(=O)[*])c2ccccc2)cc1,235.0,,
5660,[*]N1C(=O)c2c(C1=O)cc(cc2)c1cc2c(C(=O)N(C2=O)c2c(cc(cc2C)C(c2cc(c(c(c2)C)[*])C)c2c3c(ccc2)cccc3)C)cc1,311.67,,
692,[*]c1nc2c(nc1)cc(cc2)c1ccc2c(nc(cn2)c2ccc(cc2)Oc2ccc(cc2)Oc2ccc(cc2)[*])c1,235.0,,
947,[*]N1C(=O)c2c(C1=O)cc(cc2)Oc1cc2c(cc1Oc1cc3c(C(=O)N(C3=O)c3ccc(cc3)C(c3ccc(cc3)[*])(C(F)(F)F)C(F)(F)F)cc1)cccc2,256.0,,
2537,[*]C([*])C(=O)OC(C)C,70.0,,
9610,[*]CCCC(=O)O[*],,,6.7691
6684,[*]O[Si](c1cc(ccc1)[Si]([*])(C)C)(C)C,-52.0,,
2749,[*]C(C(CCCCCC[*])Cl)Cl,-18.0,,
1053,[*]Sc1ccc(cc1)[*],93.49,291.7235556,
5037,[*]N1C(=O)c2c(C1=O)cc(cc2)Oc1cc2c(C(=O)N(C2=O)CCCCCCCCCCCC[*])cc1,70.0,160.0,
4730,[*]NC(=O)C(C(C(=O)NCCCC[*])OC)OC,100.0,266.1,
5907,[*]c1cc2c(C(=O)N(C2=O)c2ccc(cc2)Oc2ccc(cc2)S(=O)(=O)c2ccc(cc2)Oc2ccc(cc2)N2C(=O)c3c(C2=O)cc(cc3)C(=O)Nc2ccc(cc2)Oc2c(cccc2)c2c(cccc2)Oc2ccc(cc2)NC(=O)[*])cc1,236.0,,
12213,[*]NC(=O)OC(S1)=CC=C1[*],,,3.8172
5547,[*]C1C2C(C(=O)N(C2=O)c2ccc(cc2)C)C(C1)C=C[*],222.0,,
2104,[*]c1cc(ccc1)c1cc(ccc1)C(C(C([*])(F)F)(F)F)(F)F,45.0,151.0,
6401,[*]Oc1c(cc(cc1)C1(C2CCC(C1)C2)c1cc(c(cc1)OC(=O)[*])Cl)Cl,200.0,,
7502,[*]NC(=O)NCCCCCCCCNC(=O)NCCCCCCCCCC[*],,201.0,
4184,[*]c1sc(cc1CCCCCCOC(=O)COc1ccccc1)c1sc(cc1)[*],79.0,135.0,
710,[*]OC(C[*])COC(C(F)(F)F)(C(F)(F)F)F,-43.0,,
11174,[*]CC#CCOC(=O)CCC(=O)O[*],,,5.9483
4894,[*]c1ccc2c(nc([nH]2)c2ccc(cc2)c2nc3c([nH]2)ccc(c3)C(=O)Nc2cc(ccc2)NC(=O)c2cc(ccc2)NC(=O)[*])c1,312.0,,
918,[*]N1C(=O)c2c(C1=O)cc(cc2)Oc1cc2c(cc1)cc(cc2)Oc1cc2c(C(=O)N(C2=O)c2cc(ccc2)[*])cc1,230.0,340.0,
11703,[*]CCCCCCCc1nnc([*])n1N,,,5.5167
9090,[*]CC([*])CCC,,,6.7336
633,[*]OCCCNC(=O)c1ccc(cc1)C(=O)NCCC[*],72.0,284.0,
10201,[*]c1ccc(Oc2cccc3c(Oc4ccc(-n5c(=O)c6cc7c(=O)n([*])c(=O)c7cc6c5=O)cc4)cccc23)cc1,,,1.8659
8188,[*]OC(CCOC(=O)CCCCSCCCCC(=O)[*])C,,-37.5,
5828,[*]c1cc2c(C(=O)N(C2=O)c2ccc(cc2)C(=O)Nc2ccc(cc2)Oc2cc(ccc2)Oc2ccc(cc2)NC(=O)c2ccc(cc2)N2C(=O)c3c(C2=O)cc(cc3)C([*])(C(F)(F)F)C(F)(F)F)cc1,286.0,,
69,[*]C(C[*])c1ccc(cc1)C(=O)OCCN(C)C,91.0,,
10284,[*]c1ccc(-c2cnc3ccc(-c4ccc5nc([*])cnc5c4)cc3n2)cc1,,,3.3633
9271,[*]C=CC(C(=O)OC(C)C)C([*])C(=O)OC(C)C,,,5.3094
11536,[*]C(=O)Nc1ccc(C2(c3ccc(N4C(=O)c5ccc([*])cc5C4=O)cc3)CCC(CC)CC2)cc1,,,2.9185
7425,[*]NC(=O)CCCCCCCC(=O)NCCCCCCCCC[*],,181.25,
1822,[*]N1C(=O)c2c(C1=O)c(ccc2)c1cc2c(C(=O)N(C2=O)c2ccc(cc2)[*])cc1,407.6,,
11083,[*]Oc1ccc(-c2ccc(C([*])=O)cc2)cc1,,,3.8635
5531,[*]c1cc2c(C(=O)N(C2=O)c2ccc(cc2)C2(CCC(CC2)C)c2ccc(cc2)NC(=O)[*])cc1,322.0,,
7625,[*]Nc1c(cccc1)NC(=O)CCCCCCCCCCC(=O)[*],,75.0,
5143,[*]c1cc2c(C(=O)N(C2=O)c2ccc(cc2)Cc2ccc(cc2)N2C(=O)c3c(C2=O)cc(cc3)C(=O)c2ccc(cc2)Oc2ccc(cc2)Oc2ccc(cc2)C(=O)[*])cc1,225.0,,
10508,[*]OC1C=CC([*])CC1,,,5.6324
11962,[*]CC([*])(F)C#N,,,7.7512
8639,[*]Oc1ccc(cc1)c1ccc(cc1)OCCCCCCOC(=O)Nc1c(ccc(c1)NC(=O)OCCOC(=O)Nc1cc(c(cc1)C)NC(=O)OCCCCCC[*])C,,124.3,
6681,[*][Si](C=C[*])(c1ccccc1)c1ccccc1,-9.0,,
1877,[*]Oc1c(cc(cc1C)C(c1cc(c(c(c1)C)OC(=O)[*])C)(C)C)C,193.62,283.3384615,
3615,[*]C1COC2C1OCC2OC(=O)C(NC(=O)CCCCC(=O)NC(C(=O)O[*])C(CC)C)C(CC)C,102.0,,
9440,[*]CCCCCCCCc1nc2ccc(-c3ccc4nc([*])oc4c3)cc2o1,,,4.2242
10881,[*]c1cc(CCCc2ccccc2)c([*])s1,,,2.4481
2715,[*]C(C[*])(C(=O)OCCCCCCCCCCOc1ccc(cc1)N=Nc1ccc(cc1)Cl)C,54.0,152.0,
10447,[*]CC([*])C(=O)OCCCOc1ccc(-c2ccc(C#N)cc2)cc1,,,3.6528
7997,[*]OC(=O)c1c(cccc1)C(=O)OCCOCCOCC[*],,-7.75,
894,[*]c1oc(cc1)C(c1oc(cc1)CNC(=O)OCCOC(=O)NC[*])(C)C,50.0,,
10191,[*]c1ccc(C(C)(C)c2ccc(-n3c(=O)c4cc5c(=O)n([*])c(=O)c5cc4c3=O)cc2)cc1,,,2.5724
10550,[*]c1cncc(-c2nnc(-c3nnc([*])o3)o2)n1,,,3.6277
5562,[*]N1C(=O)c2c(C1=O)cc(cc2)Oc1ccc(cc1)Oc1cc2c(C(=O)N(C2=O)c2c(cc(c(c2C)[*])C)C)cc1,345.0,,
1047,[*]SSCCCCCCCCCC[*],-65.0,60.0,
11462,[*]c1ccc(-c2ccc(N3C(=O)c4ccc(Oc5ccc6c(c5)C(=O)N([*])C6=O)cc4C3=O)cc2C)c(C)c1,,,3.2926
2476,[*]C(C[*])C(=O)Nc1ccccc1,160.0,,
3611,[*]C1COC2C1OCC2OC(=O)C(NC(=O)CCCCCCCCC(=O)NC(C(=O)O[*])Cc1ccccc1)Cc1ccccc1,74.0,,
5527,[*]N1C(=O)N(C(=O)C1=O)c1c(cccc1)CCc1ccc(cc1)N1C(=O)N(C(=O)C1=O)c1ccc(cc1)CCc1ccc(cc1)[*],220.0,,
9960,[*]CCCCCCCCC(=O)NCCCCCCNC(=O)CCCO[*],,,5.9837
9420,[*]CC1CC([*])OC(CCC)O1,,,6.3958
6280,[*]N1C(=O)c2c(C1=O)cc(cc2)Sc1ccc(cc1)Sc1ccc(cc1)Sc1cc2c(C(=O)N(C2=O)c2ccc(cc2)Sc2sc(cc2)Sc2sc(cc2)Sc2sc(cc2)Sc2ccc(cc2)[*])cc1,177.0,,
10293,[*]CCCCCCn1ccc(-c2ccc(-c3ccn([*])n3)cc2)n1,,,4.0274
2505,[*]C(C[*])(C(=O)OCCCCCCOc1ccc(cc1)N=Nc1ccc(cc1)OC)C,82.0,,
8677,[*]SC(=Nc1ccccc1)SC(C[*])C,,86.0,
10455,[*]CC([*])(C)C(=O)OC1(C)CCOC(=O)C1,,,6.0808
7528,[*]NC(=O)c1ccc(cc1)C(=O)NCCCCCCCCCCCCCCCCCC[*],,255.0,
6553,[*]c1nc2c(c(c1)c1ccc(cc1)Oc1ccc(cc1)Oc1ccccc1)cc(cc2)c1cc2c(nc(cc2c2ccc(cc2)Oc2ccc(cc2)Oc2ccccc2)c2ccc(cc2)c2ccc(cc2)[*])cc1,348.33,469.3333333,
6226,[*]N1C(=O)c2c(C1=O)cc(cc2)Sc1ccc(cc1)Sc1ccc(cc1)Sc1cc2c(C(=O)N(C2=O)c2ccc(cc2)Sc2ccc(cc2)Sc2ccc(cc2)Sc2ccc(cc2)[*])cc1,176.45,,
10928,[*]c1cc(CCCCCCBr)c([*])s1,,,2.553
11676,[*]Oc1ccc(C(CCCC)(CCCC)c2ccc(OC([*])=O)cc2)cc1,,,4.9969
10857,[*]c1cc(CCCCCC)c([*])s1,,,2.5608
5015,[*]c1nc(ccc1)NC(=O)NCCCCCCNC(=O)N[*],169.67,230.0,
1896,[*]OC(=O)OCCCCCCCCCC[*],-39.67,59.95,
3697,[*]OOC(C[*])c1ccc(cc1)C,4.6,,
10670,[*]C=C1CCC(=Cc2ccc(Sc3ccc([*])o3)o2)C1=O,,,2.4731
7888,[*]OC(=O)Cc1ccc(cc1)CC(=O)OCCCCCCCCCCCCCCCCCCCC[*],,86.5,
11639,[*]CC(OC1CCCCC1)C1C(=O)OC(=O)C1[*],,,5.6267
8200,[*]OC(COC(=O)CCCC(=O)[*])C,,-20.66666667,
4897,[*]c1ccc2c(nc([nH]2)c2cc(ccc2)c2nc3c([nH]2)ccc(c3)C(=O)Nc2cc(ccc2)NC(=O)c2cc(ccc2)NC(=O)[*])c1,331.0,,
1718,[*]N1C(=O)c2c(C1=O)cc(cc2)Oc1ccc(cc1)S(=O)(=O)c1ccc(cc1)Oc1cc2c(C(=O)N(C2=O)c2cc(ccc2)S(=O)(=O)c2cc(ccc2)[*])cc1,205.0,,
11708,[*]CCCN([*])C=O,,,5.9715
6049,[*]c1cc2c(C(=O)N(C2=O)c2ccc(cc2)c2nc(cc(c2)c2ccc(cc2)OCCCC#N)c2ccc(cc2)N2C(=O)c3c(C2=O)cc(cc3)C(=O)[*])cc1,342.0,,
10939,[*]c1sc([*])c2nc(-c3ccccc3)c(CC)nc12,,,2.7967
11775,[*]c1cc(C(=O)CC)c([*])[nH]1,,,3.012
9505,[*]Oc1ccc(Oc2ccc(C(=O)c3ccc([*])cc3)cc2)cc1C,,,3.5517
4957,[*]Oc1ccc(cc1)C(c1ccc(cc1)OC(=O)Nc1cc(ccc1)P(=O)(c1cc(ccc1)NC(=O)[*])c1ccccc1)(C)C,62.0,,
6633,[*]N(CC[*])C(=O)c1c(ccc(c1F)F)F,124.0,,
2603,[*]C(C[*])(C(=O)OCc1cscc1)C,83.5,,
9171,[*]CC([*])c1nc(C)nc(C)n1,,,5.2445
8573,[*]Oc1ccc(cc1)NC(=O)c1ccc(cc1)C(=O)Nc1ccc(cc1)OCCCCCCCC[*],,430.0,
781,[*]Oc1ccc(cc1)S(=O)(=O)c1ccc(cc1)Oc1ccc(cc1)C(c1ccc(cc1)[*])(c1ccccc1)c1ccccc1,230.0,,
5461,[*]N1C(=O)c2c(C1=O)cc(cc2)C(=O)Oc1ccc(cc1)C(c1ccc(cc1)OC(=O)c1cc2c(C(=O)N(C2=O)CCOCCOCC[*])cc1)(C)C,118.0,,
8665,[*]S(=O)(=O)c1ccc(cc1)C(=O)NC(CCNC(=O)c1ccc(cc1)[*])C,,272.0,
8750,[*]SSCCCCSSCCCCCCCCC[*],,48.0,
1468,[*]c1ncc(cc1)C(=O)NCCCCCCNC(=O)[*],80.0,264.0,
2908,[*]c1oc(nn1)c1ccc(cc1)Oc1ccc(cc1)NC(=O)c1c(cc(cc1)C(=O)Nc1ccc(cc1)Oc1ccc(cc1)[*])Oc1ccccc1,245.0,,
4990,[*]OC(=O)Nc1ccc(cc1)Cc1ccc(cc1)NC(=O)OCCN(CC[*])CCCCCCOc1ccc(cc1)N=Nc1ccccc1,44.0,,
1253,[*]Oc1c(cc(cc1C)C(c1cc(c(c(c1)C)OC(=O)c1ccc(cc1)C(=O)[*])C)(C)C)C,239.0,,
1311,[*]NC(=O)CCCCC(=O)NCCCCCCC[*],51.0,240.0625,
4091,[*]c1sc(cc1CCCCCC)[*],23.47,203.1691429,
3990,[*]OC(=O)C=CC(=O)NCCCCCCNC(=O)C=CC(=O)OCCOCCOCC[*],65.0,,
4598,[*]OC(=O)CCCCC(=O)OCC(C[*])O,-20.0,,
261,[*]C(C[*])NC(=O)OC(C)(C)C,120.0,263.0,
10559,[*]OC1CCCCCCC1[*],,,5.2834
44,[*]C(C[*])c1c(cccc1)C,124.17,360.0,
719,[*]Oc1ccc(cc1)CC1(c2ccccc2c2ccccc12)Cc1ccc(cc1)[*],138.0,,
2050,[*]N=P([*])(OCC(C(F)(F)F)(F)F)OCC(C(F)(F)F)(F)F,-65.0,,
6974,[*]C(C(=O)[*])(C)C,,250.0,
8567,[*]Oc1ccc(cc1)N=Cc1ccc(cc1)OC(=O)c1ccc(cc1)C=Nc1ccc(cc1)OCCOC(=O)NC1CCC(CC1)CC1CCC(CC1)NC(=O)OCC[*],,220.1,
5411,[*]N1C(=O)c2c(C1=O)cc(cc2)S(=O)(=O)c1cc2c(C(=O)N(C2=O)CCCCCCOC(=O)CCCCCCCCCCCCCCCCCCC(=O)OCCCCCC[*])cc1,19.0,148.0,
162,[*]C(C[*])(c1ccccc1)C,148.8,,
2202,[*]C(C[*])c1ccc(cc1)OC(C)(C)C,103.0,,
4585,[*]OC(COC(=O)c1cc(ccc1)C(=O)[*])COc1ccc(cc1)N=Nc1ccc(cc1)C#N,119.0,,
672,[*]OC(=O)C(C(=O)OCCOCC[*])CCCCCCCCC,-59.0,,
8422,[*]Oc1cc(ccc1)C(=O)NNC(=O)c1cc(ccc1)C(=O)NNC(=O)CC[*],,237.5,
6715,[*]O[Si](C#C[Si](C#C[Si](C#C[Si](C#C[Si](C#C[Si]([*])(C)C)(C)C)(C)C)(C)C)(C)C)(C)C,-16.1,12.0,
8868,[*]c1ccc(cc1)c1ccc(cc1)CC[*],,550.0,
12154,[*]C(=O)C(C=C1)=CC=C1C(=O)C(C=C2)=CC=C2[*],,,4.2825
8827,[*]c1c(nc(c(c1)C(=O)NCCCCCCNC(=O)[*])C)C,,140.0,
2128,[*]C1C2CC(C(C1[*])C2)C,350.0,,
7091,[*]C1(c2c(C(=O)O1)cccc2)c1cc(c(c(c1)Br)OC(=O)c1cc(ccc1)C(=O)Oc1c(cc(cc1Br)[*])Br)Br,,326.0,
6961,[*]C(=C[*])c1nc2c(n1C)cccc2,,280.0,
2878,[*]Oc1ccc(cc1)C(c1ccc(cc1)OC[*])(C)C,88.67,,
10343,[*]CC([*])c1ccc(S(=O)(=O)O)cc1,,,3.2569
5631,[*]c1sc2cc3c(cc2n1)sc(n3)c1ccc(cc1)Oc1ccc(cc1)n1c(=O)c2cc3c(cc2c1=O)c(=O)n(c3=O)c1ccc(cc1)Oc1ccc(cc1)[*],400.0,,
4064,[*]OC(C(=O)OCC[*])C,-21.0,,
2474,[*]C(C[*])(C(=O)OCCOCCOC)C,-35.25,,
3415,[*]Oc1ccc(cc1)C1(c2ccccc2c2ccccc12)c1ccc(cc1)Oc1cc(c(cc1)C(=O)c1ccccc1)c1c(ccc(c1)[*])C(=O)c1ccccc1,109.0,,
6212,[*]N1C(=O)c2c(C1=O)cc(cc2)Oc1cc2c(C(=O)N(C2=O)c2cc(ccc2)Oc2c(c(ccc2)Oc2cc(ccc2)Oc2c(c(ccc2)Oc2cc(ccc2)[*])C#N)C#N)cc1,176.0,,
7172,[*]N(C(=O)CCCCCCCCCCCCCCC(=O)N(Cc1ccc(cc1)C[*])C)C,,85.0,
4758,[*]Nc1cc(ccc1)NC(=O)Cc1c(cc(c(c1)CC(=O)[*])C)C,222.0,,
1496,[*]NC(=O)c1cc(ccc1)C(=O)NCCCC[*],141.0,262.0,
3608,[*]C1OC2C(C1OC(=O)OC[*])OC(O2)(C)C,128.0,,
2336,[*]c1cc2C(c3c(c2cc1)ccc(c3)c1cc2C(c3c(c2cc1)ccc(c3)[*])(CC1=NC(CO1)Cc1ccccc1)CC1=NC(CO1)Cc1ccccc1)(CCCCCC)CCCCCC,114.0,,
1458,[*]Nc1cc(ccc1)NC(=O)CCCCC(=O)[*],113.35,276.7333333,
7077,[*]C(C[*])c1c(cccc1)OC,,192.5,
11314,[*]Nc1cc(C(c2ccc(O)c(NC(=O)c3ccc(C([*])=O)cc3)c2)(C(F)(F)F)C(F)(F)F)ccc1O,,,3.6515
6477,[*]Oc1ccc(cc1)C(c1ccc(cc1)OC(=O)Sc1ccc(cc1)C(c1ccc(cc1)SC(=O)[*])(C)C)(C)C,154.0,,
1361,[*]NC(=O)c1cc(ccc1)C(=O)NCC(CCC[*])(C)C,153.0,,
3699,[*]OOC(C[*])c1ccc(cc1)C(C)(C)C,19.9,,
11564,[*]c1ccc(C(=O)Nc2ccc(-n3c(=O)c4cc5c(=O)n([*])c(=O)c5cc4c3=O)cc2C(=O)OCC)cc1,,,2.463
3383,[*]OP(=O)(Oc1ccc(cc1)NC(=O)OCCCCCCOC(=O)Nc1ccc(cc1)[*])c1ccccc1,-3.0,,
7541,[*]NC(C(C(=O)[*])(C)C)(C)C,,330.0,
7251,[*]N1C(=O)c2ccc3C(=O)N(C(=O)c4ccc(C1=O)c2c34)CCCCCCCCCCCC[*],,308.0,
458,[*]C(C[*])(C(=O)OCCOCCO)C,18.12,,
11524,[*]C(=O)c1ccc2c(c1)C(=O)N(c1cc(-c3nc4ccccc4o3)cc(N3C(=O)c4ccc([*])cc4C3=O)c1)C2=O,,,2.6591
10098,[*]C(=O)OCCCCOC(=O)N1CCN([*])CC1,,,5.8653
8221,[*]OC1CCC(CC1)OC(=O)NCCSCCCCSCCNC(=O)[*],,209.875,
8324,[*]OP(=O)(OCCCCCCOc1ccc(cc1)C=Cc1ccc(cc1)OCCCCCC[*])Oc1ccc(cc1)c1ccccc1,,198.0,
6830,[*]c1cc2C(c3c(c2cc1)ccc(c3)c1ccc(cc1)[*])(CCCCCCCC)CCCCCCCC,81.0,,
4408,[*]Oc1ccc(cc1)CC(NC(=O)CCc1ccc(cc1)OC(=O)CCC(=O)[*])C(=O)OCCCCCCCCCCCC,40.0,,
2488,[*]C(C[*])(C(=O)OCCCCCCOc1ccc(cc1)OC(=O)c1ccc(cc1)OC)C,38.0,,
5108,[*]N1C(=O)c2c(C1=O)cc(cc2)c1cc2c(C(=O)N(C2=O)c2ccc(cc2)C(c2ccc(cc2)[*])c2ccccc2)cc1,315.0,,
62,[*]C(C[*])c1c(cccc1)C(=O)OCCCC,66.0,,
11051,[*]OC(C)COC(=O)Cc1ccc(CC([*])=O)cc1,,,5.1464
2913,[*]c1n(nc(c1)c1ccc(cc1)Oc1ccc(cc1)C(=O)c1ccc(cc1)Oc1ccc(cc1)[*])c1ccccc1,205.0,,
4884,[*]Nc1c(ccc(c1)NC(=O)c1cc(cc(c1)NC(=O)C(C(CC)C)N1C(=O)c2c(C1=O)cccc2)C(=O)[*])C,166.0,,
6066,[*]N1C(=O)c2c(C1=O)c(ccc2)Oc1c(cc(cc1C)Cc1cc(c(c(c1)C)Oc1c2c(C(=O)N(C2=O)c2c(cc(c(c2C)[*])C)C)ccc1)C)C,287.0,,
7896,[*]OC(=O)NC(=O)C1C(C1)C(=O)NC(=O)OCCCCC[*],,232.5,
1354,[*]Nc1ccc(cc1)c1ccc(cc1)NC(=O)c1cc(ccc1)C(=O)[*],294.0,,
7667,[*]OC([*])CCCC,,155.0,6.6222
566,[*]C(C[*])CCCI,30.0,,
7098,[*]C1(c2c(C(=O)O1)cccc2)c1ccc(cc1)OC(=O)c1c(cccc1)C=Cc1ccc(cc1)C=Cc1c(cccc1)C(=O)Oc1ccc(cc1)[*],,300.0,
253,[*]C(C[*])OC(=O)C1CCCCC1,58.88,,
1924,[*]N(CCC[*])C(=O)C,30.0,,
563,[*]C(C([*])(F)F)(C(C(C(C(C(F)(F)F)(F)F)(F)F)(F)F)(F)F)F,232.5,,
7645,[*]Nc1ccc(cc1)CCc1ccc(cc1)NC(=O)c1cc(ccc1)C(=O)[*],,495.0,
9717,[*]OC(CC([*])=O)C(C)(Cl)Cl,,,6.4677
9795,[*]OC(C)CCCCC([*])=O,,,6.5026
3536,[*]Oc1ccc(cc1)S(=O)(=O)c1ccc(cc1)Oc1ccc(cc1)C=C1C(=O)C(=Cc2ccc(cc2)Oc2ccc(cc2)S(=O)(=O)c2ccc(cc2)Oc2ccc(cc2)C(c2ccc(cc2)[*])(C)C)CCC1,194.0,,
7327,[*]NC(=O)C(=O)NCCCCNC(=O)CCCCCC(=O)NCCCC[*],,301.0,
9745,[*]CCCOC(=O)C(=O)O[*],,,5.7163
5563,[*]N1C(=O)c2c(C1=O)cc(cc2)S(=O)(=O)c1cc2c(C(=O)N(C2=O)c2c(cc(c(c2C)[*])C)C)cc1,418.0,,
11268,[*]CCCCCCCCOC(=O)NNC(=O)CCCCCCCCC(=O)NNC(=O)O[*],,,5.6445
11063,[*]CC(CCl)(CCl)COC(=O)c1cccc(C(=O)O[*])c1,,,4.938
693,[*]c1nc2c(nc1)ccc(c2)c1ccc2c(nc(cn2)c2ccc(cc2)Oc2ccc(cc2)[*])c1,326.64,,
4646,[*]c1cc2c(cc1OC(=O)COc1ccc3c(c1)oc(=O)cc3)oc(=O)c(c2)C(=O)Nc1ccc(cc1)Cc1ccc(cc1)NC(=O)c1c(=O)oc2c(cc(c(c2)OC(=O)COc2ccc3c(c2)oc(=O)cc3)C[*])c1,221.0,,
10173,[*]C(=O)c1ccc2c(c1)C(=O)N(c1cccc(Cc3ccc(C(=O)c4ccc(N5C(=O)c6ccc([*])cc6C5=O)cc4)cc3)c1)C2=O,,,2.9158
11507,[*]c1c(C)cc(C)c(N2C(=O)c3ccc(-c4ccc5c(c4)C(=O)N([*])C5=O)cc3C2=O)c1C,,,3.1985
1297,[*]c1ccc2c(c1)c(=O)oc(n2)c1cc(cc(c1)N1C(=O)c2c(C1=O)cccc2)c1oc(=O)c2c(ccc(c2)C[*])n1,322.0,,
1327,[*]NC(=O)CCCCCCCCCCCCCCCCC(=O)NCCCCCCCCCCCCCCCCCC[*],50.0,158.0,
7724,[*]OC(=O)CC(CCC(=O)OCCOCCOCC[*])C,,-40.0,
10082,[*]CCCCOC(=O)NCCNC(=O)O[*],,,6.2788
4594,[*]OC(COC(=O)c1c(c(c(c(c1F)F)c1c(c(c(c(c1F)F)C(=O)[*])F)F)F)F)COc1ccc(cc1)N=Nc1ccc(cc1)C#N,112.0,,
12350,[*]c1ccc(-n2c(=O)c3ccc4c5cc6c([*])ccc6n5c(=O)c-4cc3c2=O)cc1C,,,0.896
10043,[*]CCCCCOC(=O)NC1CC1NC(=O)O[*],,,6.2104
4599,[*]Oc1ccc(cc1)c1ccc(cc1)N=Nc1ccc(cc1)C(=O)[*],147.0,,
6867,[*]c1c(cc(c(c1)OC)C=C[*])OCCCCCC,60.0,,
8336,[*]Oc1c(cc(c(c1)C)[*])C,,300.0,
3097,[*]OCC(C[*])(CS(=O)(=O)CC)CS(=O)(=O)CC,84.0,183.0,
1584,[*]N1CCN(CC1)C(=O)OCCOC(=O)[*],60.0,244.0,
10408,[*]C#CC(=C([*])c1cnc2ccccc2c1)c1cnc2ccccc2c1,,,0.7739
11919,[*]c1ccc([*])c(OC)c1N,,,4.71
3678,[*]Oc1ccc(cc1)C(=O)OCCN(CCOC(=O)c1ccc(cc1)OCC#CC#CC[*])c1ccc(cc1)N=Nc1ccc(cc1)[N+](=O)[O-],100.0,,
1262,[*]OC1CCC(CC1)OC(=O)CCCCCCCCC(=O)[*],66.0,151.2,
4669,[*]C1OC(=O)C(C1)CCC1C(=O)OC(C1)CCC=CCC[*],36.6,,
7564,[*]NC(CCCCNC(=O)NCCCCCNC(=O)[*])C(=O)OC,,172.5,
8351,[*]Oc1c(cc(cc1)C(=O)OCCOC(=O)c1cc(c(cc1)OCCCC[*])OC)OC,,105.0,
4174,[*]c1sc(cc1CCCCCCCCCCCCCC)c1sc(c(c1)CCCCCCCCCCCCCC)c1c2c(ccccc2)c(c1)[*],-10.0,,
2258,[*]C(C[*])(CC(=O)O)C(=O)O,141.0,,
1181,[*]Oc1ccc(cc1)Cc1ccc(cc1)OC(=O)CCCCC(=O)[*],60.5,140.0,
4719,[*]S(=O)(=O)c1ccc(cc1)C(=O)Nc1c(cc(cc1)Br)c1ccc(cc1)NC(=O)c1ccc(cc1)[*],288.0,,
5928,[*]c1cc2c(C(=O)N(C2=O)c2c(cc(c(c2C)N2C(=O)c3c(C2=O)cc(cc3)C(=O)Nc2cc(c(cc2)c2c(cc(cc2)NC(=O)[*])C(F)(F)F)C(F)(F)F)C)C)cc1,267.0,,
9714,[*]Oc1ccc(CC([*])=O)cc1,,,4.8618
5344,[*]c1cc2c(C(=O)N(C2=O)c2c(cc(cc2C(C)C)C(c2cc(c(c(c2)C(C)C)N2C(=O)c3c(C2=O)cc(cc3)C([*])(C(F)(F)F)C(F)(F)F)C(C)C)(c2ccccc2)C(F)(F)F)C(C)C)cc1,274.0,,
3140,[*]c1n(c(nn1)c1ccc(cc1)Oc1ccc(cc1)C(c1ccc(cc1)Oc1ccc(cc1)[*])(C)C)c1ccc(cc1)S(=O)(=O)C,230.0,,
682,[*]c1nc2c(nc1)ccc(c2)c1ccc2c(nc(cn2)c2ccc(cc2)Oc2ccc(cc2)Oc2ccc(cc2)Oc2ccc(cc2)[*])c1,216.0,,
2497,[*]C(C[*])(C(=O)OCCCCOc1ccc(cc1)OC(=O)c1ccc(cc1)OCCCCCCCC)C,10.0,,
7387,[*]NC(=O)CCC(=O)NCCCC[*],,260.0,
4311,[*]OC(=O)c1ccc(cc1)c1ccc(cc1)c1ccc(cc1)C(=O)OCCCCCCCCCC[*],50.0,,
12102,[*]CC(=S)NO[*],,,3.435
7712,[*]OC(=O)CC(CC(=O)OCC[*])c1ccc(cc1)[N+](=O)[O-],,74.5,
3329,[*]Oc1ccc(cc1)C(=O)c1cc(ccc1)NC(=O)c1cc(ccc1)C(=O)Nc1ccc(cc1)C(=O)c1ccc(cc1)[*],204.0,,
7139,[*]C=CC(CCCCCCCCC[*])C,,30.0,
10921,[*]c1ccc(-c2sc(-c3cc(CCCC)c([*])s3)cc2CCCC)cc1,,,2.5595
7307,[*]NC(=O)C(=C(C(=O)NCCCCCCCCCC[*])C)C,,267.0,
10084,[*]CC(C)(C)COC(=O)NCCCC(CCNC(=O)O[*])OC,,,6.1723
5838,[*]c1cc2c(C(=O)N(C2=O)c2cc(ccc2)C(=O)Nc2ccc(cc2)Oc2ccc(cc2)C(c2ccc(cc2)Oc2ccc(cc2)NC(=O)c2cc(ccc2)N2C(=O)c3c(C2=O)cc(cc3)C([*])(C(F)(F)F)C(F)(F)F)(C(F)(F)F)C(F)(F)F)cc1,266.0,,
5819,[*]N1C(=O)c2c(C1=O)cc(cc2)Oc1cc2c(C(=O)N(C2=O)c2cc(ccc2)C(c2cc(ccc2)[*])(c2ccccc2)C(F)(F)F)cc1,293.0,,
3229,[*]OP(=O)(Oc1c(cc(cc1Br)C(c1cc(c(c(c1)Br)[*])Br)(C(F)(F)F)C(F)(F)F)Br)Oc1ccc(cc1)C,146.0,,
3196,[*]c1cc2c(oc(n2)c2ncc(cc2)c2oc3c(n2)cc(cc3)C([*])(C(F)(F)F)C(F)(F)F)cc1,352.0,,
2632,[*]C(C[*])(C(=O)OCCN(c1ccc(cc1)N=Nc1sc2c(n1)ccc(c2)[N+](=O)[O-])CC)C,140.0,,
5960,[*]c1cc2c(C(=O)N(C2=O)c2cc(ccc2)P(=O)(c2cc(ccc2)N2C(=O)c3c(C2=O)cc(cc3)C(=O)Nc2cc(ccc2)P(=O)(c2cc(ccc2)NC(=O)[*])c2ccccc2)c2ccccc2)cc1,206.0,,
5421,[*]N1C(=O)c2c(C1=O)cc(cc2)S(=O)(=O)c1cc2c(C(=O)N(C2=O)c2ccc(cc2)Oc2ccc(cc2)[*])cc1,283.5,,
7400,[*]NC(=O)CCCCC(=O)NCCCCCCCCCCC[*],,217.925,
7529,[*]NC(=O)c1ccc(cc1)C(c1ccc(cc1)C(=O)NCCCCCC[*])(C)C,,170.0,
5409,[*]N1C(=O)c2c(C1=O)cc(cc2)S(=O)(=O)c1cc2c(C(=O)N(C2=O)CCCCCCOC(=O)CCCCCCC(=O)OCCCCCC[*])cc1,46.0,,
7672,[*]OC(=C)CC(=O)[*],,106.6666667,
1175,[*]OC(=O)c1ccc(cc1)c1ccc(cc1)C(=O)OCCCCCC[*],52.0,,
9146,[*]C(C)C([*])O,,,6.0639
10227,[*]OC(=O)CCCCCCCCCCCCC([*])=O,,,6.2591
4775,[*]Nc1ccc(cc1)C1(c2ccccc2c2ccccc12)c1ccc(cc1)NC(=O)c1c(cc(cc1)c1cc(c(cc1)C(=O)[*])C)C,293.0,,
1571,[*]OC(=O)Nc1ccc(cc1)Cc1ccc(cc1)NC(=O)OCCCCCCC[*],84.0,194.5,
8008,[*]OC(=O)c1c(cccc1)c1c(cccc1)C(=O)OCCCC[*],,35.0,
4968,[*]OC(=O)Nc1ccc(cc1)Cc1ccc(cc1)NC(=O)OCCN(CC[*])c1cc(c(cc1)N=Nc1c(cc(cc1)[N+](=O)[O-])C)C,130.0,,
1070,[*]Sc1cc(ccc1)Sc1ccc(cc1)Sc1ccc(cc1)[*],75.0,198.0,
7498,[*]NC(=O)NCCCCCC[*],,274.7,
1941,[*]c1nc2cc3c(cc2nc1)nc(cn3)c1ccc(cc1)[*],392.0,,
9647,[*]Oc1ccc(C([*])=O)cc1,,,4.5225
1231,[*]Oc1cc(cc(c1)CCCCCCCC)OC(=O)c1cc(ccc1)C(=O)[*],50.5,,
3477,[*]Oc1ccc(cc1)c1cc(c(c(c1)c1ccc(cc1)c1ccccc1)c1ccc(cc1)NC(=O)c1ccc(cc1)C(=O)Nc1ccc(cc1)c1c(cc(cc1c1ccc(cc1)c1ccccc1)c1ccc(cc1)OCCCCCC[*])c1ccc(cc1)c1ccccc1)c1ccc(cc1)c1ccccc1,121.5,,
409,[*]C(C[*])C(=O)OCC(C)(C)C,22.0,,
1144,[*]Oc1c(cc(cc1)OC(=O)c1ccc(cc1)C(=O)[*])C1C2CCC(C1)C2,267.0,,
2574,[*]C(C(CC[*])C)(C(=O)OC)C,41.29,,
11576,[*]c1ccc(Oc2ccc(Oc3ccc(-n4c(=O)c5cc6c(=O)n([*])c(=O)c6cc5c4=O)cc3)cc2C(C)(C)C)cc1,,,1.9644
11553,[*]C(=O)c1cccc(C(=O)c2ccc3c(c2)C(=O)N(c2ccc(Oc4ccc(N5C(=O)c6ccc([*])cc6C5=O)cc4)cc2)C3=O)c1,,,2.5831
1163,[*]OC(=O)c1ccc(cc1)C(=O)OCCCCCCCCC[*],22.0,91.0,
9320,[*]CCOCO[*],,,6.6358
2425,[*]C(C[*])(CC(=O)OC(C)C)C(=O)OC12CC3CC(CC(C1)C3)C2,180.0,,
1827,[*]C1C(=O)N(C(=O)C1[*])c1c(cccc1)C,335.0,,
6298,[*]c1cc2c(C(=O)N(C2=O)c2cc(cc(c2)c2sc3c(n2)cccc3)N2C(=O)c3c(C2=O)cc(cc3)C(=O)Nc2nc(ccc2)NC(=O)[*])cc1,358.0,,
10729,[*]c1ccc(-c2ccc(-c3ccc([*])s3)s2)o1,,,1.6557
6869,[*]c1cc2C(c3c(c2cc1)ccc(c3)c1c(cc(c(c1)OCCCCCCCC)[*])OCCCCCCCC)(CCCCCC)CCCCCC,58.0,,
4366,[*]Oc1ccc(cc1)CC(NC(=O)CCc1ccc(cc1)OC(=O)CCCCC(=O)[*])C(=O)OCCCCCC,35.57,,
4451,[*]Oc1ccc(cc1)CC(NC(=O)CCc1ccc(cc1)OC(=O)CCCCCCCCC(=O)[*])C(=O)OC(C)C,44.0,,
2224,[*]C(C[*])c1c(c(c(c(c1F)F)C(F)(F)F)F)F,112.0,,
3972,[*]O[Si](OCCOc1ccc(cc1)C1(c2ccccc2c2ccccc12)c1ccc(cc1)OCC[*])(c1ccccc1)c1ccccc1,97.0,,
4481,[*]Oc1ccc(cc1)CC(NC(=O)Cc1ccc(cc1)OC(=O)CCCCCCCCC(=O)[*])C(=O)OCCCCCC,23.0,,
3033,[*]Oc1ccc(cc1)OCc1ccc(cc1)COc1ccc(cc1)OCCCCCCCCCCCC[*],24.0,183.85,
6151,[*]c1cc2c(C(=O)N(C2=O)c2c3c(ccc2)c(ccc3)Oc2ccc(cc2)N2C(=O)c3c(C2=O)cc(cc3)C(=O)Nc2c3c(ccc2)c(ccc3)Oc2ccc(cc2)NC(=O)[*])cc1,276.0,,
443,[*]C(C[*])C(=O)Oc1cc(ccc1)N(C)C,47.0,,
1235,[*]OC(=O)c1cc(cc(c1)OCCCCC)C(=O)OCC(C(C(C[*])(F)F)(F)F)(F)F,-30.0,,
9939,[*]NC(CC(=O)OCc1ccc(Cl)cc1)C([*])=O,,,5.1636
3148,[*]c1nnc(nc1c1ccc(cc1)Oc1ccc(cc1)C(c1ccc(cc1)Oc1ccc(cc1)[*])(C(F)(F)F)C(F)(F)F)c1ncccc1,224.0,,
5512,[*]N1C(=O)c2c(C1=O)cc(cc2)Oc1ccc(cc1)Oc1cc2c(C(=O)N(C2=O)c2c(c(c(cc2)Cc2c(c(c(cc2)[*])C)C)C)C)cc1,277.0,,
10398,[*]C=CC1CC([*])C(C(=O)OC)C1,,,5.39
8893,[*]c1nc(ccc1)C(=O)Oc1ccc(cc1)C(=O)Oc1cc(ccc1)OC(=O)c1ccc(cc1)OC(=O)[*],,202.0,
10815,[*]CC1CCC(COC(C)OC(=O)c2cccc(C(=O)OC(C)O[*])c2)CC1,,,4.9396
4822,[*]Nc1ccc(cc1)NC(=O)c1c(cc(cc1)C(=O)c1cc(c(cc1)C(=O)[*])C(=O)OCC)C(=O)OCC,275.0,,
4260,[*]Oc1ccc(cc1)C(c1ccc(cc1)OC(=O)c1ccc(cc1)CC(=O)[*])(C)C,85.0,,
4109,[*]c1sc(cc1)c1sc(cc1)c1sc(cc1)[Si]([Si]([*])(CCCC)CCCC)(CCCC)CCCC,-5.0,,
11120,[*]CCCCCCOC(=O)CCC=CCCC(=O)O[*],,,5.9212
8313,[*]OP(=O)(OCCCCCCCCCCOc1ccc(cc1)C(c1ccc(cc1)OCCCCCCCCCC[*])(C)C)OCCCCCCCCCCOc1ccc(cc1)N=Nc1ccccc1,,135.0,
7378,[*]NC(=O)CC/C=C/CCC(=O)NCCC[*],,271.0,
10194,[*]c1ccc(NC(=O)c2cccc(C(=O)Nc3ccc(-n4c(=O)c5cc6c(=O)n([*])c(=O)c6cc5c4=O)cc3)c2)cc1,,,2.46
12319,[*]Oc6ccc(C5(c3ccc(OC(=O)c2ccc(Oc1ccc(C([*])=O)cc1)cc2)cc3)OC(=O)c4ccccc45)cc6,,,4.0357
6133,[*]N1C(=O)c2c(C1=O)cc(cc2)Oc1ccc(cc1)C(c1ccc(cc1)Oc1cc2c(C(=O)N(C2=O)c2ccc(cc2)Oc2ccc(cc2)C(c2ccc(cc2)Oc2ccc(cc2)[*])(C)C)cc1)(C)C,205.0,,
4188,[*]SSCc1c(cccc1)C[*],39.0,95.0,
503,[*]C(C[*])(C(=O)N)C,88.7,,
6776,[*]O[Si](O[Si](O[Si](O[Si](CC[Si](O[Si](O[Si](O[Si](O[Si](CC[Si]([*])(c1ccccc1)c1ccccc1)(C)C)(C)C)(C)C)(C)C)(C)C)(c1ccccc1)c1ccccc1)(c1ccccc1)c1ccccc1)(c1ccccc1)c1ccccc1)(c1ccccc1)c1ccccc1,-22.0,,
2000,[*]O[Si](Oc1ccc(cc1)[*])(c1ccccc1)C,95.0,,
8184,[*]OC(CCOC(=O)CCCCCCCC(=O)[*])C,,-50.0,
2933,[*]c1oc(nn1)c1ccc(cc1)NC(=O)c1cc(cc(c1)N1C(=O)c2c(C1=O)cccc2)[*],324.0,,
10401,[*]C=C([*])c1cccs1,,,3.6662
4534,[*]OC(=O)C(C(=O)OCCC[Sn](CCC[*])(C)C)CCCCCCOc1ccc(cc1)c1ccc(cc1)OCc1ccc(cc1)[N+](=O)[O-],40.5,,
5248,[*]N1C(=O)c2c(C1=O)cc(cc2)Oc1cc(ccc1)Oc1cc2c(C(=O)N(C2=O)c2ccc(cc2)Oc2ccc(cc2)S(=O)(=O)c2ccc(cc2)Oc2ccc(cc2)[*])cc1,201.0,,
10259,[*]Oc1ccc(OC(=O)Oc2ccc(OC([*])=O)cc2)cc1Cl,,,5.1691
10669,[*]C=CC(=O)C(C)=Cc1ccc(Sc2ccc([*])o2)o1,,,2.9229
8174,[*]OC(CC(=O)[*])C(Cl)Cl,,142.0,
7900,[*]OC(=O)NC1C(C1)NC(=O)OCCCCC[*],,152.5,
9353,[*]CCOCC(=O)NCCCCCCNC(=O)CO[*],,,5.4615
1252,[*]Oc1cc(ccc1)OC(=O)c1cc(cc(c1)OCCCCC)C(=O)[*],96.0,199.0,
2681,[*]C(C[*])(C(=O)OCCCOc1ccc(cc1)C(=O)Oc1ccc2c(c1)oc(=O)cc2)C,68.0,,
8210,[*]OC(COC(=O)c1c(cccc1)c1c(cccc1)C(=O)[*])C,,53.0,
6249,[*]c1cc2c(C(=O)N(C2=O)c2c(cc(cc2C)Cc2cc(c(c(c2)C)N2C(=O)c3c(C2=O)cc(cc3)C(=O)OCCN(CCOC(=O)[*])c2ccc(cc2)N=Nc2c(cc(cc2)[N+](=O)[O-])[N+](=O)[O-])C)C)cc1,176.0,,
5953,[*]N1C(=O)C2CCC3C(C2C1=O)C(=O)N(C3=O)c1ccc(cc1)Oc1ccc(cc1)C(c1ccc(cc1)Oc1ccc(cc1)[*])(C)C,263.5,,
5824,[*]N1C(=O)c2c(C1=O)cc(cc2)C(c1cc2c(C(=O)N(C2=O)CCN(CC[*])c2ccc(cc2)N=Nc2ccc(cc2)[N+](=O)[O-])cc1)(C(F)(F)F)C(F)(F)F,210.0,,
1056,[*]SC(C[*])c1ccccc1,-2.5,,
7673,[*]OC(=O)/C=C/C(=O)OCCCCCC[*],,103.3,
2519,[*]C(C[*])(C(=O)NC(c1c2c(ccc1)cccc2)C)C,161.0,,
3094,[*]OCC(C[*])(CSC(C)C)CSC(C)C,-9.0,89.0,
8979,[*]c1sc(cc1)[Si]([*])(CC=C)C,,243.0,
9584,[*]CCOC(=O)CCCCCCC(=O)O[*],,,6.9025
11467,[*]c1ccc(C(c2ccccc2)c2ccc(N3C(=O)c4ccc(S(=O)(=O)c5ccc6c(c5)C(=O)N([*])C6=O)cc4C3=O)cc2)cc1,,,2.8677
7032,[*]C(C[*])C=C(C)C,,119.3333333,
2438,[*]C(C[*])(C(=O)OCCCCl)C,50.0,,
5169,[*]C1C(=O)N(C(=O)C1C(C[*])(C)C)c1c(cccc1)C,207.0,,
9338,[*]Oc1ccc(SSCCSSc2ccc([*])cc2)cc1,,,4.0205
2127,[*]C(C(CC[*])[2H])([2H])C,-47.5,,
4430,[*]Oc1c(cc(cc1)OC(=O)c1ccc(cc1)C(=O)[*])C1CCCCCCC1,213.0,,
12253,[*]C(F)(F)C(C=C1)=CC=C1C(F)(F)C(=S)[*],,,2.6791
1204,[*]O[Sn](OC(=O)c1ccc(cc1)C(=O)[*])(CCCC)CCCC,315.0,367.85,
2377,[*]C(C(C(C[*])OCC)(C(=O)OC)C)(C(=O)OC)C,131.0,,
2666,[*]C(C[*])(C(=O)OCc1c(ccc(c1)Cl)Cl)C,27.8,,
8347,[*]Oc1c(cc(cc1)C(=O)OC(=O)c1ccc(cc1)C(=O)OC(=O)c1cc(c(cc1)OCCC[*])OC)OC,,252.0,
10909,[*]CCOC(=O)CCSCCC(=O)O[*],,,5.4614
8724,[*]SCCCCCCCCC(=O)NCCc1ccc(cc1)CCNC(=O)CCCCCCCC[*],,222.0,
3455,[*]Oc1ccc(cc1)NC(=O)c1cc(ccc1)C(=O)Nc1ccc(cc1)OCCOCCOCC[*],129.0,292.0,
4932,[*]NNC(=O)C=CC(=O)Nc1cc(ccc1)C=C1C(=O)C(=Cc2cc(ccc2)NC(=O)C=CC(=O)[*])CCC1,238.4,,
1707,[*]c1cc2c(C(=O)N(C2=O)c2ccc(cc2)c2ccc(cc2)N2C(=O)c3c(C2=O)cc(cc3)C(=O)[*])cc1,337.0,,
11916,[*]c1cc([*])cc(-c2nc3ccccc3o2)c1,,,3.713
11253,[*]NC(CC([*])=O)c1ccccc1,,,5.6573
4925,[*]c1nc(ccc1)C(=O)Nc1cc(cc(c1)c1oc(nn1)c1ncccc1)NC(=O)[*],255.0,478.0,
6705,[*]O[Si](O[Si]([*])(CCCCOc1ccc(cc1)c1ccc(cc1)C#N)C)(C)C,-9.3,,
8006,[*]OC(=O)c1c(cccc1)c1c(cccc1)C(=O)OCC[*],,108.5,
3911,[*]C1COC2C1OCC2OC(=O)OCCOCCOC(=O)O[*],46.5,,
8922,[*]c1ncc(cc1)C(=O)OC(=O)COc1ccc(cc1)OCC(=O)OC(=O)[*],,308.5,
6290,[*]c1c2C(=O)N(C(=O)c2c(c2ccccc12)c1ccc(cc1)Oc1c(cc(cc1)c1ccc(cc1)c1cc(c(cc1)Oc1ccc(cc1)[*])C(F)(F)F)C(F)(F)F)c1ccccc1,317.0,,
1668,[*]c1cc2c(C(=O)N(C2=O)c2cc(ccc2)Oc2cc(ccc2)N2C(=O)c3c(C2=O)cc(cc3)C([*])(C(F)(F)F)C(F)(F)F)cc1,244.0,,
11223,[*]NNC(=O)CCCCC(=O)NNC(=O)CCCCCCCCC([*])=O,,,5.6341
7418,[*]NC(=O)CCCCCCC(=O)NCCCCCCCCCC[*],,219.3333333,
11394,[*]NC(=O)C=CC(=O)Nc1nc([*])nc(N)n1,,,3.896
9240,[*]CC([*])F,,,7.6225
11409,[*]CCNC(=O)NCCCCCCNC(=O)O[*],,,5.6117
9040,[*]n1c(=O)c2c(c3c(cc2c1=O)c(=O)n(c3=O)CCCCCCCC[*])Br,,320.0,
3275,[*]Oc1ccc(cc1)C(=O)c1ccc(cc1)OCCCCCCOC(=O)OCCCCCCCCCOC(=O)OCCCCCC[*],-6.0,,
6417,[*]Oc1ccc(cc1)C(c1ccc(cc1)OC(=O)[*])C1C2C3C(C(C1)C2)C1CCC3C1,253.0,,
630,[*]Oc1ccc(cc1)CC(=O)NCCCCCCNC(=O)C[*],69.5,180.0,
1490,[*]NC(=O)Cc1ccc(cc1)CCC(=O)NCCCCCC[*],87.0,204.0,
8735,[*]SCCCSCCCC[*],,64.0,
462,[*]C(C[*])(C(=O)OCCC#N)C,79.0,,
7156,[*]N(C(=O)[*])CCCC,,158.4166667,
3580,[*]c1nc2c(c(c1)c1ccccc1)cc(cc2)Oc1cc2c(nc(cc2c2ccccc2)c2c(ccc(c2)[*])OCCCCCCN(c2ccc(cc2)C(=C(C#N)C#N)C#N)CC)cc1,175.0,,
5498,[*]c1cc2c(C(=O)N(C2=O)c2c(c(ccc2)C(=O)Nc2ccc(cc2)C(c2ccc(cc2)NC(=O)c2c(c(ccc2)N2C(=O)c3c(C2=O)cc(cc3)C([*])(C(F)(F)F)C(F)(F)F)C)(C(F)(F)F)C(F)(F)F)C)cc1,250.0,,
12378,[*]OC(CC([*])=O)C(Cl)Cl,,,6.3617
12181,[*]NC(C=C1)=CC=C1C(S2)=CC=C2C(=S)[*],,,2.4476
7207,[*]N(CC[*])C(=O)c1ccc(cc1)Cl,,285.0,
9867,[*]CNC(=O)CCCCCCCCC(=O)N[*],,,6.1742
9095,[*]C1CCC1[*],,,6.0897
9260,[*]C(Cl)=C(Cl)C(Cl)(Cl)C([*])(Cl)Cl,,,4.2472
10917,[*]c1ccc(-c2ccc(-c3ccc(-c4nc5cc6sc([*])nc6cc5s4)cc3)c(-c3ccccc3)c2-c2ccccc2)cc1,,,3.1992
7095,[*]C1(c2c(C(=O)O1)cccc2)c1ccc(cc1)OC(=O)c1c(c(c(c(c1Cl)Cl)C(=O)Oc1ccc(cc1)[*])Cl)Cl,,400.0,
4744,[*]NC(=O)c1c(cc(cc1)C(=O)NCCCCCC[*])Oc1ccc(cc1)F,112.5,159.0,
9254,[*]CCCC(Cl)C([*])Cl,,,6.8622
10524,[*]C(=O)NCCCCCCNC(=O)C1COC([*])CO1,,,5.8235
11846,[*]CCCCCCCCCCNC(C)=N[*],,,4.8855
4021,[*]Oc1ccc(cc1)C(c1ccc(cc1)Oc1c(c(c(c(c1F)F)COC(c1cc(ccc1)C(OCc1c(c(c(c(c1F)F)[*])F)F)(C(F)(F)F)C(F)(F)F)(C(F)(F)F)C(F)(F)F)F)F)(C(F)(F)F)C(F)(F)F,113.0,,
2670,[*]C(C[*])(C(=O)Oc1ccc(cc1)C(=O)c1ccccc1)C,118.0,,
5701,[*]C1C(=O)N(C(=O)C1[*])CCCCOc1ccc(cc1)c1ccc(cc1)C#N,115.0,,
9664,[*]OC(c1ccccc1)C(C)(C)C([*])=O,,,5.5004
10383,[*]C=C([*])F,,,0.8441
8435,[*]Oc1cc(ccc1)OC(=O)c1cc(c(c(c1)C(C)(C)C)OC(=O)c1ccc(cc1)C(=O)Oc1c(cc(cc1C(C)(C)C)C(=O)[*])C(C)(C)C)C(C)(C)C,,349.0,
2916,[*]c1n(nc(c1)c1ccc(cc1)Oc1ccc(cc1)P(=O)(c1ccc(cc1)Oc1ccc(cc1)[*])c1ccccc1)c1ccccc1,239.0,,
3126,[*]Oc1cc(c(cc1)N=Cc1ccc(cc1)C=Nc1c(cc(cc1)OCCCCCCCCCC[*])C)C,77.6,95.0,
2266,[*]C1C(CC(C1)C=C[*])C(=O)OCCCCCCCCOc1ccc(cc1)C=Cc1ccc(cc1)[N+](=O)[O-],49.6,,
2880,[*]O[Si](O[Si](O[Si](Oc1c(cc(cc1C)c1cc(c(c(c1)C)[*])C)C)(C)C)(C)C)(C)C,14.0,,
9827,[*]CC1CC(CNC(=O)c2cccc(C(=O)N[*])c2)CC(C(C)(C)C)C1,,,4.8842
4697,[*]Nc1ccc(cc1)NC(=O)c1cc(cc(c1)NC(=O)c1ccccc1)C(=O)[*],321.0,,
5309,[*]c1cc2c(C(=O)N(C2=O)c2ccc(cc2)Oc2ccc(cc2)N2C(=O)c3c(C2=O)cc(cc3)C(=O)Nc2cc(ccc2)Oc2ccc(cc2)NC(=O)[*])cc1,236.0,,
8586,[*]Oc1ccc(cc1)OC(=O)c1ccc(cc1)OC(=O)CCCCCCCCC(=O)[*],,227.0,
11436,[*]CCCCCNC(=O)N[*],,,5.6754
673,[*]OC(=O)CCC(=O)OCCOCC[*],-41.51,-10.25,
2105,[*]c1ccc(cc1)C(C([*])Cl)(Cl)Cl,160.0,,
2456,[*]C(C[*])(C(=O)OCCCCCCn1c2ccccc2c2ccccc12)C,73.0,,
7341,[*]NC(=O)C(C(=O)NCCCCCC[*])CCC,,163.0,
5353,[*]N1C(=O)c2c(C1=O)cc(cc2)C(=O)Nc1ccc(cc1)S(=O)(=O)c1ccc(cc1)NC(=O)c1cc2c(C(=O)N(C2=O)CCCCCC[*])cc1,198.0,346.0,
6785,[*]C1=C(C2C=CC1C2)C(=O)[*],85.5,204.25,
7338,[*]NC(=O)C(=O)NCCNC(=O)CCCCCCCCC(=O)NCC[*],,323.0,
11877,[*]CCN([*])C(=O)c1cc(F)ccc1F,,,4.4693
3722,[*]Oc1cc2c(cc1)ccc(c2)OC(=O)c1ccc(cc1)Oc1ccc(cc1)C(=O)[*],142.0,,
5578,[*]c1cc2c(C(=O)N(C2=O)c2ccc(cc2)Oc2ccc(cc2)N2C(=O)c3c(C2=O)cc(cc3)C(=O)c2cc(ccc2)C(=O)[*])cc1,244.0,,
488,[*]C(C[*])(CC(=O)OCCc1ccccc1)C(=O)OCCc1ccccc1,35.0,,
4612,[*]Oc1c(cccc1)C(=O)OC(=O)c1c(cccc1)OC(=O)CCCC(=O)[*],50.0,,
394,[*]C(C[*])(C(=O)OCC)Cl,85.31,,
3458,[*]Oc1ccc(cc1)NC(=O)c1cc(ccc1)C(=O)Nc1ccc(cc1)OCCCCCCCC[*],128.0,320.0,
9234,[*]CC([*])(C)C(=O)OCCCCn1c2ccccc2c2ccccc21,,,3.7637
10109,[*]CC(C)(C)COC(=O)NC1CCC(CC2CCC(NC(=O)O[*])CC2)CC1,,,5.9159
2419,[*]C(C[*])(C(=O)Oc1c(c(ccc1)C)C)C,120.0,,
157,[*]C(C[*])c1cc(c(cc1)Cl)Cl,128.0,,
8904,[*]c1nc(sc1)N=Cc1ccc(cc1)OCCCCCCCCCCOc1ccc(cc1)C=Nc1nc(cs1)c1ccc(cc1)Oc1ccc(cc1)[*],,153.0,
5912,[*]C1C(=O)N(C(=O)C1CC[*])CC,109.2,,
4882,[*]S(=O)(=O)c1ccc(cc1)NC(=O)c1cc(cc(c1)NC(=O)c1ccc(cc1)NC(=O)C(N1C(=O)c2c(C1=O)cccc2)C)C(=O)Nc1ccc(cc1)[*],208.0,,
7189,[*]N(CC[*])C(=O)C1CCCCC1,,285.0,
12276,[*]C(F)(F)CC(F)(F)C(C=C1)=CC=C1[*],,,4.7291
3401,[*]OP(=O)(N=Nc1ccc(cc1)C(=O)c1ccc(cc1)N=NP(=O)(OCC1CCC(CC1)C[*])OC)OC,52.0,,
6288,[*]N1C(=O)c2c(C1=O)cc(cc2)Oc1cc2c(C(=O)N(C2=O)Cc2oc(cc2)C(c2oc(cc2)C[*])C)cc1,129.0,,
2618,[*]C(C[*])(C(=O)OCC1OCCOCCOCCOC1)C,35.0,,
12092,[*]CC(=S)C(S1)=CC=C1C(=S)[*],,,2.1188
9006,[*]c1sc(cc1CC(CCCC)CC)[*],,91.43333333,
4909,[*]c1ccc2c(nc([nH]2)c2cc(ccc2)c2nc3c([nH]2)ccc(c3)C(=O)Nc2ccc(cc2)S(=O)(=O)c2ccc(cc2)NC(=O)[*])c1,312.0,,
3629,[*]O[Si](COC(=O)CCCCCCCCC(=O)Oc1ccc(cc1)S(=O)(=O)c1ccc(cc1)Oc1ccc(cc1)C=C1C(=O)C(=Cc2ccc(cc2)Oc2ccc(cc2)S(=O)(=O)c2ccc(cc2)OC(=O)CCCCCCCCC(=O)OC[Si]([*])(C)C)CCCC1)(C)C,81.0,,
6177,[*]N1C(=O)c2c(C1=O)cc(cc2)Oc1ccc(cc1)C(c1ccc(cc1)Oc1cc2c(C(=O)N(C2=O)c2ccc(cc2)N(c2ccc(cc2)[*])c2ccc(cc2)C#N)cc1)(C)C,230.0,,
3999,[*]C1COC2C1OCC2OC(=O)C1CCC(CC1)C(=O)O[*],121.86,,
6679,[*]c1cc2n(c3c(c2cc1)ccc(c3)c1c2cc(ccc2c(c2cc(ccc12)C=Cc1ccc(cc1)N(CCCCCC)CCCCCC)[*])C=Cc1ccc(cc1)N(CCCCCC)CCCCCC)CCCCCCCC,152.0,,
3071,[*]OC(C[*])CS(=O)(=O)CCCCC,38.5,127.25,
11655,[*]CCOC(=O)O[*],,,7.5976
1404,[*]NC(=O)CCC1(c2ccccc2c2ccccc12)CCC(=O)NCCCC1(c2ccccc2c2ccccc12)CCC[*],165.0,,
11377,[*]C(=O)Nc1ccc(NC(=O)c2ccc(NC(=O)c3ccc(-c4nc5cc([*])ccc5[nH]4)cc3)cc2)cc1,,,2.7114
5645,[*]N1C(=O)c2c(C1=O)cc(cc2)c1cc2c(C(=O)N(C2=O)c2ccc(cc2)OC(=O)CCCCCCCCCCCCCCCCCCCCC(=O)Oc2ccc(cc2)[*])cc1,135.0,280.0,
1544,[*]OC(=O)NCCCCCCNC(=O)OCC#CC[*],-45.0,148.75,
10091,[*]C(=O)OCCOC(=O)N1CC(C)N([*])CC1C,,,5.9632
1002,[*]Oc1ccc(cc1)C(c1cc(ccc1)C(c1ccc(cc1)Oc1ccc(cc1)C(=O)Nc1cc(ccc1)NC(=O)c1ccc(cc1)[*])(C)C)(C)C,155.0,,
6321,[*]c1cc2c(C(=O)N(C2=O)c2ccc(cc2)Sc2ccc(cc2)Oc2ccc(cc2)Sc2ccc(cc2)N2C(=O)c3c(C2=O)cc(cc3)C(=O)Nc2ccc(cc2)C2(c3ccccc3c3ccccc23)c2ccc(cc2)NC(=O)[*])cc1,273.67,,
12339,[*]Nc1cccc(NC(=O)c2ccc(NC(=O)c3ccc([Si](C)(C)c4ccc(C(=O)Nc5ccc(C([*])=O)cc5)cc4)cc3)cc2)c1,,,3.5185
3070,[*]OC(C[*])CS(=O)(=O)CCCC,36.5,176.0,
10989,[*]c1ccc(-c2cc(CCCCCCBr)c([*])s2)s1,,,1.9133
2837,[*]Oc1cc(ccc1)Oc1ccc(cc1)Oc1cc(ccc1)OC(=O)c1ccc(cc1)C(=O)[*],103.0,188.0,
201,[*]C(C[*])OC(=O)CC,11.27,,
11945,[*]c1cc(N=Nc2ccc(C#N)cc2)cc([*])c1O,,,2.4223
2106,[*]c1cc(ccc1)C(C(C([*])(F)F)(F)F)(F)F,25.0,,
4676,[*]NC(=O)CCCCCCCCCCCCCC[*],-7.0,,
8756,[*]Sc1c(c(c(c(c1F)F)[*])F)F,,373.0,
3532,[*]Oc1ccc(cc1)C(c1ccc(cc1)OCOc1ccc(cc1)C(c1ccc(cc1)OCCCCCCCCCCCC[*])(C)C)(C)C,37.0,,
12383,[*]Oc1ccc(C(=O)NCC(C)(C)CCCNC(=O)c2ccc([*])cc2)cc1,,,4.7683
8396,[*]Oc1c(cc(cc1)OC(=O)c1ccc(cc1)OCCCCOc1ccc(cc1)C(=O)[*])C,,212.0,
5806,[*]N1C(=O)c2c(C1=O)cc(cc2)Oc1ccc(cc1)C(c1ccc(cc1)Oc1cc2c(C(=O)N(C2=O)c2cc(ccc2)P(=O)(c2cc(ccc2)[*])c2ccccc2)cc1)(C)C,213.0,,
1963,[*]c1nc2c(nc1c1ccccc1)cc(cc2)c1cc2c(nc(c(n2)c2ccc(cc2)[*])c2ccccc2)cc1,367.45,,
10062,[*]CC(F)(F)C(F)(F)C(F)(F)COC(=O)NCCCCCCNC(=O)O[*],,,6.3766
10657,[*]CCCCCCCOc1ccc(C=CC=Cc2ccc(O[*])c(C)c2)cc1C,,,3.4306
5721,[*]C1C2C(C(=O)N(C2=O)CCCCC)C(C1)C=C[*],89.29,,
7964,[*]OC(=O)Nc1ccc(cc1)C(=O)OCCCC[*],,186.0,
9169,[*]CC([*])c1cccs1,,,1.7879
1712,[*]c1cc2c(C(=O)N(C2=O)c2ccc(cc2)OCCOCCOCCOc2ccc(cc2)N2C(=O)c3c(C2=O)cc(cc3)C(=O)[*])cc1,200.0,400.0,
8256,[*]OCCCC(=O)NCCCCCOCCCCCNC(=O)CCCC[*],,126.0,
3888,[*]Oc1c(cc(cc1)Oc1ccc(cc1)C(=O)c1ccc(cc1)c1ccc(cc1)C(=O)c1ccc(cc1)[*])c1cc(ccc1)C,170.0,,
1454,[*]NC(=O)CCCCCCCCC(=O)NCC1CCC(CC1)C[*],89.0,267.5,
6317,[*]c1cc2c(C(=O)N(C2=O)C2C(=O)N(C(=O)C2)c2c3c(ccc2)cccc3NC(=O)[*])cc1,193.0,,
1223,[*]OC(=O)c1cc2c(cc1)cc(cc2)C(=O)OCCCCCC[*],59.33,186.3333333,
7614,[*]Nc1c(cc(cc1)NC(=O)c1c(cc(cc1)C(=O)[*])Sc1ccc(cc1)OCCCOc1ccc(cc1)C(=O)c1ccccc1)Oc1ccccc1,,320.0,
10012,[*]Nc1ccc(NC(=O)CCCC([*])=O)cc1,,,3.9291
6454,[*]Oc1ccc(cc1)C(c1ccc(cc1)OC(=O)OC1C(C(C1(C)C)OC(=O)[*])(C)C)(C)C,130.0,,
9816,[*]OC(=O)c1ccc(C(=O)NCNC(=O)c2ccc(C([*])=O)cc2)cc1,,,4.0657
6863,[*]c1cc2C(c3c(c2cc1)ccc(c3)c1c(cc(c(c1)CCCCCC)[*])CCCCCC)(CCCCCC)CCCCCC,78.8,,
11542,[*]C(=O)c1ccc2c(c1)C(=O)N(c1ccc(C(=O)N(C)c3ccc(N4C(=O)c5ccc([*])cc5C4=O)cc3)cc1)C2=O,,,2.3425
8175,[*]OC(CC(=O)[*])CCl,,143.0,
9594,[*]CCCCCCCCCCOC(=O)CCCCCCCCC(=O)O[*],,,6.7107
8962,[*]c1oc(nn1)c1oc(nn1)c1cc(ccc1)[*],,400.0,
8469,[*]Oc1ccc(cc1)C(=O)CCCCC(=O)c1ccc(cc1)OC(=O)[*],,225.0,
5851,[*]N1C(=O)C2C(C1=O)CC(CC2)C1CC2C(C(=O)N(C2=O)c2ccc(cc2)Oc2cc(ccc2)Oc2ccc(cc2)[*])CC1,215.0,,
9818,[*]CCCCCCCCCCNC(=O)CCCCCCCCC(=O)N[*],,,5.9125
6414,[*]Oc1c(cc(cc1Cl)C1(C2C3C(CCC3)C(C1)C2)c1cc(c(c(c1)Cl)OC(=O)[*])Cl)Cl,281.0,,
431,[*]C(C[*])C(=O)Oc1ccc(cc1)C(C)(C)C,71.0,,
9063,[*]n1c(=O)c2cc3c(cc2c1=O)c(=O)n(c3=O)CCCCCCCCCCC(=O)Oc1ccc(cc1)c1ccc(cc1)OC(=O)CCCCCCCCCC[*],,260.0,
12124,[*]CNC(=S)N[*],,,4.2179
8322,[*]OP(=O)(OCCCCCCCCOc1ccc(cc1)C=Cc1ccc(cc1)OCCCCCCCC[*])Oc1ccccc1,,134.0,
2086,[*]c1c(cc(cc1)CC[*])CC,25.0,165.0,
10172,[*]C(=O)c1ccc2c(c1)C(=O)N(c1cccc(C(=O)N(C)c3ccc(N4C(=O)c5ccc([*])cc5C4=O)cc3)c1)C2=O,,,2.3447
11842,[*]c1cc(CCCCCC)c([*])[nH]1,,,2.8742
11700,[*]CCN([*])C(=O)CO,,,5.9405
3670,[*]O[Si](O[Si](O[Si](O[Si](O[Si](OC(CCC([*])C)C)(C)C)(C)C)(C)C)(C)C)(C)C,-106.0,,
1326,[*]NC(=O)CCCCCCCCCCCCCCCCC(=O)NCCCCCCCCCCCCCC[*],47.0,158.0,
8467,[*]Oc1ccc(cc1)C(=NN=C(c1ccc(cc1)OC(=O)OCCCCCCOC(=O)[*])C)C,,207.85,
9393,[*]COC1CCC(O[*])CC1,,,6.3134
10935,[*]c1ccc(Sc2ccc(-c3nn(-c4ccc(S(=O)(=O)c5ccc(-n6nc([*])c7ccccc7c6=O)cc5)cc4)c(=O)c4ccccc34)cc2)cc1,,,3.5491
7956,[*]OC(=O)Nc1c(ccc(c1)NC(=O)OCC1C(C1)C[*])C,,185.0,
11654,[*]CCCS(=O)(=O)CCCCS(=O)(=O)CCCOC(=O)O[*],,,6.4999
9413,[*]CCC(C)O[*],,,6.0172
3021,[*]c1oc(nn1)c1nc(ccc1)c1oc(nn1)c1ccc(cc1)[Si](c1ccc(cc1)[*])(c1ccccc1)c1ccccc1,265.0,395.0,
3211,[*]c1[nH]c(nc1c1ccc(cc1)Oc1ccc(cc1)C(=O)c1ccc(cc1)Oc1ccc(cc1)[*])c1ccccc1,259.0,,
7345,[*]NC(=O)C(C(=O)NCCCCCC[*])CCCCCCC,,135.0,
10222,[*]OC(=O)CCCCCC([*])=O,,,5.9809
6105,[*]N1C(=O)C2C3C4C(C(C2C1=O)C=C3)C(=O)N(C4=O)C(C[*])C,212.0,356.0,
12012,[*]CC(S1)=CC=C1C(C=C2)=CC=C2C(=S)[*],,,2.7134
2600,[*]C(C[*])(CC(=O)OC1CCC1)C(=O)OC1CCC1,60.0,,
10906,[*]c1cc(C(F)(F)C(F)(F)C(F)(F)F)c([*])s1,,,2.8054
5555,[*]c1cc2c(C(=O)N(C2=O)c2ccc(cc2)Sc2ccc(cc2)Sc2ccc(cc2)N2C(=O)c3c(C2=O)cc(cc3)C([*])(C(F)(F)F)C(F)(F)F)cc1,257.0,,
11666,[*]OC1CCC(OC(=O)OCCCCCCCOC([*])=O)CC1,,,7.2009
1412,[*]Nc1ccc(cc1)c1ccc(cc1)NC(=O)c1ccc(cc1)C(=O)[*],340.0,,
1843,[*]OC(=O)c1cc(ccc1)C(=O)[*],130.0,272.1666667,
9463,[*]CCOC(=O)c1ccc(O[*])c(Cl)c1,,,4.81
8914,[*]c1ncc(cc1)C(=O)NCCCCCCCCCCNC(=O)[*],,232.0,
2360,[*]C(C[*])OC(=O)C[N-][N+]#N,24.6,,
6028,[*]N1C(=O)c2c(C1=O)cc(cc2)Oc1c(cccc1)Oc1cc2c(C(=O)N(C2=O)c2cc(c(cc2)Oc2ccc(cc2)C(c2ccc(cc2)Oc2c(cc(cc2)[*])C(F)(F)F)(C(F)(F)F)C(F)(F)F)C(F)(F)F)cc1,191.0,,
6915,[*]/C=C/CCCCC[*],,51.0,
3717,[*]Oc1c2c(c(cc1)OC(=O)c1ccc(cc1)Oc1ccc(cc1)C(=O)[*])cccc2,166.0,,
3274,[*]Oc1ccc(cc1)C(=O)c1ccc(cc1)OCCCCCCOC(=O)OCCCCCCCCOC(=O)OCCCCCC[*],-7.7,,
3107,[*]Oc1ccc(cc1)c1ccc(cc1)CC(c1ccc(cc1)OCCCCCCCCCCCC[*])C,40.0,,
4939,[*]NNC(=O)c1cc(cc(c1)NC(=O)c1cc2c(C(=O)N(C2=O)c2ncc(cc2)C)cc1)C(=O)NNC(=O)CC(=O)[*],140.3,,
6173,[*]c1cc2c(C(=O)N(C2=O)C2CCC(CC2)N2C(=O)c3c(C2=O)cc(cc3)C(=O)Oc2ccc(cc2)OC(=O)[*])cc1,360.0,,
2695,[*]C(C[*])(C(=O)OCCCCCCOc1ccc(cc1)C(=O)Oc1ccc(cc1)C(=O)C=Cc1c(c2c(n1C)cccc2)C)C,98.0,196.0,
1758,[*]N1C(=O)c2c(C1=O)c(ccc2)Oc1ccc(cc1)Oc1ccc(cc1)Oc1c2c(C(=O)N(C2=O)c2cc(ccc2)[*])ccc1,238.0,,
10340,[*]CC([*])c1cc(O)ccc1O,,,2.0107
7535,[*]NC(C(=O)[*])CC(C)C,,299.85,
3856,[*]c1nc2c([nH]1)ccc(c2)NC(=O)c1ccc(cc1)OCCOCCOCCOc1ccc(cc1)C(=O)Nc1ccc(cc1)[*],155.0,,
9477,[*]c1ccc(Oc2ccc(-c3nc4ccc(Oc5ccc6nc([*])c(-c7ccccc7)c(-c7ccccc7)c6c5)cc4c(-c4ccccc4)c3-c3ccccc3)cc2)cc1,,,3.2296
7038,[*]C(C[*])CCC(C)C,,120.0,
2726,[*]C(C[*])(C(=O)OCc1cc(c(cc1)OCCOCCOCC)OCCOCCOCC)C,-33.0,,
11843,[*]c1cc(CCCCCCCCCCCCCCCC)c([*])[nH]1,,,3.0442
9772,[*]Oc1ccc(C(C)(C)c2ccc(OC(=O)c3ccc(C([*])=O)cc3)c(C(C)C)c2)cc1C(C)C,,,3.2409
7543,[*]NC(C(C(=O)[*])(C)C)C(C)C,,330.0,
7218,[*]N(c1c(cc(cc1)Cc1cc(c(cc1)N(C(=O)c1ccc(cc1)C(=O)[*])CCCC)C)C)CCCC,,154.5,
8658,[*]S(=O)(=O)NCCCCCCNS(=O)(=O)c1ccc(cc1)NC(=O)Nc1ccc(cc1)[*],,233.0,
8482,[*]Oc1ccc(cc1)C(=O)Nc1c(cc(cc1)c1cc(c(cc1)NC(=O)c1ccc(cc1)OCCCCCCCCCCCC[*])Cl)Cl,,245.0,
5628,[*]C1C(=O)N(C(=O)C1CC[*])c1ccc(cc1)N(C)C,195.0,,
6647,[*]Nc1ccc(cc1)C(c1ccc(cc1)C(c1ccc(cc1)Nc1ccc(cc1)C(=O)c1ccc(cc1)C(=O)c1ccc(cc1)[*])(C)C)(C)C,157.0,,
3484,[*]Oc1ccc(cc1)NC(=O)c1cc(cc(c1)C(C)(C)C)C(=O)Nc1ccc(cc1)Oc1ccc(cc1)C1(C2CCC(C1)C2)c1ccc(cc1)[*],272.0,,
874,[*]Oc1ccc(cc1)c1ccc(cc1)Oc1ccc(cc1)C(=O)c1c(cccc1)c1c(cccc1)C(=O)c1ccc(cc1)[*],193.0,,
5855,[*]N1C(=O)C2C(C1=O)CC(CC2)C1CC2C(C(=O)N(C2=O)c2cc(ccc2)[*])CC1,263.0,,
5918,[*]C1C(=O)N(C(=O)C1CC[*])CCCCCCCCCCCCCCCC,65.6,97.85,
11883,[*]c1ccc(-c2ccc(-c3nnc([*])n3-c3ccc(OC)cc3)cc2)cc1,,,3.8442
6610,[*]N=Nc1ccc(cc1)Nc1ccc(cc1)C(=O)c1ccc(cc1)Nc1ccc(cc1)[*],216.42,,
275,[*]C(C[*])OC(=O)c1ccc(cc1)C,66.75,,
586,[*]OC(C[*])(C)C,92.0,153.8571429,
12202,[*]NC(=O)C(C=C1)=CC=C1C(=S)[*],,,2.8785
3151,[*]Oc1ccc(cc1)C1(c2ccccc2c2ccccc12)c1ccc(cc1)Oc1ccc(cc1)C(=O)C(=O)c1ccc(cc1)[*],242.0,,
3891,[*]Oc1c(cc(cc1)Oc1ccc(cc1)C(=O)c1ccc(cc1)C(=O)c1ccc(cc1)[*])c1cc(c(cc1)S(=O)(=O)O)C,167.0,,
5854,[*]N1C(=O)C2C(C1=O)CC(CC2)C1CC2C(C(=O)N(C2=O)c2ccc(cc2)Oc2ccc(cc2)Oc2ccc(cc2)Oc2ccc(cc2)[*])CC1,217.0,,
1871,[*]Oc1ccc(cc1)C(c1ccc(cc1)OC(=O)[*])(c1ccccc1)c1ccccc1,159.2,230.0,
9721,[*]CCCCCOC(=O)C(=O)O[*],,,5.5658
345,[*]C(C[*])C(=O)OCC(C(C(C(F)(F)F)(F)F)(F)F)(F)F,-37.0,,
7148,[*]N(C(=NCCCC)[*])CCCC,,136.0,
6518,[*]N=P([*])(OCCOCCOCCOC)OCCOCCOCCOC,-66.0,,
4167,[*]c1sc(cc1CCOc1ccc(cc1)N=Nc1ccc(cc1)C#N)[*],73.0,,
3321,[*]Oc1ccc(cc1)S(=O)(=O)c1ccc(cc1)Oc1ccc(cc1)NC(=O)c1cc(ccc1)C(=O)Nc1ccc(cc1)[*],260.0,,
3976,[*]Oc1ccc(cc1)C=C1C(=O)C(=Cc2ccc(cc2)OCCCCCC[*])CCC1,116.0,,
7460,[*]NC(=O)CCCCCCCCCCCCCC(=O)NCCc1ccc(cc1)CC[*],,248.0,
6661,[*]c1ccc2n(c3c(c2c1)cc(cc3)c1ccc(cc1)[Si](c1ccc(cc1)[*])(c1ccccc1)c1ccccc1)CCCCCC#N,165.0,,
9282,[*]CC(CC)O[*],,,5.7746
9860,[*]CC(C)CCCCC(=O)N[*],,,6.0272
11827,[*]N=P([*])(OCCC(=O)C=C)OCCC(=O)C=C,,,3.9384
3040,[*]Oc1cc(c(cc1)CCc1ccc(cc1)OCCCCCCCCCC[*])C,-3.8,,
10733,[*]OC1C(CO)OC([*])C(N)C1O,,,5.8963
2945,[*]Oc1ccc(cc1)NC(=O)CCCC(=O)Nc1ccc(cc1)OCC(COc1ccc(cc1)C(c1ccc(cc1)OCC(C[*])O)(C)C)O,105.0,,
9713,[*]CCCC(C)CCC(=O)O[*],,,6.54
10941,[*]C=Cc1ccc([*])c2sccc12,,,2.1967
7622,[*]Nc1c(cccc1)NC(=O)CCCCCCC(=O)[*],,145.0,
9958,[*]CCCCCCCCCCC(=O)NCCCCCCNC(=O)CCCO[*],,,6.0291
3785,[*]Oc1ccc(cc1)Oc1ccc(cc1)C=NCCCCCCCCCCN=Cc1ccc(cc1)[*],108.0,,
841,[*]c1nc2c(nc1c1ccccc1)cc(cc2)Oc1cc2c(nc(c(n2)c2ccccc2)c2ccc(cc2)Oc2ccc(cc2)[*])cc1,340.0,250.3333333,
12011,[*]CC(S1)=CC=C1C(C=C2)=CC=C2C(S3)=CC=C3[*],,,3.3769
9538,[*]SC1CCCC([*])C1,,,4.9242
8315,[*]OP(=O)(OCCCCCCCCCCOc1ccc(cc1)C=Cc1ccc(cc1)OCCCCCCCCCC[*])OCCCCCCCCCCOc1ccc(cc1)N=Nc1ccc(cc1)C,,120.0,
8784,[*][Si]([*])(c1ccccc1)c1ccccc1,,221.0,
10066,[*]CCOC(=O)Nc1cc(NC(=O)O[*])ccc1C,,,5.1142
9249,[*]CCC(F)(F)C([*])(F)Cl,,,7.738
1520,[*]Nc1cc(cc(c1)C(=O)OCCN(c1ccc(cc1)C#N)C)NC(=O)c1cc(cc(c1)OCCN(c1ccc(cc1)S(=O)(=O)C(C(C(C(C(C(C(C(F)(F)F)(F)F)(F)F)(F)F)(F)F)(F)F)(F)F)(F)F)C)C(=O)[*],157.0,,
10167,[*]c1cccc(Oc2ccc(S(=O)(=O)c3ccc(Oc4cccc(N5C(=O)c6ccc(-c7ccc8c(c7)C(=O)N([*])C8=O)cc6C5=O)c4)cc3)cc2)c1,,,2.9006
12225,[*]NOC(=S)O[*],,,4.8496
7293,[*]N1CCN(CC1)CCC(=O)N(CCN(C(=O)CC[*])C(C)C)C(C)C,,210.0,
11303,[*]CCNC(=O)CCCCCCC(=O)N[*],,,5.7413
4606,[*]OC(=O)c1c(cc(cc1)C(=O)OCCN(CC[*])c1ccc(cc1)N=Nc1[nH]c(c(n1)C#N)C#N)OCCC,152.0,,
11751,[*]c1ccc([*])nc1,,,2.7583
8695,[*]SC(=O)CCCCCCCCC(=O)SCCC[*],,93.0,
9969,[*]CCOCC(=O)NCCNC(=O)CO[*],,,5.9751
5890,[*]N1C(=O)c2c(C1=O)cc(cc2)Oc1ccc(cc1)C1(CCCCCCCCCCC1)c1ccc(cc1)Oc1cc2c(C(=O)N(C2=O)c2ccc(cc2)Oc2ccc(cc2)C2(CCC(CC2)C(C)(C)C)c2ccc(cc2)Oc2ccc(cc2)[*])cc1,254.0,,
7946,[*]OC(=O)NCCSCCSCCNC(=O)OCCC[*],,155.5,
9401,[*]CCOCCOC(=O)CCCCCC(=O)O[*],,,6.5004
12125,[*]CNC(=S)O[*],,,4.6235
7984,[*]OC(=O)SC(=O)OCCCC[*],,94.0,
8571,[*]Oc1ccc(cc1)NC(=O)c1c(c(c(c(c1F)F)C(=O)Nc1ccc(cc1)[*])F)F,,483.0,
5225,[*]N1C(=O)c2c(C1=O)cc(cc2)[Si](c1ccc(cc1)[Si](c1cc2c(C(=O)N(C2=O)c2ccc(cc2)Cc2ccc(cc2)[*])cc1)(C)C)(C)C,295.0,,
4878,[*]C1(CCN(CC1)C(=O)C(CC(=O)N1CCC(CC1)(CCC[*])C)C)C,72.0,,
10690,[*]Oc1ccc(N=Nc2ccc([*])cc2)cc1,,,3.1576
8239,[*]OCC(C[*])(COc1ccccc1)COc1ccccc1,,85.0,
7236,[*]N1C(=O)C(CC1=O)SCCOCCSC1C(=O)N(C(=O)C1)c1ccc(cc1)C(=O)Oc1ccc(cc1)S(=O)(=O)c1ccc(cc1)OC(=O)c1ccc(cc1)[*],,123.0,
1185,[*]Oc1cc(ccc1)OC(=O)CCC(=O)[*],38.2,260.0,
181,[*]C(C[*])c1ccc(cc1)O,161.43,,
4042,[*]C1COC2C1OCC2OC(=O)c1cc(ccc1)OCCCCCCCCCCOc1cc(ccc1)C(=O)O[*],28.25,,
11990,[*]C(C=C1)=CC=C1C(S2)=CC=C2C(=S)C(S3)=CC=C3[*],,,2.0866
5279,[*]c1cc2c(C(=O)N(C2=O)c2ccc(cc2)C(=O)Nc2ccc(cc2)Oc2ccc(cc2)C(c2ccc(cc2)Oc2ccc(cc2)NC(=O)[*])(C)C)cc1,216.0,,
234,[*]C(C[*])C(=O)c1ccccc1,57.25,85.66666667,
10320,[*]CCc1c(Cl)c(Cl)c([*])c(Cl)c1Cl,,,4.5904
3398,[*]OP(=O)(N=Nc1ccc(cc1)C(=O)c1ccc(cc1)N=NP(=O)(OCCOCC[*])OC)OC,33.0,,
1424,[*]N(C(=O)C(C(C(C(=O)N(CCCCCC[*])C(C)C)(F)F)(F)F)(F)F)C(C)C,142.5,,
8330,[*]OP(=O)(OCCOc1ccc(cc1)C=Cc1ccc(cc1)OCC[*])Oc1ccc(cc1)c1ccccc1,,270.0,
2334,[*]C(=C([*])C)[Ge](C)(C)C,250.0,,
7733,[*]OC(=O)CCC(=O)OCCCCC[*],,32.0,
1700,[*]c1cc2c(C(=O)N(C2=O)c2c(ccc(c2)N2C(=O)c3c(C2=O)cc(cc3)C(=O)[*])C)cc1,313.5,,
5987,[*]C1C2C(C(=O)N(C2=O)c2cc(cc(c2)C(F)(F)F)C(F)(F)F)C(C1)C=C[*],162.0,,
3880,[*]C1COC2C1OCC2Oc1ccc(cc1)NC(=O)c1ccc(cc1)OC1COC2C1OCC2Oc1ccc(cc1)C(=O)Nc1ccc(cc1)O[*],165.0,300.0,
2482,[*]C(C[*])(C(=O)Oc1ccc(cc1)C(=O)Oc1ccc(cc1)C(=O)c1ccccc1)C,72.0,116.0,
10825,[*]c1ccc(-c2ccc(-c3sc([*])c4c3OCCO4)s2)s1,,,1.3916
3546,[*]Oc1ccc(cc1)NC(=O)c1ccc(cc1)S(=O)(=O)c1ccc(cc1)C(=O)Nc1ccc(cc1)Oc1ccc(cc1)C1(C2CC3CC(CC1C3)C2)c1ccc(cc1)[*],252.0,,
8555,[*]Oc1ccc(cc1)N=CNc1ccc(cc1)[*],,350.0,
1309,[*]NC(=O)CCCCCCCCCCC(=O)NCCCCCC[*],50.61,212.9428571,
7368,[*]NC(=O)C[*],,352.5,
5204,[*]c1cc2c(C(=O)N(C2=O)c2cc(ccc2)C#Cc2cc(ccc2)N2C(=O)c3c(C2=O)cc(cc3)C(=O)[*])cc1,295.8,,
12034,[*]CC(C=C1)=CC=C1CC(C=C2)=CC=C2[*],,,5.1689
8164,[*]OC(C[*])COc1c(cccc1)Cl,,197.5,
5000,[*]Oc1ccc(cc1)N=CCCCC=Nc1ccc(cc1)OC(=O)NC1CC(CC(C1)(CNC(=O)[*])C)(C)C,66.0,351.0,
8852,[*]c1ccc(cc1)/C=C/c1c(cc(c(c1)CCCCCCCC)/C=C/[*])CCCCCCCC,,198.0,
3249,[*]Oc1ccc(cc1)N=C(c1ccc(cc1)Oc1ccc(cc1)C(c1ccc(cc1)Oc1ccc(cc1)C(=Nc1ccc(cc1)[*])c1ccccc1)(c1ccccc1)c1ccccc1)c1ccccc1,177.0,,
5493,[*]c1cc2c(C(=O)N(C2=O)c2cc(c(cc2)C(=O)Nc2ccc(cc2)C(c2ccc(cc2)NC(=O)[*])(C(F)(F)F)C(F)(F)F)C)cc1,320.0,,
9154,[*]CC([*])SC,,,5.023
6218,[*]N1C(=O)c2c(C1=O)cc(cc2)S(=O)(=O)c1cc2c(C(=O)N(C2=O)c2ccc(cc2)Oc2c(cc(cc2C(C)(C)C)c2ccc(cc2)[*])C(C)(C)C)cc1,354.5,,
8599,[*]Oc1ccc(cc1)OCc1ccc(cc1)COc1ccc(cc1)OCCCCCCCCCCC[*],,170.85,
7703,[*]OC(=O)C1CCC(CC1)C(=O)OCc1ccc(cc1)C[*],,95.5,
10266,[*]Oc1ccc(OC([*])=O)cc1,,,5.1376
9783,[*]OC(C)COC(=O)CCCCS(=O)(=O)CCCCC([*])=O,,,6.649
7954,[*]OC(=O)Nc1c(cc(cc1)Cc1cc(c(cc1)NC(=O)OCC[*])C)C,,215.0,
1029,[*]Oc1ccc(cc1)S(=O)(=O)c1ccc(cc1)OCC(C[*])OC(=O)C,130.0,,
9925,[*]Nc1ccc(NC(=O)CCCCCCC([*])=O)cc1,,,4.498
2168,[*]C(C(CCCCCCCCCC[*])c1ccc(cc1)O)c1c(cc(cc1)O)C,-4.0,,
6303,[*]c1cc2c(C(=O)N(C2=O)c2cc(ccc2)N2C(=O)c3c(C2=O)cc(cc3)C(=O)Nc2ccc(cc2)NC(=O)[*])cc1,341.0,,
7015,[*]C(C[*])C(=O)OCCCCCCCCCCCN1C(=O)c2ccc3c4ccc5C(=O)N(C(=O)c6ccc(c7ccc(C1=O)c2c37)c4c56)C(CCCCCCC)CCCCCCC,,189.0,
1487,[*]NC(C(=O)[*])CCC(=O)OCCC,-10.0,,
9792,[*]CCOC(=O)c1ccc(C2(C)CC(C)(C)c3ccc(C(=O)O[*])cc32)cc1,,,4.3486
8627,[*]Oc1ccc(cc1)c1ccc(cc1)OC(=O)c1c(cc(c(c1)OCCCCCCCCCCCC)C(=O)[*])OCCCCCCCCCCCC,,142.5,
2118,[*]C(CCCCC[*])CC,-73.0,,
2524,[*]C(C[*])(C(=O)OCCCCCCOc1ccc(cc1)N=Nc1ccc(cc1)OCCCCCCCCCC)C,110.0,,
8881,[*]c1n(c(nn1)CCCCCCC[*])N,,237.0,
8802,[*][Si](c1ccc(cc1)[*])(F)C,,130.0,
8945,[*]c1oc(nn1)CCCCCCCCCC[*],,101.0,
7270,[*]N1CCN(CC1)C(=O)CCC=CCCC(=O)[*],,252.0,
5431,[*]N1C(=O)c2c(C1=O)cc(cc2)Oc1cc2c(C(CC32CC(c2ccc(cc32)Oc2cc3c(C(=O)N(C3=O)c3cc(ccc3)[*])cc2)(C)C)(C)C)cc1,253.0,,
8484,[*]Oc1ccc(cc1)C(=O)OC(=O)c1cc(ccc1)C(=O)OC(=O)c1ccc(cc1)OCC[*],,137.5,
5264,[*]OC(=O)NC(=O)c1ccc(cc1)C(=O)NC(=O)OCC(C[*])(C)C,102.0,,
2980,[*]Oc1ccc(cc1)c1ccc(cc1)c1ccc(cc1)Oc1ccc(cc1)C(c1ccc(cc1)[*])(C)C,182.0,,
9576,[*]CCOC(=O)CCC(=O)O[*],,,6.5377
5386,[*]N1C(=O)c2c(C1=O)cc(cc2)c1cc2c(C(=O)N(C2=O)c2c(cc(cc2C)c2cc(c(c(c2)C)[*])C)C)cc1,285.0,,
1899,[*]Oc1cc(c(c(c1)Cl)C(c1c(cc(cc1Cl)OC(=O)[*])Cl)(C)C)Cl,240.0,,
2539,[*]C(C[*])(C(=O)OCc1ccc2n(c3c(c2c1)cccc3)CC)C,131.14,,
8348,[*]Oc1c(cc(cc1)C(=O)OCC[*])C,,156.0,
7611,[*]Nc1c(cc(cc1)[*])Cl,,300.0,
5624,[*]N1C(=O)c2c(C1=O)cc(cc2)c1cc2c(C(=O)N(C2=O)CC2C3C(CC2)C2C(CC3C2)C[*])cc1,230.0,,
4157,[*]c1sc(cc1SCCCC)c1sc(c(c1)SCCCC)c1ccc(cc1)[*],129.0,,
9101,[*]CC([*])c1ccccc1Cl,,,2.4139
6712,[*][Si](C/C=C\CC[*])(c1ccccc1)C,-12.65,,
10027,[*]Oc1ccc(NC(=O)c2cc(C(=O)Nc3ccc([*])cc3)cc(S(=O)(=O)c3ccccc3)c2)cc1,,,3.3682
5058,[*]N1C(=O)c2c(C1=O)cc(cc2)C(=O)Oc1ccc(cc1)OC(=O)CCCCC[*],89.0,189.0,
1546,[*]OC(=O)NCC(C(C(C(CNC(=O)OCC(C(C[*])(F)F)(F)F)(F)F)(F)F)(F)F)(F)F,38.0,180.0,
912,[*]Oc1ccc(cc1)NC(=O)c1cc(cc(c1)C(C(C(C(C(C(C(C(F)(F)F)(F)F)(F)F)(F)F)(F)F)(F)F)(F)F)(F)F)C(=O)Nc1ccc(cc1)[*],230.0,,
677,[*]OC(=O)CCCCCCC(=O)OCCOCC[*],-66.0,29.75,
2079,[*]S(=O)(=O)CC(C[*])(C)C,108.5,296.5,
9318,[*]OC1C(C)(C)C([*])C1(C)C,,,5.3323
6033,[*]c1cc2c(C(=O)N(C2=O)c2cc(ccc2)N2C(=O)c3c(C2=O)cc(cc3)C(=O)OCCN(CCOC(=O)[*])c2ccc(cc2)N=Nc2ccc(cc2)[N+](=O)[O-])cc1,210.0,,
8285,[*]OCCCCCCC(=O)NCc1ccc(cc1)CNC(=O)CCCCCC[*],,229.0,
8693,[*]SC(=O)CCCCCCC(=O)SCc1ccc(cc1)c1ccc(cc1)C[*],,217.0,
2759,[*]C(=C(C(C([*])([2H])[2H])([2H])[2H])[2H])C([2H])([2H])[2H],-58.0,,
2914,[*]c1n(nc(c1)c1ccc(cc1)Oc1ccc(cc1)C(=O)c1ccc(cc1)C(=O)c1ccc(cc1)Oc1ccc(cc1)[*])c1ccccc1,205.0,,
2783,[*]C1CC2CC(CC(C1)O2)OC(=O)c1ccc(cc1)C(=O)O[*],207.0,,
11577,[*]c1ccc(Oc2cc(C(C)(C)C)ccc2Oc2ccc(-n3c(=O)c4cc5c(=O)n([*])c(=O)c5cc4c3=O)cc2)cc1,,,2.2831
1281,[*]c1cc2c(C(=O)N(C2=O)c2ccc(cc2)C(=O)Nc2ccc(cc2)C(=O)OCCCCCCCOC(=O)[*])cc1,106.0,193.0,
12316,[*]Nc6ccc(c5ccc(NC(=O)c4ccc(C3(c1ccc(C([*])=O)cc1)OC(=O)c2ccccc23)cc4)cc5)cc6,,,3.2864
1720,[*]N1C(=O)c2c(C1=O)cc(cc2)Oc1ccc(cc1)c1ccc(cc1)Oc1cc2c(C(=O)N(C2=O)c2ccc(cc2)Oc2ccc(cc2)[*])cc1,229.0,,
8739,[*]SCCc1ccc(cc1)Cc1ccc(cc1)CCSCCCCCC[*],,86.0,
10601,[*]Oc1ccc(Oc2ccc(OC(=O)c3ccc(OC(=O)c4ccc(C(=O)Oc5ccc(C([*])=O)cc5)cc4)cc3)cc2)cc1,,,2.7268
7152,[*]N(C(=O)[*])CC(C)C,,215.0,
7469,[*]NC(=O)CCCCCCCCCCCCCCCCC(=O)NCCCC[*],,218.0,
8051,[*]OC(=O)c1ccc(cc1)C(=O)NCCCCCNC(=O)c1ccc(cc1)C(=O)OCCCCCCCCCCC[*],,199.0,
4138,[*]c1sc(nn1)c1ccc(cc1)C(=O)OCCCCCCCCCCCCOC(=O)c1ccc(cc1)[*],68.0,256.0,
11423,[*]CCN(CCOC(=O)Nc1ccc(Cc2ccc(NC(=O)O[*])cc2)cc1)c1ccccc1,,,4.1239
3427,[*]Oc1ccc(cc1)C(c1ccc(cc1)Oc1c(cc(cc1)C(=O)c1ccc(cc1)C(=O)c1cc(c(cc1)[*])C(F)(F)F)C(F)(F)F)(C)C,171.0,,
851,[*]c1nc2cc3c(cc2nc1)ncc(n3)c1ccc(cc1)Oc1ccc(cc1)[*],353.0,,
4983,[*]OC(=O)Nc1c(ccc(c1)NC(=O)OCCN(CC[*])c1ccccc1)C,31.9,,
8117,[*]OC(=O)c1ccc(cc1)Cc1ccc(cc1)C(=O)OCCOCC[*],,135.5,
2772,[*]C1C2C(C(C1)C=C[*])C1CCC2C1,204.76,,
526,[*]C(C[*])(C(=O)OCCCCn1c2ccccc2c2ccccc12)C,84.2,,
6180,[*]N1C(=O)c2c(C1=O)cc(cc2)Oc1ccc(cc1)C(c1ccc(cc1)Oc1cc2c(C(=O)N(C2=O)c2c(ccc(c2)[*])O)cc1)(C)C,246.0,,
263,[*]C(C[*])OC(=O)C(C(C(C(C(F)(F)F)(F)F)(F)F)(F)F)(F)F,-9.0,,
12192,[*]NC(C=C1)=CC=C1NO[*],,,3.151
2046,[*]N=P([*])(OCc1ccc(cc1)c1ccccc1)OCc1ccc(cc1)c1ccccc1,52.0,,
3599,[*]Oc1c(cc(cc1OC)/C=C/c1ccc(cc1)/C=C/c1cc(c(c(c1)OC)OCCCCCCCC[*])OC)OC,80.9,,
1179,[*]SC(C(=O)[*])C,12.0,150.0,
1598,[*]NC(=O)NCCCCCCC[*],62.0,185.1666667,
4919,[*]N(c1ccc(cc1)C(=O)[*])CCCCCCC,45.9,,
8489,[*]Oc1ccc(cc1)C(=O)OC(=O)c1ccc(cc1)C(=O)OC(=O)c1ccc(cc1)OCCC[*],,282.5,
2561,[*]C(C[*])(C(=O)OCCCCCCOc1cc(ccc1)C(=O)Oc1ccc(cc1)C#N)C,38.0,,
1107,[*]SC(=O)CCCCC[*],19.0,105.275,
11471,[*]c1ccc(-c2ccc(N3C(=O)c4ccc(-c5ccc6c(c5)C(=O)N([*])C6=O)cc4C3=O)cc2C(F)(F)F)c(C(F)(F)F)c1,,,3.3541
4547,[*]OC(=O)c1ccc(cc1)C(=O)OCCOC(=O)CCCCCCCCC(=O)OCC[*],-6.75,66.0,
7040,[*]C(C[*])CCC(F)(F)F,,228.0,
3517,[*]Oc1ccc(cc1)c1ccc(cc1)Oc1c(cc(cc1)c1ccc(cc1)c1cc(c(cc1)[*])C(F)(F)F)C(F)(F)F,203.5,,
11732,[*]c1nc(Oc2ccccc2)nc(N([*])c2ccccc2)n1,,,4.4124
4193,[*]c1cc2n(c3c(c2cc1)ccc(c3)c1sc(cc1)c1c2c(nccn2)c(cc1)c1sc(cc1)[*])C(CCCCCCCC)CCCCCCCC,116.0,,
11743,[*]N=Nc1cc([*])ccc1C,,,3.0039
7952,[*]OC(=O)Nc1c(c(c(c(c1C)C)NC(=O)OCC[*])C)C,,328.0,
5030,[*]c1cc2c(C(=O)N(C2=O)c2cc(ccc2)Nc2nc(nc(n2)Nc2cc(ccc2)N2C(=O)c3c(C2=O)cc(cc3)C(=O)[*])N(c2ccccc2)c2ccccc2)cc1,290.0,,
1512,[*]Nc1ccc(cc1)NC(=O)c1cc(ccc1)C(=O)c1ccc(cc1)C(=O)[*],257.5,,
1451,[*]NC(=O)c1ccc(cc1)Cc1ccc(cc1)C(=O)NCCCCCCCCCC[*],140.0,256.0,
9665,[*]OC(c1ccc(Cl)cc1)C(C)(C)C([*])=O,,,4.9195
5106,[*]C1C(=O)N(C(=O)C1C(C[*])c1ccccc1)CCCN(c1cc(c(cc1)N=Nc1c(cc(cc1)[N+](=O)[O-])Cl)C)CC,149.0,,
1999,[*]O[Si]([*])(c1ccccc1)C,-24.27,,
7357,[*]NC(=O)C(C(=O)NCCCCCCC[*])CCCCCCCCCCCC,,147.0,
6882,[*]C(C[*])(C(=O)OCC(C(C(C(F)F)(F)F)(F)F)(F)F)F,60.0,140.85,
3667,[*]O[Si](O[Si](OC(CCC([*])C)C)(C)C)(C)C,-83.0,,
5862,[*]C1=C(C(=O)N(C1=O)CCCC)c1ccc(cc1)c1cc2C(c3c(c2cc1)ccc(c3)c1ccc(cc1)[*])(CCCCCC)CCCCCC,155.0,,
7503,[*]NC(=O)NCCCCCCNC(=O)NCCCCCCC[*],,231.0,
9527,[*]CCOC(=O)NCCSCCCCSCCNC(=O)O[*],,,5.1396
9281,[*]CC(CF)O[*],,,6.1097
1413,[*]NC(=O)c1ccc(cc1)C(=O)NCCC(CCC[*])C(C)C,146.5,217.0,
5920,[*]c1cc2c(C(=O)N(C2=O)c2ccc(cc2)Oc2ccc(cc2)N2C(=O)c3c(C2=O)cc(cc3)C(=O)N2C(=O)N(C(=O)C2(C)C)C(=O)[*])cc1,156.0,,
8478,[*]Oc1ccc(cc1)C(=O)Nc1c(cc(cc1)c1cc(c(cc1)NC(=O)c1ccc(cc1)OCCCCCCC[*])Cl)Cl,,286.0,
2956,[*]Oc1c2c(ccc1)ccc(c2)Oc1ccc(cc1)NC(=O)c1ccc(cc1)Oc1ccc(cc1)Oc1ccc(cc1)C(=O)Nc1ccc(cc1)[*],224.0,363.0,
1594,[*]c1cocc1COC(=O)Nc1ccc(cc1)Cc1ccc(cc1)NC(=O)OC[*],45.0,175.0,
8898,[*]c1nc(cs1)c1ccc(cc1)c1nc(sc1)CCCC[*],,250.0,
7820,[*]OC(=O)CCCCCCCCCCC(=O)OCCCCC[*],,59.0,
11648,[*]CCCC1CCN(SC(=O)OCCCCCCOC(=O)SN2CCC([*])CC2)CC1,,,4.484
10638,[*]c1ccc(Oc2ccc(C(c3ccc(Oc4ccc(-c5nnc([*])n5-c5ccc(C)cc5)cc4)cc3)(C(F)(F)F)C(F)(F)F)cc2)cc1,,,3.9499
898,[*]Oc1ccc(cc1)C(c1ccc(cc1)Oc1ccc(cc1)C(=O)Nc1ccc(cc1)NC(=O)c1ccc(cc1)[*])(C)C,230.0,,
11800,[*]c1ncc(-c2cnc([*])c(C)c2)cc1C,,,3.4579
5293,[*]N1C(=O)c2c(C1=O)cc(cc2)Oc1cc2c(cc1Oc1cc3c(C(=O)N(C3=O)c3ccc(cc3)Oc3c(cccc3)Oc3ccc(cc3)[*])cc1)cccc2,204.0,,
8076,[*]OC(=O)c1ccc(cc1)C(=O)NCCNC(=O)c1ccc(cc1)C(=O)OCCCCCCC[*],,275.0,
6545,[*]c1nc2c(c(c1)c1ccccc1)cc(cc2)C1(c2ccccc2C(=O)c2ccccc12)c1cc2c(nc(cc2c2ccccc2)c2ccc(cc2)c2ccc(cc2)[*])cc1,350.0,,
3488,[*]Oc1ccc(cc1)CC(NC(=O)CCc1ccc(cc1)OC(=O)COCC(=O)[*])C(=O)OCCCCCCCCCCCC,36.0,,
9722,[*]CCCCCOC(=O)CCCCS(=O)(=O)CCCCC(=O)O[*],,,6.9262
3243,[*]Oc1cc2c(cc1)ccc(c2)Oc1ccc(cc1)C(=Nc1ccc(cc1)N=C(c1ccc(cc1)[*])c1ccccc1)c1ccccc1,171.0,,
4406,[*]OC(=O)c1ccc(cc1)[Si](c1ccc(cc1)C(=O)OCCN(CC[*])c1ccc(cc1)C=Cc1ccc(cc1)[N+](=O)[O-])(C)C,127.0,,
5580,[*]c1cc2c(C(=O)N(C2=O)c2cc(ccc2)N2C(=O)c3c(C2=O)cc(cc3)C(=O)c2cc(cc(c2)C(C)(C)C)C(=O)[*])cc1,264.5,,
3679,[*]Oc1cc(ccc1)C(=O)OCCN(CCOC(=O)c1cc(ccc1)OCC#CC#CC[*])c1ccc(cc1)N=Nc1ccc(cc1)C#N,50.0,,
8,[*]C(C[*])CCCCCCC,-47.0,22.14,
11719,[*]Nc1ccc([*])cc1,,,4.0074
10816,[*]c1nc2cc(S(=O)(=O)c3ccc4oc(C5CCC([*])CC5)nc4c3)ccc2o1,,,4.8558
7035,[*]C(C[*])CC(CC)C,,184.8333333,
10057,[*]CC1CC1COC(=O)NC1CC1NC(=O)O[*],,,6.5515
7279,[*]N1CCN(CC1)C(=O)NC1C(C1)NC(=O)[*],,270.0,
9344,[*]CCOCCOC(=O)c1cccc(C(=O)O[*])c1,,,4.8122
11579,[*]c1cccc(C(c2ccccc2)(c2cccc(N3C(=O)c4ccc(Oc5ccc6c(c5)C(=O)N([*])C6=O)cc4C3=O)c2)C(F)(F)F)c1,,,3.4747
4732,[*]NC(=O)C(C(C(=O)NCCCCCCCC[*])OC)OC,89.0,208.1,
9991,[*]NC(CCC(=O)OCCCC)C([*])=O,,,5.5734
5815,[*]c1cc2c(C(=O)N(C2=O)c2c(ccc(c2)C(=O)Oc2ccc(cc2)C(c2ccc(cc2)OC(=O)c2cc(c(cc2)C)N2C(=O)c3c(C2=O)cc(cc3)C([*])(C(F)(F)F)C(F)(F)F)(C(F)(F)F)C(F)(F)F)C)cc1,289.0,,
7813,[*]OC(=O)CCCCCCCCC(=O)OCc1ccc(cc1)C[*],,83.5,
4343,[*]OC(=O)CN(c1ccc(cc1)N=Nc1ccc(cc1)S(=O)(=O)CCC[*])CCCC,92.4,,
3404,[*]OP(=O)(N=Nc1ccc(cc1)C(=O)c1ccc(cc1)N=NP(=O)(OCc1ccc(cc1)C[*])OC)OC,48.0,,
7935,[*]OC(=O)NCCSCCCCCSCCNC(=O)OCCCCC[*],,86.0,
10609,[*]CC(CS(=O)(=O)CC)O[*],,,5.3436
11757,[*]c1cccc(-c2nc3cc(-c4ccc5[nH]c([*])nc5c4)ccc3[nH]2)c1,,,3.5069
10197,[*]CCCCCCCCCn1c(=O)c2cc3c(=O)n([*])c(=O)c3c(Br)c2c1=O,,,3.5814
7157,[*]N(C(=O)[*])CCCCC,,209.0,
6319,[*]c1cc2c(C(=O)N(C2=O)c2cc(cc(c2)c2oc(nn2)c2ncccc2)N2C(=O)c3c(C2=O)cc(cc3)C(=O)Nc2cc(ccc2)S(=O)(=O)c2cc(ccc2)NC(=O)[*])cc1,173.0,361.0,
195,[*]C(C[*])OCC,-37.29,,
5115,[*]c1cc2c(C(=O)N(C2=O)c2c(ccc(c2)N2C(=O)c3c(C2=O)cc(cc3)C(=O)Nc2ccc(cc2)Oc2ccc(cc2)C2(c3c(C(=O)N2)cccc3)c2ccc(cc2)Oc2ccc(cc2)NC(=O)[*])C)cc1,315.0,,
546,[*]C(C([*])(F)F)(Cl)F,60.41,204.9609375,
3066,[*]OC(C[*])CS(=O)(=O)C,59.4,180.0,
2003,[*]O[Si](c1c(c(c(c(c1F)F)F)[Si]([*])(C)C)F)(C)C,-28.5,,
3581,[*]O[Si](CCCCCCOC(=O)C(Oc1ccc(cc1)OC(=O)c1ccc(cc1)c1ccc(cc1)OCCCCCCCCCC[Si]([*])(C)C)C)(C)C,35.0,,
11330,[*]Nc1ccc(-c2ccc(NC(=O)c3cc(NC(=O)c4ccncc4)cc(C([*])=O)c3)cc2)cc1,,,3.2688
5755,[*]N1C(=O)c2c(C1=O)cc(cc2)c1ccc(cc1)c1cc2c(C(=O)N(C2=O)CCCCCCOC(=O)OCCCCCC[*])cc1,74.0,186.0,
9120,[*]CC([*])c1ccc(Cl)c(C)c1,,,4.762
8097,[*]OC(=O)c1ccc(cc1)C(=O)OCCCCOC(=O)CCCCCCCCC(=O)OCCCC[*],,86.0,
8696,[*]SC(=O)CCCCCCCCC(=O)SCc1ccc(cc1)Cc1ccc(cc1)C[*],,130.0,
1389,[*]NC(=O)CCCCCCCCCCCCCCCCC(=O)NCc1ccc(cc1)C[*],75.0,242.0,
1892,[*]Oc1ccc(cc1)C(c1ccc(cc1)OC(=S)[*])(CC)CC,121.0,,
4595,[*]OC(COC(=O)c1c(c(c(cc1)c1c(cc(c(c1)CCCCCCCC)c1c(c(c(cc1)C(=O)[*])F)F)CCCCCCCC)F)F)COc1ccc(cc1)N=Nc1ccc(cc1)C#N,61.0,,
993,[*]Oc1ccc(cc1)NC(=O)c1ccc(cc1)Oc1ccc(cc1)C(c1ccc(cc1)C(c1ccc(cc1)Oc1ccc(cc1)C(=O)Nc1ccc(cc1)[*])(C)C)(C)C,174.0,,
2610,[*]C(C[*])C(=O)OCCOCC1(COC1)CC,-16.0,,
10300,[*]c1nc(C)nc(N(CCCCN([*])c2ccccc2)c2ccccc2)n1,,,3.7879
4988,[*]OC(=O)Nc1c(ccc(c1)NC(=O)OCCN(CC[*])c1ccc(cc1)N=Nc1cc(c(cc1)N=Nc1c(cc(c(c1)OC)N=Nc1ccc(cc1)[N+](=O)[O-])OC)C)C,148.0,,
1862,[*]Oc1c(cc(cc1Br)C(c1cc(c(c(c1)Br)OC(=O)[*])Br)(C)C)Br,206.75,269.5,
10722,[*]c1ccc(C(=O)c2ccc(-n3nc(-c4ccc(Oc5ccc(-c6nn([*])c(=O)c7ccccc67)cc5)cc4)c4ccccc4c3=O)cc2)cc1,,,3.4719
11582,[*]C=CC1CC([*])C2C(=O)N(CCCCCCCC)C(=O)C12,,,5.4744
950,[*]Oc1cc(ccc1)NC(=O)c1ccc(cc1)C(=O)c1cc(ccc1)C(=O)Nc1ccc(cc1)[*],237.0,,
5883,[*]C1C2C(C(=O)N(C2=O)CCCCCCCCCCCC)C(C1)C=C[*],50.0,,
217,[*]C(C[*])OC(=O)c1ccc(cc1)C(C)(C)C,116.8,326.0,
3834,[*]Oc1c(cc(cc1)Oc1c(cc(cc1)C(=O)c1cc(c(cc1)[*])S(=O)(=O)O)S(=O)(=O)O)S(=O)(=O)O,248.0,,
9558,[*]c1ccc2nc([*])sc2c1,,,2.966
3303,[*]Oc1c(cccc1)Oc1ccc(cc1)S(=O)(=O)c1ccc(cc1)[*],171.0,,
7842,[*]OC(=O)CCCCS(=O)(=O)CCCCC(=O)OCCCCCCCCCC[*],,99.5,
6360,[*]C1C2C(C(=O)N(C2=O)c2ccc(cc2)Br)C(C1)C=C[*],227.8,,
10208,[*]C(=O)c1ccc2c(c1)C(=O)N(c1cc(-c3nc4ccccc4[nH]3)cc(N3C(=O)c4ccc([*])cc4C3=O)c1)C2=O,,,2.2203
6638,[*]N(CC[*])C(=O)c1c(cc(c(c1F)F)F)F,122.0,,
1595,[*]OC(COC(=O)NCCCCCCNC(=O)[*])c1occc1,17.0,175.0,
6729,[*]O[Si]([*])(CCCCCCCCCCCOc1ccc(cc1)/C=C/c1ccc(cc1)OCCCC)C,-33.0,177.85,
4057,[*]Oc1ccc(cc1)c1ccc(cc1)OCCCCCCOC(=O)C(C(=O)OCCCCCC[*])CCCCCOc1cc(nc(c1)c1ncccc1)c1ncccc1,49.9,,
6244,[*]N1C(=O)c2c(C1=O)cc(cc2)Oc1cc2c(C(=O)N(C2=O)c2ccc(cc2)Oc2cc(ccc2)c2nc(cc(c2)c2ccccc2)c2cc(ccc2)Oc2ccc(cc2)[*])cc1,224.0,,
4695,[*]NC(C(=O)[*])CCC(=O)OCc1ccc(cc1)[N+](=O)[O-],53.15,,
4845,[*]Nc1ccc(cc1)C(c1ccc(cc1)NC(=O)c1cc(cc(c1)C(C)(C)C)C(=O)[*])(C(F)(F)F)C(F)(F)F,284.1,,
1472,[*]N1CCN(CC1)C(=O)c1cc(ccc1)C(=O)[*],214.5,,
6501,[*]Oc1c(cc(cc1)c1ccc(cc1)C(c1ccc(cc1)c1cc(c(cc1)OC(=O)[*])F)(C)C)F,234.0,,
2918,[*]c1[nH]nc(c1)c1ccc(cc1)Oc1ccc(cc1)C(=O)c1ccc(cc1)Oc1ccc(cc1)[*],225.0,,
1521,[*]Nc1cc(cc(c1)C(=O)OCCN(c1ccc(cc1)S(=O)(=O)C(C(C(C(C(C(C(C(F)(F)F)(F)F)(F)F)(F)F)(F)F)(F)F)(F)F)(F)F)C)NC(=O)c1cc(cc(c1)OCCN(c1ccc(cc1)C#N)C)C(=O)[*],165.0,,
1600,[*]NC(=O)NCCCCCCNC(=O)NCCCCCCCCCCCC[*],49.0,229.5,
4556,[*]O[Ca]OC(=O)c1c(cccc1)C(=O)OCCCCCOC(=O)NCCCCCCNC(=O)OCCCCCOC(=O)c1c(cccc1)C(=O)[*],-2.4,,
2269,[*]C(C[*])OCCCCCCCCCCCOc1ccc(cc1)C(=O)Oc1ccc(cc1)C#N,37.0,,
4648,[*]c1cc2c(cc1OC(=O)COc1ccc3c(c1)oc(=O)cc3)oc(=O)c(c2)C(=O)Nc1ccc(cc1)C(c1ccc(cc1)NC(=O)c1c(=O)oc2c(cc(c(c2)OC(=O)COc2ccc3c(c2)oc(=O)cc3)C[*])c1)(C(F)(F)F)C(F)(F)F,257.0,,
6442,[*]OC1CCC(CC1)OC(=O)OCCCCCOC(=O)[*],-5.0,170.0,
9951,[*]C(=O)NCCCCCCNC(=O)c1cc([*])c(C)nc1C,,,5.2417
3948,[*]c1oc(nn1)c1ccc(cc1)C(=O)OCCCCCCCCOc1ccc(cc1)C=C1C(=O)C(=Cc2ccc(cc2)OCCCCCCCCOC(=O)c2ccc(cc2)[*])CCC1,59.0,144.0,
9640,[*]CCOC(=O)CSC(=O)Nc1ccc(Cc2ccc(NC(=O)SCC(=O)O[*])cc2)cc1,,,4.3268
2663,[*]C(C[*])(C(=O)OCc1ccc(cc1)Cl)C,43.6,,
1198,[*]Oc1c(cc(cc1C)c1cc(c(c(c1)C)OC(=O)CCCCC(=O)[*])C)C,108.0,315.0,
10123,[*]CCCCCCCCCNC(=O)NCCCCCCNC(=O)N[*],,,5.7131
9658,[*]CC(C)(CCC)C(=O)O[*],,,6.7802
10281,[*]c1cccc(-c2nc3cc4nc([*])c(-c5ccccc5)nc4cc3nc2-c2ccccc2)c1,,,2.9837
1286,[*]Oc1ccc(cc1)c1c(c(c(c(c1)c1ccccc1)c1ccc(cc1)OC(=O)c1c(cc(cc1)C(=O)[*])c1ccccc1)c1ccccc1)c1ccccc1,225.0,,
31,[*]C=CCC[*],-89.57,0.425,5.2133
2508,[*]C(C[*])(C(=O)OCCCCCCOc1ccc(cc1)N=Nc1ccc(cc1)C#N)C,60.67,,
5408,[*]c1cc2c(C(=O)N(C2=O)c2cc(ccc2)Oc2ccc(cc2)C(c2ccc(cc2)Oc2cc(ccc2)N2C(=O)c3c(C2=O)cc(cc3)C([*])(C(F)(F)F)C(F)(F)F)(C(F)(F)F)C(F)(F)F)cc1,224.0,,
1782,[*]c1c(nc2c(n1)cc(cc2)c1cc2c(nc(c(n2)c2ccc(cc2)N2C(=O)c3c(C2=O)cc(cc3)C(=O)c2cc3c(C(=O)N(C3=O)c3ccc(cc3)[*])cc2)c2ccccc2)cc1)c1ccccc1,260.0,,
12373,[*]=CC2CC(C=[*])C3CN(c1cc(C(F)(F)F)cc(C(F)(F)F)c1)CC23,,,4.3204
3400,[*]OP(=O)(N=Nc1ccc(cc1)Oc1ccc(cc1)N=NP(=O)(OCC1CCC(CC1)C[*])OC)OC,50.0,,
9443,[*]Oc1c(-c2ccccc2)cc([*])cc1-c1cccc(C)c1,,,3.8976
8098,[*]OC(=O)c1ccc(cc1)C(=O)OCCCCOC(=O)CCCCCCCCCCC(=O)OCCCC[*],,87.5,
3502,[*]Oc1ccc(cc1)CC(NC(=O)CCc1ccc(cc1)OC(=O)COCCOCC(=O)[*])C(=O)OCCCCCC,28.0,,
722,[*]Oc1ccc(cc1)CC(Cc1ccc(cc1)[*])(C(=O)OCC)C(=O)OCC,54.0,,
5979,[*]C1C(=O)N(C(=O)C1[*])c1cc(c(c(c1)Br)O[Si](C)(C)C)Br,167.0,,
10502,[*]OC(=O)NC1CCC(CC2CCC(NC(=O)OC3CC4CC([*])CC(C3)O4)CC2)CC1,,,5.8672
2742,[*]C(C[*])(C(=O)OCCCCCCCC[n+]1ccc(cc1)N(C)C)C,70.0,,
9339,[*]Oc1ccc(SSCCCCCCCCCCSSc2ccc([*])cc2)cc1,,,4.369
4279,[*]Oc1ccc(cc1)OC(=O)c1c(cc(cc1)C(=O)[*])Oc1cc2c(cc1)cccc2,102.0,328.0,
9166,[*]CC([*])OC(=O)C(C)(C)C,,,6.1579
759,[*]c1oc2c(n1)ccc(c2)c1ccc2c(oc(n2)CCCCCCCC[*])c1,223.5,246.0,
2429,[*]C(C[*])(C(=O)OC1C2C3C(C(C1)C2)C1CCC3C1)C,199.0,,
6535,[*]c1nc2c(nc1c1ccccc1)cc(cc2)c1cc2c(nc(c(n2)c2ccccc2)c2ccc(cc2)[*])cc1,354.5,,
123,[*]C(C[*])c1ccc(cc1)C(=O)CCC,74.0,,
8379,[*]Oc1c(cc(cc1)C=Nc1ccc(cc1)c1ccc(cc1)N=Cc1cc(c(cc1)OC(=O)CCCCCCCCC(=O)[*])OC)OC,,225.0,
6126,[*]N1C(=O)c2c(C1=O)cc(cc2)c1cc2c(C(=O)N(C2=O)c2ccc(cc2)Oc2c(c(ccc2)Oc2ccc(cc2)[*])C#N)cc1,271.0,,
9072,[*]n1c(=O)c2cc3c(cc2c1=O)c(=O)n(c3=O)CCCCCCOC(=O)OCCCCCCOC(=O)OCCCCCC[*],,189.0,
2222,[*]C(C[*])c1c(ccc(c1)C(=O)OCCCCCCCCCCCC)c1ccc(cc1)OCCCCCCCC,42.0,,
9890,[*]CCCCCCCCCNC(=O)CCCCCCCCCCCC(=O)N[*],,,5.7342
10430,[*]C=CC=CC=CC=C([*])CCS(=O)(=O)O,,,0.8077
11911,[*]c1ccc(C(C#N)(C#N)C([*])(C#N)C#N)cc1,,,4.6823
9132,[*]CC([*])(C)C#N,,,7.6319
5166,[*]C1C(=O)NC(=O)C1C(C[*])c1ccccc1,257.67,,
9288,[*]CC(O[*])C(C)(C)C,,,5.5394
10039,[*]CCCCOC(=O)NCCCCCCNC(=O)O[*],,,6.3532
259,[*]C(C[*])OC(=O)C(C(C(F)(F)F)(F)F)(F)F,27.0,,
3459,[*]Oc1ccc(cc1)NC(=C(C#N)C#N)c1cc(ccc1)C(=C(C#N)C#N)Nc1ccc(cc1)Oc1ccc(cc1)NC(=O)c1ccc(cc1)C(=O)Nc1ccc(cc1)[*],274.0,,
6765,[*]O[Si](c1cc2cc3c(cc2cc1)cc(cc3)[Si]([*])(C)C)(C)C,118.0,,
5985,[*]C1C(=O)N(C(=O)C1C(C[*])CCCCCCCCCCCCCCCC)CCCCNC(=O)C(C(C(C(C(C(C(F)(F)F)(F)F)(F)F)(F)F)(F)F)(F)F)(F)F,63.0,-22.0,
10727,[*]c1ccc(-c2ccc(-c3ccc([*])s3)o2)o1,,,1.6749
12255,[*]C(F)(F)C(F)(F)C(S1)=CC=C1C(=S)[*],,,2.5306
10726,[*]c1ccc(-c2ccc(-c3ccc([*])n3C)o2)o1,,,2.825
11926,[*]c1ccc(-c2cc(OCCCCCCCCCC)c([*])cc2OCCCCCCCCCC)cc1,,,3.5012
8895,[*]c1nc(cnc1)C(=O)NNC(=O)C(=O)NNC(=O)[*],,365.0,
1238,[*]Oc1ccc(cc1)C1(c2ccccc2c2ccccc12)c1ccc(cc1)OC(=O)CCCCCCCCC(=O)[*],151.0,,
8653,[*]S(=O)(=O)NCCCCCCNS(=O)(=O)C1CCC(CC1)[*],,197.5,
6090,[*]N1C(=O)c2c(C1=O)cc(cc2)Oc1c(c(cc(c1)C(C)(C)C)C(C)(C)C)Oc1cc2c(C(=O)N(C2=O)c2ccc(cc2)Oc2ccc(cc2)[*])cc1,228.0,,
1027,[*]Oc1ccc(cc1)C1(c2ccccc2c2ccccc12)c1ccc(cc1)Oc1ccc(cc1)C=CC(=O)c1ccc(cc1)[*],195.0,,
4269,[*]Oc1c(cc(cc1)C1(c2ccccc2c2ccccc12)c1cc(c(cc1)OC(=O)c1cc(ccc1)C(=O)[*])C)C,287.0,,
2005,[*]O[Si](O[Si](c1c(c(c(c(c1F)F)F)[Si]([*])(C)C)F)(C)C)(C)C,-61.0,,
4889,[*]c1ccc2c(nc([nH]2)c2ccc(cc2)C(=O)Nc2cc(ccc2)NC(=O)[*])c1,325.0,,
4232,[*]Oc1ccc(cc1)C1(CCCCC1)c1ccc(cc1)OC(=O)c1ccc(cc1)C(=O)[*],275.0,,
12400,[*]Oc1cccc(NC(=O)c2ccc([Si](c3ccccc3)(c3ccccc3)c3ccc(C([*])=O)cc3)cc2)c1,,,3.9647
311,[*]C(C[*])CNc1ccc(cc1)[N+](=O)[O-],140.25,,
6087,[*]N1C(=O)c2c(C1=O)cc(cc2)Oc1c(cc(cc1C)c1cc(c(c(c1)C)Oc1cc2c(C(=O)N(C2=O)c2ccc(cc2)Oc2ccc(cc2)[*])cc1)C)C,299.0,,
1980,[*][Si](CCC[*])(c1ccccc1)C,-1.5,,
2700,[*]C(C[*])(C(=O)OCCCCCCCCCCCCCCC(=O)NC1OC(C(C(C1OC(=O)C)OC(=O)C)OC1OC(C(C(C1OC(=O)C)OC(=O)C)OC(=O)C)COC(=O)C)COC(=O)C)C,95.2,,
325,[*]C(C[*])C(=O)O,112.62,149.025,
4842,[*]Nc1ccc(cc1)Cc1ccc(cc1)NC(=O)c1cc(cc(c1)NC(=O)CCCCCCCCCCN1C(=O)c2c(C1=O)cccc2)C(=O)[*],150.0,,
4512,[*]Oc1c(cc(c(c1)OC(=O)c1ccc(cc1)OCC(CC)C)OC(=O)CCCC(=O)[*])OC(=O)c1ccc(cc1)OCC(CC)C,60.0,161.0,
5861,[*]c1cc2c(C(=O)N(C2=O)c2c(cc(cc2)c2cc(c(cc2)N2C(=O)c3c(C2=O)cc(cc3)C([*])(C(F)(F)F)C(F)(F)F)OC(=O)C=Cc2ccccc2)OC(=O)C=Cc2ccccc2)cc1,181.0,,
3920,[*]OP(=O)(OCCOc1c(cc(cc1)C=C1C(=O)C(=Cc2cc(c(cc2)OCC[*])OC)CC1)OC)OC,99.0,158.0,
3820,[*]C1COC2C1OCC2OC(=O)OCC1OC(OC1COC(=O)O[*])(C)C,95.5,,
9447,[*]CC(O[*])C(C)C,,,5.7752
4785,[*]Nc1c(cc(cc1)NC(=O)c1ccc(cc1)NC(=O)CCCCCCCCCCC(=O)Nc1ccc(cc1)C(=O)[*])C(=O)OCCCCCCCCCCCC,205.5,,
10551,[*]CCCCCCCCc1nnc(-c2cccc(-c3nnc([*])o3)c2)o1,,,4.3273
9542,[*]Cc1ccc(CSSSS[*])cc1,,,4.3206
3441,[*]c1nc2c(c(c1)c1ccccc1)cc(cc2)Oc1cc2c(nc(cc2c2ccccc2)c2c(ccc(c2)[*])OCCN(c2ccc(cc2)c2sc(cc2)C(=C(C#N)C#N)c2ccc(cc2)N(CC)CC)CC)cc1,215.0,,
10742,[*]OC(=O)C(Cc1ccccc1)NC(=O)CCCCC(=O)NC(Cc1ccccc1)C(=O)OC1COC2C([*])COC12,,,5.287
8308,[*]OCOCCCCCCCCCC[*],,56.5,
11027,[*]CC(CC)(CC)COC(=O)CCC(=O)O[*],,,6.5001
3359,[*]Oc1ccc(cc1)C(=O)OCCOCCOCCOCCOC(=O)c1ccc(cc1)OC(=O)c1ccc(cc1)C(=O)[*],25.0,121.0,
2229,[*]C(C[*])c1c(ccc(c1)C(=O)Oc1ccc(cc1)OCCCCCC)C(=O)Oc1ccc(cc1)OCCCCCC,100.0,,
11844,[*]Nc1c(OC)cc([*])cc1OC,,,3.4275
9089,[*]CC([*])CC,,,6.517
4437,[*]OC(=O)C1C2C=CC(C1C(=O)OCC[*])C2,0.0,,
11458,[*]c1cc(N2C(=O)c3ccc(-c4ccc5c(c4)C(=O)N([*])C5=O)cc3C2=O)c(O)cc1O,,,3.1117
3742,[*]Oc1ccc(cc1)N1ON1c1ccc(cc1)OCCCCCCOC(=O)C(C(=O)OCCCCCC[*])CCCCP(=O)(O)O,11.5,,
8226,[*]OCC([*])CCCCCCCCC(=O)Oc1ccc(cc1)c1ccc(cc1)C(=O)Oc1c(ccc(c1)OC(=O)c1ccc(cc1)c1ccc(cc1)OC(=O)CCCCCCCCC[*]O[*])C(=O)OC,,160.0,
10428,[*]CC([*])OC(=O)CCC#N,,,6.425
5060,[*]N1C(=O)c2c(C1=O)cc(cc2)C(=O)Oc1ccc(cc1)OC(=O)CCCCCCCCCCC[*],58.0,177.0,
10050,[*]CCCCCCCCOC(=O)NCCCCCCCCCCNC(=O)O[*],,,6.1384
2199,[*]C(C[*])c1ccc(cc1)B(Oc1c2ncccc2c(cc1)c1ccc(cc1)N(C)C)c1ccc(cc1)C(C)(C)C,230.0,,
205,[*]C=CC(C([*])C(=O)OC)C,53.0,200.0,
6400,[*]Oc1c(cc(cc1)C1(C2CCC(C1)C2)c1cc(c(cc1)OC(=O)[*])C)C,161.0,,
8807,[*][Si](c1ccc(cc1)[*])([Si](c1ccccc1)(C)C)C,,180.0,
177,[*]C(C[*])c1nc(ccc1)C,92.0,,
1069,[*]Sc1c(cc(c(c1)C)[*])C,298.0,,
8286,[*]OCCCCCCCCC(=O)NCCCCCCNC(=O)CCCCCCCC[*],,158.0,
10189,[*]c1ccc(Oc2ccc(N3C(=O)c4cccc(Oc5cccc(Oc6cccc7c6C(=O)N([*])C7=O)c5)c4C3=O)cc2)cc1,,,2.949
5124,[*]c1cc2c(C(=O)N(C2=O)c2ccc(cc2)Oc2ccc(cc2)C2(c3c(C(=O)N2)cccc3)c2ccc(cc2)Oc2ccc(cc2)N2C(=O)c3c(C2=O)cc(cc3)C(=O)Nc2ccc(cc2)Oc2ccc(cc2)C2(c3c(C(=O)N2)cccc3)c2ccc(cc2)Oc2ccc(cc2)NC(=O)[*])cc1,330.0,,
3620,[*]Oc1ccc(cc1)N(c1cc2c(cc1)ccc(c2)N(c1ccc(cc1)[*])c1ccc(cc1)OC)c1ccc(cc1)OC,197.0,,
8372,[*]Oc1c(cc(cc1)C=Nc1c2c(ccc1)c(ccc2)N=Cc1cc(c(cc1)OC(=O)CCCCCCCCC(=O)[*])OC)OC,,170.0,
10768,[*]c1sc(-c2sc(-c3sc([*])c4nccnc34)c3c2OCCO3)c2c1OCCO2,,,1.0217
6057,[*]N1C(=O)c2c(C1=O)c(ccc2)Oc1ccc(cc1)C(c1ccc(cc1)Oc1c2c(C(=O)N(C2=O)c2c(cc(cc2C)c2cc(c(c(c2)C)[*])C)C)ccc1)(C)C,265.0,,
6002,[*]c1cc2c(=O)n(c(=O)c3ccc4c5c(cc6c(=O)n(c(=O)c7ccc(c1c4c23)c5c67)CCCCCCCC)Oc1ccc(cc1)C=Cc1c(cc(c(c1)OCCCCCCCC)C=Cc1ccc(cc1)O[*])OCCCCCCCC)CCCCCCCC,103.0,,
9496,[*]ON(C(F)(F)F)C(F)(C([*])(F)F)C(F)(F)F,,,6.8426
4485,[*]Oc1ccc(cc1)CC(NC(=O)Cc1ccc(cc1)OC(=O)CCCC(=O)[*])C(=O)OCCCCCCCC,38.0,,
7597,[*]NNC(=O)c1cc(ccc1)C(=O)NNC(=O)C(=O)[*],,281.75,
11435,[*]Nc1cc(NC(=O)NCCCCCCNC([*])=O)ccc1C,,,4.7413
1983,[*][Si](CCC[*])(c1ccc(cc1)C)c1ccc(cc1)C,38.0,105.0,
414,[*]C(C[*])C(=O)OCCCSC,-65.0,,
4500,[*]OC(COC(=O)/C=C\C(=O)[*])C,-14.4,,
11448,[*]C(=O)c1ccc2c(c1)C(=O)N(c1cccc(Nc3ncnc(Nc4cccc(N5C(=O)c6ccc([*])cc6C5=O)c4)n3)c1)C2=O,,,2.4957
4407,[*]Oc1ccc(cc1)CC(NC(=O)CCc1ccc(cc1)OC(=O)CCC(=O)[*])C(=O)OC,91.5,,
11887,[*]c1ccc([*])n1C(C(=O)OCC)n1cccc1,,,2.8248
8799,[*][Si](c1ccc(cc1)[*])(CC[Si](C)(C)C)c1ccccc1,,138.5,
11787,[*]c1ccc2c(c1)c1cc([*])ccc1n2CCC(=O)NO,,,3.571
5899,[*]c1cc2c(C(=O)N(C2=O)c2ccc(cc2)Oc2ccc(cc2)N2C(=O)c3c(C2=O)cc(cc3)C(=O)Nc2ccc(cc2)Oc2ccc(cc2)c2ccc(cc2)Oc2ccc(cc2)NC(=O)[*])cc1,286.0,,
7386,[*]NC(=O)CC1CC(CCC1)C[*],,297.0,
1641,[*]c1cc2c(C(=O)N(C2=O)c2ccc(cc2)S(=O)(=O)c2ccc(cc2)N2C(=O)c3c(C2=O)cc(cc3)C(=O)Nc2ccc(cc2)Cc2ccc(cc2)NC(=O)[*])cc1,324.0,,
2405,[*]C(C[*])C(=O)OCCCCCCCOC(=O)c1ccc(cc1)OC(=O)c1ccc(cc1)C#N,20.0,,
8558,[*]Oc1ccc(cc1)N=Cc1cc(c(cc1)OC(=O)c1cc(ccc1)C(=O)Oc1c(cc(cc1)C=Nc1ccc(cc1)[*])OC)OC,,180.0,
11081,[*]OC(CC([*])=O)C1CO1,,,6.757
5904,[*]c1cc2c(C(=O)N(C2=O)c2ccc(cc2)Oc2ccc(cc2)c2ccc(cc2)Oc2ccc(cc2)N2C(=O)c3c(C2=O)cc(cc3)C(=O)Nc2ccc(cc2)Oc2c(cccc2)c2c(cccc2)Oc2ccc(cc2)NC(=O)[*])cc1,233.0,382.0,
11937,[*]C=Cc1ccc(C=Cc2cc(OCCCCCCCCCCCC)c([*])cc2OC)cc1,,,3.0704
4273,[*]Oc1cc2c(C(CC2(c2ccc(cc2)OC(=O)c2cc(ccc2)C(=O)[*])C)(C)C)cc1,230.5,,
9806,[*]CCCCCCCCNC(=O)CCCCCCCCCCC(=O)N[*],,,5.8323
3666,[*]OCC(C[*])(COC(=O)C(=C)C)CC,72.5,,
3050,[*]Oc1ccc(cc1)C(c1ccc(cc1)Oc1ccc(cc1)C(=O)c1cc(ccc1)C(=O)c1ccc(cc1)[*])(C)C,153.0,,
12269,[*]C(F)(F)C(F)(F)C(=S)O[*],,,3.598
3049,[*]Oc1ccc(cc1)C(=O)OCCOCCOC(=O)c1ccc(cc1)OC(=O)[*],51.0,,
4469,[*]Oc1ccc(cc1)CC(NC(=O)Cc1ccc(cc1)OC(=O)CCC(=O)[*])C(=O)OCCCCCC,59.0,,
5503,[*]c1cc2c(C(=O)N(C2=O)c2c3c(ccc2)c(ccc3)N2C(=O)c3c(C2=O)cc(cc3)C(=O)Nc2ccc(cc2)C(c2ccc(cc2)NC(=O)[*])(C(F)(F)F)C(F)(F)F)cc1,250.0,,
1863,[*]Oc1ccc(cc1)C(c1ccc(cc1)OC(=O)[*])(c1ccccc1)C,180.0,220.0,
2871,[*]Oc1c(cc(cc1Br)[*])Br,196.0,,
5697,[*]N1C(=O)c2c(C1=O)cc(cc2)c1cc2c(C(=O)N(C2=O)c2cc(ccc2)OCCCCCCCCCCCCOc2cc(ccc2)[*])cc1,116.0,,
7520,[*]NC(=O)c1cc(ccc1)C(=O)NCCCCCCCCCC[*],,186.0,
11153,[*]OC(CCl)COC(=O)C1=C(C(=O)OCC(CCl)OC(=O)c2ccc(C([*])=O)cc2)C2C=CC1C2,,,3.8265
4444,[*]Oc1ccc(cc1)CC(NC(=O)CCc1ccc(cc1)OC(=O)CCC(=O)[*])C(=O)OCCOCCOCC,34.0,,
1974,[*]c1nc(nc(n1)N(CCCCCCCCCCN([*])c1ccccc1)c1ccccc1)c1ccccc1,62.0,,
156,[*]C(C[*])c1cc(c(cc1)Cl)C,114.0,,
7123,[*]C1OC(CC1)CCC(=O)OC(=O)CC[*],,135.0,
7443,[*]NC(=O)CCCCCCCCCCC(=O)NC[*],,258.925,
3993,[*]Oc1ccc(cc1)Nc1ccc(cc1)N=Nc1ccc(cc1)Nc1ccc(cc1)[*],169.0,,
11049,[*]CCCCCCOC(=O)Cc1ccc(CC(=O)O[*])cc1,,,5.3668
4865,[*]NC(=O)c1c(cc(cc1)C(=O)NCCCCCCCCCC[*])Oc1ccccc1,94.0,139.0,
6876,[*]c1c(c(c(c(c1)N=Cc1ccc(cc1)F)O)[*])C,156.0,,
8711,[*]SC(=O)c1cc(ccc1)C(=O)SCc1ccc(cc1)Cc1ccc(cc1)C[*],,193.0,
474,[*]C(C[*])(C(=O)Oc1ccc(cc1)CC#N)C,128.0,,
10078,[*]Cc1cc(COC(=O)Nc2ccc(Cc3ccc(NC(=O)O[*])cc3)cc2)cc(C(C)(C)C)c1,,,4.7039
1747,[*]N1C(=O)c2c(C1=O)c(ccc2)Oc1cc(ccc1)Oc1c2c(C(=O)N(C2=O)c2ccc(cc2)Oc2ccc(cc2)[*])ccc1,226.0,,
9045,[*]n1c(=O)c2cc3c(cc2c1=O)c(=O)n(c3=O)C1C(CC(CC1)CC1CC(C(CC1)[*])C)C,,489.0,
8983,[*]c1sc(cc1)[Si]([*])(c1ccccc1)C,,135.75,
8227,[*]OCC([*])CCCCCCCCC(=O)Oc1ccc(cc1)c1ccc(cc1)C(=O)Oc1c(ccc(c1)OC(=O)c1ccc(cc1)c1ccc(cc1)OC(=O)CCCCCCCCC[*]O[*])Cl,,142.0,
5700,[*]C1C(=O)N(C(=O)C1[*])CCCOc1ccc(cc1)c1ccc(cc1)C#N,130.0,,
11034,[*]OC(C)CCOC(=O)CCCC([*])=O,,,6.5929
10321,[*]CCc1c(C)c(C)c([*])c(C)c1C,,,4.9544
7263,[*]N1C(CN(CC1)C(=O)c1ccc(cc1)S(=O)(=O)c1ccc(cc1)C(=O)[*])C,,350.0,
6654,[*]N(C(C[*])CC)C(=O)CCCC,50.67,212.4285714,
1654,[*]N1C(=O)c2c(C1=O)cc(cc2)c1cc2c(C(=O)N(C2=O)c2ccc(cc2)Oc2ccc(cc2)C(=O)c2cc(ccc2)C(=O)c2ccc(cc2)Oc2ccc(cc2)[*])cc1,222.0,,
8712,[*]SC(=O)c1ccc(cc1)C(=O)SCc1ccc(cc1)Cc1ccc(cc1)C[*],,252.5,
3357,[*]OC(=O)OCCOCC[*],-40.0,,
10966,[*]c1sc([*])c(OCCCCCC)c1C,,,3.4475
10150,[*]C(=O)Nc1ccc(Oc2ccc(NC(=O)c3ccc4c(c3)C(=O)N(c3ccc(S(=O)(=O)c5ccc(N6C(=O)c7ccc([*])cc7C6=O)cc5)cc3)C4=O)cc2)cc1,,,2.7174
6940,[*]C#CC(=C([*])CCCCOC(=O)NCCCCCC)CCCCOC(=O)NCCCCCC,,207.85,
1829,[*]c1cc2c(C(=O)N(C2=O)c2cc(cc(c2)c2nc3c([nH]2)cccc3)N2C(=O)c3c(C2=O)cc(cc3)C(=O)[*])cc1,197.0,,
6389,[*]C1(C(=O)OC(=O)C1(C(C[*])OCC(C)C)C)C,219.0,,
9467,[*]c1ccc(-c2nc3cc4nc([*])oc4cc3o2)cc1,,,2.6504
11066,[*]CC1CCC(COC(=O)c2ccc(NC(=O)O[*])cc2)CC1,,,4.5441
9038,[*]n1c(=O)c2c(c3c(c(c2c1=O)Oc1ccc(cc1)OCCCCCCCC)c(=O)n(c3=O)c1ccc(cc1)Oc1ccc(cc1)[*])Oc1ccc(cc1)OCCCCCCCC,,345.0,
10623,[*]CC(CO[*])(CS(=O)(=O)CCCCC)CS(=O)(=O)CCCCC,,,5.21
6323,[*]c1cc2c(C(=O)N(C2=O)c2ccc(cc2)Sc2ccc(cc2)Oc2ccc(cc2)Sc2ccc(cc2)N2C(=O)c3c(C2=O)cc(cc3)C([*])(C(F)(F)F)C(F)(F)F)cc1,232.67,,
9506,[*]c1ccc(Oc2ccc(-c3nc4cc5sc([*])nc5cc4s3)cc2)cc1,,,3.2878
9761,[*]CC(F)(F)C(F)(F)C(F)(F)COC(=O)c1cccc(-c2cccc(C(=O)O[*])c2)c1,,,4.3076
3756,[*]Oc1ccc(cc1)N(c1ccc(cc1)c1ccc(cc1)N(c1ccc(cc1)OCCCCCCCCCCCC[*])c1ccccc1)c1ccccc1,92.0,,
3956,[*]OCC(C[*])(COCCCCCCCCCCOc1ccc(cc1)c1ccc(cc1)C#N)C,7.0,,
5581,[*]c1cc2c(C(=O)N(C2=O)c2ccc(cc2)C(c2ccc(cc2)N2C(=O)c3c(C2=O)cc(cc3)C(=O)c2cc(cc(c2)C(C)(C)C)C(=O)[*])(C(F)(F)F)C(F)(F)F)cc1,267.5,,
6931,[*]=Nc1ccc(cc1)N=Cc1c(cc(c(c1)OCCCCCCCCCCCCCC)C=[*])OCCCCCCCCCCCCCC,,260.0,
10105,[*]C(=O)OC1CCC(OC(=O)N2CCN([*])CC2)CC1,,,5.8355
11077,[*]Oc1ccc(OC(=O)c2ccc(C([*])=O)cc2)cc1CCCCCCC,,,3.6219
4038,[*]Oc1ccc(cc1)Oc1ccc(cc1)Nc1ccc(cc1)S(=O)(=O)c1ccc(cc1)Nc1ccc(cc1)[*],144.6,,
7775,[*]OC(=O)CCCCCC(=O)OCCCCC[*],,45.66666667,
8542,[*]Oc1ccc(cc1)C=C1C(=O)C(=Cc2ccc(cc2)OCCCCCCCC[*])CC(C1)C,,120.0,
11336,[*]Nc1ccc(NC(=O)c2cc(C([*])=O)c(C(=O)O)cc2C(=O)O)cc1,,,3.0773
7949,[*]OC(=O)NCCSCCSCCNC(=O)OCCCCCC[*],,137.5,
5712,[*]N1C(=S)N(C(=O)CC1=O)c1ccc(cc1)Oc1cc2c(cc1)ccc(c2)Oc1ccc(cc1)[*],151.5,,
4554,[*]OC(=O)CCC#CC#CCCC(=O)OCCN(CC[*])c1ccc(cc1)[N+](=O)[O-],30.0,,
5215,[*]N1C(=O)c2c(C1=O)cc(cc2)Oc1ccc(cc1)c1ccc(cc1)Oc1cc2c(C(=O)N(C2=O)c2ccc(cc2)Oc2ccc(cc2)c2ccc(cc2)Oc2ccc(cc2)[*])cc1,220.0,361.0,
8753,[*]SSCCSSCCCC[*],,92.0,
1417,[*]NC(=O)c1ccc(cc1)C(=O)NCCCCCCCCC[*],115.0,327.0,
3342,[*]OP(=O)(Oc1c(cc(cc1C)S(=O)(=O)c1cc(c(c(c1)C)[*])C)C)Oc1ccc(cc1)C,128.0,,
1679,[*]c1cc2c(C(=O)N(C2=O)c2ccc(cc2)N(C(=O)c2cc(ccc2)N2C(=O)c3c(C2=O)cc(cc3)C(=O)[*])C)cc1,260.5,,
847,[*]c1nc2c(nc1)cc(cc2)c1cc2c(nc(cn2)c2ccc(cc2)Oc2ccc(cc2)Oc2ccc(cc2)Oc2ccc(cc2)[*])cc1,133.0,,
2741,[*]C(C[*])(C(=O)OC1CCCCCCCCCCC1)C,56.0,,
4388,[*]Oc1ccc(cc1)C(=O)OC(COC(=O)c1ccc(cc1)OC(=O)c1ccc(cc1)C(=O)[*])C,87.0,262.0,
3877,[*]C1COC2C1OCC2Oc1ccc(cc1)CNC(=O)c1ccc(cc1)C(=O)NCc1ccc(cc1)O[*],122.0,234.0,
8649,[*]S(=O)(=O)NC(=O)CCCCCCCCC(=O)Nc1ccc(cc1)[*],,117.0,
1837,[*]OC(=O)c1ccc(cc1)C(c1ccc(cc1)C(=O)[*])(C)C,100.0,236.8333333,
9819,[*]CC1CCC(CNC(=O)c2cc(C(=O)N[*])cc(C(C)(C)C)c2)CC1,,,4.8744
4724,[*]c1ncc(cc1)C(=O)NNC(=O)c1ccc(cc1)[Si](c1ccc(cc1)C(=O)NNC(=O)[*])(c1ccccc1)c1ccccc1,256.0,,
2033,[*]N=P([*])(OCC)OCC,-87.33,,
10411,[*]CCC(C)=C([*])Cl,,,5.0263
12091,[*]CC(=O)OC(=S)[*],,,3.6315
3596,[*]C1(c2c(C(=O)O1)cccc2)c1ccc(cc1)Oc1ccc(cc1)Oc1c2c(c(cc1)c1c3c(c(cc1)Oc1ccc(cc1)Oc1ccc(cc1)[*])cccc3)cccc2,198.0,,
3559,[*]c1oc(nc1)c1cc(c(cc1)Oc1ccc(cc1)C(c1ccc(cc1)Oc1c(cc(cc1)[*])C(F)(F)F)(C(F)(F)F)C(F)(F)F)C(F)(F)F,205.0,,
8165,[*]OC(C[*])COc1c(cccc1C)C,,125.0,
12418,[*]C(c1ccc(N(C)C)cc1)C([*])c1ccc([N+](=O)[O-])cc1,,,2.3431
3076,[*]Oc1ccc(cc1)C1(c2ccccc2c2ccccc12)c1ccc(cc1)Oc1ccc(cc1)C(=O)c1ccc(cc1)[*],252.0,,
1971,[*]c1nc(nc(n1)N(CCCCCCN([*])c1ccccc1)c1ccccc1)C,67.0,,
2903,[*]Oc1ccc(cc1)C1(c2ccccc2c2ccccc12)c1ccc(cc1)Oc1c(c(c(c(c1F)F)C(=O)c1c(c(c(c(c1F)F)[*])F)F)F)F,223.0,,
9708,[*]CCCCCCOC(=O)CCCCCC(=O)O[*],,,6.502
789,[*]Oc1c2c(c(cc1)c1c3c(c(cc1)OCCCCCCC[*])cccc3)cccc2,129.5,239.0,
7403,[*]NC(=O)CCCCC(=O)NCc1ccc(cc1)C[*],,336.5,
6193,[*]N1C(=O)c2c(C1=O)cc(cc2)NC(=O)OCCOc1ccc(cc1)P(=O)(c1ccc(cc1)OCCOC(=O)Nc1cc2c(C(=O)N(C2=O)c2cc(ccc2)P(=O)(c2cc(ccc2)[*])c2ccccc2)cc1)c1ccccc1,218.0,,
2566,[*]C(C[*])(C(=O)OCc1c(cccc1F)F)C,82.0,,
12101,[*]CC(=S)NC(=S)[*],,,2.5403
11212,[*]C(=O)C=CC(=O)N1CC(C)N([*])CC1C,,,4.123
2180,[*]C(C[*])(c1ccc(cc1)C(O)C(F)(F)F)C,199.0,,
1715,[*]c1cc2c(C(=O)N(C2=O)c2ccc(cc2)Oc2ccc(cc2)C(c2ccc(cc2)Oc2ccc(cc2)N2C(=O)c3c(C2=O)cc(cc3)C(=O)[*])(C)C)cc1,287.73,,
3765,[*]Oc1ccc(cc1)S(=O)(=O)c1ccc(cc1)Oc1c(cc(c(c1C)Br)C(c1c(c(c(c(c1)C)[*])C)Br)(C)C)C,275.4,,
8169,[*]OC(C[*])COc1ccc(cc1)C,,173.5,
1684,[*]c1cc2c(C(=O)N(C2=O)c2ccc(cc2)Oc2ccc(cc2)C(=O)c2cc(ccc2)C(=O)c2ccc(cc2)Oc2ccc(cc2)N2C(=O)c3c(C2=O)cc(cc3)C(=O)[*])cc1,227.82,361.5818182,
8354,[*]Oc1c(cc(cc1)C(c1cc(c(cc1)OC(=O)c1c(cccc1)C=Cc1ccc(cc1)C=Cc1c(cccc1)C(=O)[*])C)(C)C)C,,300.0,
1717,[*]N1C(=O)c2c(C1=O)cc(cc2)Oc1ccc(cc1)Sc1ccc(cc1)Oc1cc2c(C(=O)N(C2=O)c2cc(ccc2)S(=O)(=O)c2cc(ccc2)[*])cc1,217.67,,
9388,[*]Oc1ccc(Oc2ccc(OC([*])=O)cc2)cc1,,,4.7541
5336,[*]c1cc2c(C(=O)N(C2=O)c2ccc(cc2)C2(c3ccccc3c3ccccc23)c2ccc(cc2)N2C(=O)c3c(C2=O)cc(cc3)C(=O)[*])cc1,368.2,,
5869,[*]C1C2C(ON1C)C(=O)N(C2=O)c1ccc(cc1)N1C(=O)C2C(C(N(O2)C)c2ccc(cc2)OCCCCCCOc2ccc(cc2)[*])C1=O,52.0,,
4571,[*]O[Si](CCCC(=O)Oc1ccc(cc1)C=Nc1ccc(cc1)Cc1ccc(cc1)N=Cc1ccc(cc1)OC(=O)CCC[Si]([*])(C)C)(C)C,68.0,98.0,
2821,[*]c1nc(c(c(c1F)OCC(C(C(COc1c(c(nc(c1F)F)OCC(C(C(CO[*])(F)F)(F)F)(F)F)F)(F)F)(F)F)(F)F)F)F,-10.0,,
9026,[*]c1sc(nn1)c1cc(ccc1)OCCCCCCCCCCCOC(=O)CCCCC(=O)OCCCCCCCCCCCOc1ccc(cc1)[*],,87.0,
3506,[*]Oc1ccc(cc1)CC(NC(=O)CCc1ccc(cc1)OC(=O)COCCOCC(=O)[*])C(=O)OC(C)C,58.0,,
6371,[*]N1C(=O)c2c(C1=O)cc(cc2)S(=O)(=O)c1cc2c(C(=O)N(C2=O)c2ccc(cc2)N(c2ccc(cc2)[*])c2ccc(cc2)N(C)C)cc1,331.0,,
9335,[*]CCSSSSCCO[*],,,4.5753
1440,[*]NC(=O)CCC[*],62.18,260.07,
7857,[*]OC(=O)CCS(=O)(=O)CCS(=O)(=O)CCC(=O)[*],,265.0,
10267,[*]CC(C)(C)CS(=O)(=O)CC(C)(C)COC(=O)O[*],,,6.8436
8815,[*][Si](c1ccc(cc1)[*])(c1ccc(cc1)OC)C,,155.0,
7658,[*]Nc1ccc(cc1)NC(=O)c1c(cc(cc1)C(=O)[*])SCCCCCCCC,,400.0,
5810,[*]c1cc2c(C(=O)N(C2=O)c2cc(ccc2)Oc2c(ccc(c2)Oc2cc(ccc2)N2C(=O)c3c(C2=O)cc(cc3)C([*])(C(F)(F)F)C(F)(F)F)P(=O)(c2ccccc2)c2ccccc2)cc1,230.0,,
1925,[*]N(CCC[*])C(=O)CC,8.0,,
92,[*]C(C[*])c1ccc(cc1)C(C(C(C(C(C(C(F)(F)F)(F)F)(F)F)(F)F)(F)F)(F)F)(F)F,42.0,,
1543,[*]OC(=O)NCCCCCCCCCCNC(=O)OCCCCCCCCCCCCCCCC[*],34.0,128.0,
8176,[*]OC(CC[*])(C(F)(F)F)C(F)(F)F,,100.0,
647,[*]Oc1ccc(cc1)C(=O)OC(=O)c1ccc(cc1)OCCCC[*],45.0,198.0,
4286,[*]OC(CCOC(=O)C(C(=O)[*])CCCCCCOc1ccc(cc1)N=Cc1ccc(cc1)[N+](=O)[O-])C,3.0,,
9479,[*]CCOCCOCC#CC#CCOCCOCCOC(=O)NCCCCCCNC(=O)O[*],,,4.9082
1894,[*]Oc1ccc(cc1)C(c1ccc(cc1)OC(=S)[*])(CC)c1ccccc1,173.0,,
4139,[*]c1cc2Sc3c(Sc2cc1)cc(cc3)C(=Cc1c(cc(c(c1)OCCCCCCCC)C=C([*])c1ccccc1)OCCCCCCCC)c1ccccc1,93.0,,
347,[*]C(C[*])C(=O)OCC(C(C(C(C(C(C(F)(F)F)(F)F)(F)F)(F)F)(F)F)(F)F)(F)F,-17.0,,
6617,[*]N(CC[*])C(=O)C(OC)(c1ccccc1)C(F)(F)F,89.0,,
9212,[*]CC([*])C(=O)OC(C)CC(C)C,,,6.3605
4097,[*]c1n(c(cc1)c1sc(cc1)c1sc(cc1)c1sc(cc1)[*])CCCCCCCCCCCC,53.0,106.0,
12359,[*]OC1(F)CC(C([*])C)C1C(F)(F)C1(F)CC1,,,7.2672
2509,[*]C(C[*])(C(=O)OCCCOc1cc2c(cc1)cc(cc2)C(=O)Oc1ccccc1)C,84.0,,
5432,[*]c1cc2c(C(=O)N(C2=O)c2cc(ccc2)OP(=O)(Oc2cc(ccc2)N2C(=O)c3c(C2=O)cc(cc3)C(=O)[*])c2ccccc2)cc1,176.5,,
9910,[*]CCCCCCCCCCNC(=O)C(C)=C(C)C(=O)N[*],,,4.9889
9922,[*]NC1CCC(CCC2CCC(NC(=O)CCCCCCCCCCC([*])=O)CC2)CC1,,,5.7235
8613,[*]Oc1ccc(cc1)Oc1ccc(cc1)Oc1ccc(cc1)Oc1ccc(cc1)OC(=O)c1ccc(cc1)Oc1ccc(cc1)Oc1ccc(cc1)C(=O)[*],,282.0,
6720,[*]O[Si](O[Si](c1ccc(cc1)[Si]([*])(C)C)(C)C)(C=C)C=C,-71.0,,
11260,[*]CCCCCCNC(=O)C(O)C(O)C(=O)N[*],,,5.8031
11101,[*]Oc1ccc(OC(=O)Oc2ccc(C([*])=O)cc2)cc1,,,4.5384
6408,[*]Oc1ccc(cc1)C(c1ccc(cc1)OC(=O)[*])C1CCCCC1,190.0,,
11668,[*]Oc1ccc(C(C)=Cc2ccc(OC(=O)OCCCCCOC([*])=O)cc2)cc1,,,4.0595
8311,[*]OCc1cc(cc(c1)OCCCCCCCCCCCCCCCC)COCCOCCOCCOCC[*],,33.13333333,
9387,[*]CC(=O)OC(=O)COc1ccc(C(C)(C)c2ccc(O[*])cc2)cc1,,,4.2779
2098,[*]c1c(cc(cc1)CC[*])Cl,63.69,288.0,
12313,O([*])c1ccc(cc1)C(=O)Nc1ccc(cc1)S(=O)(=O)c1ccc(cc1)NC(=O)c1ccc(cc1)([*]),,,3.8301
6874,[*]c1c(cc(c(c1)OC)C=C[*])OCCc1ccccc1,111.2,,
5951,[*]N1C(=O)C2CCC3C(C2C1=O)C(=O)N(C3=O)c1c(cc(cc1)Cc1cc(c(cc1)[*])C)C,340.0,,
2692,[*]C(C[*])(C(=O)OCCCCCCOc1ccc(cc1)C(=O)Oc1ccc(cc1)C(=O)C=Cc1c(c2c(n1CCCC)cccc2)C)C,85.0,189.0,
5620,[*]N1C(=O)c2c(C1=O)cc(cc2)C(=O)Nc1ccc(cc1)Oc1c(c(c(c(c1F)F)Oc1ccc(cc1)NC(=O)C[*])F)F,254.0,,
5445,[*]N1C(=O)c2c(C1=O)cc(cc2)S(=O)(=O)c1cc2c(C(=O)N(C2=O)c2c(cc(cc2C)c2cc(c(c(c2)C)[*])C)C)cc1,290.0,,
5142,[*]c1cc2c(C(=O)N(C2=O)c2ccc(cc2)Cc2ccc(cc2)N2C(=O)c3c(C2=O)cc(cc3)C(=O)c2ccc(cc2)Oc2ccc(cc2)c2ccc(cc2)Oc2ccc(cc2)C(=O)[*])cc1,241.0,,
1631,[*]c1cc2c(C(=O)N(C2=O)c2ccc(cc2)Oc2ccc(cc2)N2C(=O)c3c(C2=O)cc(cc3)C(C(C([*])(F)F)(F)F)(F)F)cc1,216.5,,
10724,[*]OC1C(COCO)OC([*])C(O)C1O,,,5.9663
1233,[*]OC(=O)c1c(c(ccc1)C(=O)OCC(C(C(C[*])(F)F)(F)F)(F)F)OCCCCC,17.0,,
3425,[*]Oc1ccc(cc1)S(=O)(=O)c1ccc(cc1)Oc1cc(ccc1)NC(=O)c1c(cc(cc1)c1cc(c(cc1)C(=O)Nc1cc(ccc1)[*])C)C,220.0,,
1928,[*]c1nc2c(nc1)ccc(c2)c1ccc2c(nc(cn2)c2ccc(cc2)c2ccc(cc2)c2ccc(cc2)[*])c1,305.0,,
7950,[*]OC(=O)NCc1ccc(cc1)CNC(=O)OCCCC[*],,227.0,
12401,[*]Nc1ccc(NC(=O)CCC([*])=O)cc1,,,4.4554
8317,[*]OP(=O)(OCCCCCCCCCCOc1ccc(cc1)C=Cc1ccc(cc1)OCCCCCCCCCC[*])Oc1c2c(ccc1)cccc2,,131.0,
2085,[*]c1c(cc(cc1)CC[*])C,54.38,213.3333333,
11146,[*]Oc1ccc(CCNC(=O)c2cccc(C([*])=O)c2)cc1,,,4.1401
10097,[*]CC(C)(C)COC(=O)Nc1ccc(C)c(NC(=O)O[*])c1,,,5.1704
469,[*]C(C[*])(C(=O)OCC1(COCOC1)C)C,142.0,,
7743,[*]OC(=O)CCCC(=O)OCC[*],,-16.375,
9493,[*]c1ccc(Oc2ccc(-c3cnc4cc(Oc5ccc6nc([*])cnc6c5)ccc4n3)cc2)cc1,,,3.1068
3801,[*]Oc1ccc(cc1)C(=Cc1ccc(cc1)OCC(COC(=O)CCCCC(=O)OCC(C[*])O)O)C,33.0,,
7903,[*]OC(=O)NC1CCC(CC1)NC(=O)OCC[*],,250.0,
1882,[*]Oc1ccc(cc1)C(c1ccc(cc1)OC(=S)[*])C(C)C,135.0,,
7802,[*]OC(=O)CCCCCCCC(=O)OCc1ccc(cc1)C[*],,65.0,
11525,[*]c1ccc(S(=O)(=O)c2ccc(N3C(=O)c4ccc(Oc5ccc(Oc6ccc7c(c6)C(=O)N([*])C7=O)cc5)cc4C3=O)cc2)cc1,,,3.2399
1484,[*]NC(C(=O)[*])CCC(=O)OCCCCCC,-48.33,,
5706,[*]C1C(=O)N(C(=O)C1C(C[*])c1ccccc1)CCCOc1ccc(cc1)c1ccc(cc1)C#N,130.0,,
3967,[*]OC(OC(=O)c1cc(ccc1)C(=O)OC(OCC1CCC(CC1)C[*])C)C,30.0,,
11082,[*]OC(C)C(=O)OCC([*])=O,,,5.9109
11662,[*]CC(OC(=O)C(=O)OCC)C(COC(=O)O[*])OC(=O)C(=O)OCC,,,5.2047
9295,[*]CC(O[*])c1ccccc1,,,5.2866
3968,[*]OC(OC(=O)c1c2c(c(cc1)C(=O)OC(OCC1CCC(CC1)C[*])C)cccc2)C,60.0,,
10324,[*]C1CC2C3CC4C(C3[*])C24C1,,,5.9559
7344,[*]NC(=O)C(C(=O)NCCCCCC[*])CCCCCC,,144.5,
1972,[*]c1nc(nc(n1)N(CCCCCCCCCCN([*])c1ccccc1)c1ccccc1)C,48.0,,
528,[*]C(C[*])C(=O)OCCCCOc1ccc(cc1)N=Nc1ccc(cc1)[N+](=O)[O-],36.7,,
2464,[*]C(C[*])C(=O)OCCCCCCCCn1c2ccccc2c2ccccc12,12.0,,
53,[*]C(C[*])c1c(cccc1)COCCc1ccccc1,63.0,,
631,[*]Oc1ccc(cc1)CCC(=O)NCCCCCCNC(=O)C[*],72.0,226.0,
5937,[*]N1C(=O)c2c(C1=O)c(ccc2)Oc1c2c(C(=O)N(C2=O)c2ccc(cc2)Oc2ccc(cc2)[*])ccc1,292.5,,
7162,[*]N(C(=O)[*])CCCCCCCCCCCCCCCCCC,,94.0,
7762,[*]OC(=O)CCCCC(=O)OCCCCCC(=O)Nc1ccc(cc1)NC(=O)CCCCC[*],,163.5,
4151,[*]c1sc(cc1c1ccc(cc1)C(=C1C=C(C(=O)C(=C1)C(C)(C)C)C(C)(C)C)c1cc(c(c(c1)C(C)(C)C)OC(=O)C)C(C)(C)C)[*],-4.3,,
4094,[*]S(=O)c1ccc(cc1)Sc1cc(ccc1)Sc1ccc(cc1)[*],121.0,254.0,
1414,[*]NC(=O)c1ccc(cc1)C(=O)NCCCCCCCCCCCC[*],130.0,296.25,
9078,[*]n1c(=O)c2cc3c(cc2c1=O)c(=O)n(c3=O)c1cc(c(cc1)OCCCC[Si](O[Si](O[Si](O[Si](CCCCOc1c(cc(cc1)[*])C)(C)C)(C)C)(C)C)(C)C)C,,197.0,
11974,[*]CC([*])(F)C(=O)OCC(Cl)(Cl)Cl,,,6.1654
1618,[*]N1C(=O)C2OC3C(C2C1=O)C(=O)N(C3=O)c1ccc(cc1)c1c(nc2c(n1)cc(cc2)C(=O)c1cc2c(nc(c(n2)c2ccc(cc2)[*])c2ccccc2)cc1)c1ccccc1,255.0,,
3651,[*]C1COC2C1OCC2OC(=O)C(NC(=O)CCCCCCCC(=O)NC(C(=O)O[*])C)C,46.0,,
3189,[*]c1c([nH]c(n1)c1ccc(cc1)c1[nH]c(c(n1)c1ccc(cc1)Oc1ccc(cc1)C(=O)c1ccc(cc1)Oc1ccc(cc1)C(=O)c1ccc(cc1)Oc1ccc(cc1)[*])c1ccccc1)c1ccccc1,245.0,,
3463,[*]Oc1cc(ccc1)Oc1ccc(cc1)NC(=O)c1cc(cc(c1)NC(=O)c1ccc(cc1)OC(=O)C)C(=O)Nc1ccc(cc1)[*],230.0,,
8066,[*]OC(=O)c1ccc(cc1)C(=O)NCCCNC(=O)c1ccc(cc1)C(=O)OCCCC[*],,193.0,
7133,[*]C=CC(C([*])C(=O)O)CN,,340.35,
953,[*]Oc1ccc(cc1)S(=O)(=O)c1ccc(cc1)OCC(CN(S(=O)(=O)c1cc(ccc1)S(=O)(=O)N(CC(C[*])O)C)C)O,100.0,,
6520,[*]N(CC[*])CC[Si](C)(C)C,-65.6,,
4129,[*]Sc1ccc(cc1)Nc1ccc(cc1)Nc1ccc(cc1)[*],114.0,,
11963,[*]C=Cc1ccc([*])c2ccc(CCCCCC)cc12,,,2.3017
8294,[*]OCCCCCNC(=O)CCCCCOCCCCCC(=O)NCCCCC[*],,127.0,
7584,[*]NNC(=O)CCC(=O)NNC(=O)CCCCCCCCC(=O)[*],,300.0,
706,[*]OC(CC[*])C,-50.0,,
10910,[*]c1ccc2cc(-c3nc4cc5sc([*])nc5cc4s3)ccc2c1,,,3.27
118,[*]C(C[*])c1ccc(cc1)C(=O)OC(C)C,95.0,,
6873,[*]c1cc2C(c3c(c2cc1)ccc(c3)C(=Cc1cc(cc(c1)N(c1ccccc1)c1ccccc1)C=C([*])C#N)C#N)(CCCCCCCC)CCCCCCCC,136.0,,
11114,[*]Oc1c(C)cc(C2(c3cc(C)c(OC(=O)c4cc(C([*])=O)cc(C(C)(C)C)c4)c(C)c3)CC(C)CC(C)(C)C2)cc1C,,,3.335
6823,[*]c1c(cc(cc1)[*])C(=O)c1ccc(cc1)F,194.0,,
1885,[*]Oc1ccc(cc1)C1(CCCCC1)c1ccc(cc1)OC(=S)[*],155.0,,
9929,[*]CCCCCCCCCCC(=O)N([*])C,,,5.7405
11752,[*]C1=NC2=CC([*])C=CC2=C1,,,3.2065
8641,[*]S(=O)(=O)CC(C[*])(CC)C,,280.0,
2939,[*]Oc1cc(ccc1)NC(=O)CCCCCCC(=O)Nc1cc(ccc1)OCC(COc1ccc(cc1)C(c1ccc(cc1)OCC(C[*])O)(C)C)O,92.0,,
981,[*]Oc1c(cc(cc1)Oc1ccc(cc1)C(=O)Nc1ccc(cc1)Oc1ccc(cc1)S(=O)(=O)c1ccc(cc1)Oc1ccc(cc1)NC(=O)c1ccc(cc1)[*])C,217.0,,
5950,[*]N1C(=O)C2CCC3C(C2C1=O)C(=O)N(C3=O)c1ccc(cc1)Cc1ccc(cc1)[*],341.0,,
6187,[*]N1C(=O)c2c(C1=O)cc(cc2)NC(=O)OCCOc1ccc(cc1)C(c1ccc(cc1)OCCOC(=O)Nc1cc2c(C(=O)N(C2=O)c2cc(ccc2)P(=O)(c2cc(ccc2)[*])C)cc1)(C(F)(F)F)C(F)(F)F,204.0,,
7844,[*]OC(=O)CCCCS(=O)(=O)CCCCC(=O)OCCOCC[*],,66.5,
6451,[*]Oc1c(cc(cc1)C(c1cc(c(cc1)OC(=O)[*])Cl)(C)C)C,138.0,,
3759,[*]OP(=O)(N=Nc1ccc(cc1)COC(=O)c1cc(cc(c1)C(C)(C)C)C(=O)OCc1ccc(cc1)N=NP(=O)(OCCCCCC[*])OC)OC,62.0,,
3114,[*]Oc1cc(c(cc1)S(=O)(=O)c1c(cc(cc1)Oc1ccc(cc1)C(c1ccc(cc1)[*])(C)C)N)N,210.5,,
10839,[*]Cc1ccc(COC(=O)CCCCSCCCCC(=O)O[*])cc1,,,4.7687
8996,[*]c1sc(cc1)c1sc(cc1)[Si]([*])(c1ccccc1)C,,183.0,
3503,[*]Oc1ccc(cc1)CC(NC(=O)CCc1ccc(cc1)OC(=O)COCCOCC(=O)[*])C(=O)OC,63.0,,
1884,[*]Oc1ccc(cc1)C1(CCCC1)c1ccc(cc1)OC(=S)[*],79.0,,
5149,[*]c1cc2c(C(=O)N(C2=O)c2ccc(cc2)Oc2ccc(cc2)N2C(=O)c3c(C2=O)cc(cc3)C(=O)c2ccc(cc2)Oc2ccc(cc2)C(c2ccc(cc2)Oc2ccc(cc2)C(=O)[*])(C)C)cc1,229.0,,
3228,[*]OP(=O)(Oc1c(cc(cc1Br)C(c1cc(c(c(c1)Br)[*])Br)(C(F)(F)F)C(F)(F)F)Br)Oc1ccccc1,140.0,,
2794,[*]Oc1c(cc(cc1)S(=O)(=O)c1cc(c(cc1)OCC(C[*])O)C)C,132.5,,
1165,[*]Oc1ccc(cc1)OC(=O)CCCCC(=O)[*],90.0,232.2,
683,[*]c1nc2c(nc1)ccc(c2)Oc1ccc2c(nc(cn2)c2ccc(cc2)[*])c1,306.0,,
4224,[*]c1sc(cc1)C(=O)Oc1ccc(cc1)[Si](c1ccc(cc1)OC(=O)[*])(c1ccccc1)C,-71.0,62.0,
2,[*]C(C[*])CC,-22.54,114.3407895,
5801,[*]N1C(=O)c2c(C1=O)cc(cc2)c1cc2c(C(=O)N(C2=O)c2c(cc(cc2)Cc2cc(c(cc2)[*])C(C)(C)C)C(C)(C)C)cc1,324.0,,
579,[*]OC([*])CCC,-41.0,225.0,6.6355
11920,[*]c1ccc([*])c(C(=O)c2ccccc2)c1,,,3.9696
1650,[*]N1C(=O)c2c(C1=O)cc(cc2)c1cc2c(C(=O)N(C2=O)c2c(cc(cc2)c2cc(c(cc2)[*])C)C)cc1,300.67,,
4003,[*]C1=CC(=C(C#N)C#N)C=C(O1)C=Cc1sc(c(c1CCCCCC)CCCCCC)c1sc(cc1)c1sc(cc1)c1sc(cc1)c1sc(c(c1CCCCCC)CCCCCC)C=C[*],134.0,,
10812,[*]Oc1ccc(N=Cc2ccc(N(c3ccccc3)c3ccc(C=Nc4ccc([*])cc4)cc3)cc2)cc1,,,2.7442
333,[*]C(C[*])C(=O)OC(C)(C)C,40.66,196.0,
8912,[*]c1nc2c([nH]1)cc(cc2)c1ccc2c(nc([nH]2)c2ccc(cc2)C(=O)c2ccc(cc2)[*])c1,,132.0,
4960,[*]OC(=O)NCCCCCCNC(=O)OCCN(CC[*])CCCCCCOc1ccc(cc1)C=Cc1ccc(cc1)[N+](=O)[O-],29.05,95.0,
4755,[*]Nc1cc(ccc1)NC(=O)Cc1c(cc(c(c1)C)CC(=O)[*])C,249.0,,
1125,[*]OC(=O)CCCCCCCCCCCC[*],-41.37,94.85,
1023,[*]c1cc2c(C(=O)N(C2=O)c2cc(ccc2)Oc2ccc(cc2)N2C(=O)c3c(C2=O)cc(cc3)c2c(c(c(c(c2c2ccccc2)c2ccccc2)c2ccc(cc2)Sc2ccc(cc2)c2c(c(c(c(c2c2ccccc2)c2ccccc2)[*])c2ccccc2)c2ccccc2)c2ccccc2)c2ccccc2)cc1,300.0,,
8093,[*]OC(=O)c1ccc(cc1)C(=O)OCCCCCCCCCCCCCCCCCCCC[*],,109.25,
2316,[*]C(=C([*])c1ccccc1)c1ccc(cc1)[Si](C(C)C)(C(C)C)C(C)C,250.0,,
3178,[*]Oc1ccc(cc1)NC(=C(C#N)C#N)c1ccc(cc1)c1ccc(cc1)c1ccc(cc1)C(=C(C#N)C#N)Nc1ccc(cc1)[*],240.0,,
8213,[*]OC1(CCCCC1)OC(=O)Nc1ccc(cc1)Cc1ccc(cc1)NC(=O)[*],,235.0,
3285,[*]Oc1ccc(cc1)S(=O)(=O)c1cc2c(cc1)cc(cc2)S(=O)(=O)c1ccc(cc1)Oc1ccc(cc1)c1ccc(cc1)[*],255.0,,
8638,[*]Oc1ccc(cc1)c1ccc(cc1)OCCCCCCOC(=O)Nc1c(ccc(c1)NC(=O)OCCCCOC(=O)Nc1cc(c(cc1)C)NC(=O)OCCCCCC[*])C,,105.9,
7047,[*]C(C[*])CCCCCCCCCCCCCCCCCCCC,,85.25,
11502,[*]c1ccc(N2C(=O)c3ccc(P(=O)(c4ccccc4)c4ccc5c(c4)C(=O)N([*])C5=O)cc3C2=O)cc1,,,3.066
9865,[*]CCCCCCCCCCCCCCCCC(=O)N[*],,,6.0239
1122,[*]OC(=O)CCCC[*],-58.13,55.25,
10107,[*]C(=O)Oc1ccc(OC(=O)N2CC(C)N([*])CC2C)cc1,,,5.5219
12406,[*]C([*])(F)Cl,,,3.6564
11456,[*]C(=O)c1ccc2c(c1)C(=O)N(c1cc(N3C(=O)c4ccc([*])cc4C3=O)c(O)cc1O)C2=O,,,2.8396
6609,[*]O[Si](CCCN=C1C(=CC(=NCCC[Si]([*])(C)C)C(=C1)O)O)(C)C,-25.71,,
11317,[*]CCNC(=O)c1cccc(C(=O)N[*])c1,,,4.6889
4742,[*]NC(=O)c1c(cc(cc1)C(=O)NCCCCCCCCCC[*])Sc1ccccc1,100.0,144.0,
3051,[*]Oc1ccc(cc1)C(=O)c1cc(ccc1)C(=O)c1ccc(cc1)Oc1cc(ccc1)Cc1cc(ccc1)[*],114.0,,
10184,[*]C(=O)c1ccc2c(c1)C(=O)N(c1ccc(OCCOc3ccc(N4C(=O)c5ccc([*])cc5C4=O)cc3)cc1)C2=O,,,2.4523
9187,[*]CC([*])C(=O)OCC(F)(F)C(F)(F)C(F)(F)F,,,6.784
1839,[*]OC(=O)c1ccc(cc1)CCCCCc1ccc(cc1)C(=O)[*],42.5,118.0,
11910,[*]c1ccc(C(C#N)(C(=O)O)C([*])(C#N)C(=O)O)cc1,,,5.2415
5795,[*]N1C(=O)c2c(C1=O)cc(cc2)c1cc2c(C(=O)N(C2=O)c2ccc(cc2)Oc2c(cc(cc2)Oc2ccc(cc2)[*])C)cc1,265.0,,
674,[*]OC(=O)CCCC(=O)OCCOCC[*],-55.0,-23.83333333,
7629,[*]Nc1cc(ccc1)C=CC(=O)C=Cc1cc(ccc1)NC(=O)CCCCC(=O)[*],,220.0,
6356,[*]C1C2C(C(=O)N(C2=O)c2cc(ccc2)Cl)C(C1)C=C[*],204.8,,
11867,[*]Cc1cc(C23CC4CC(CC(C4)C2)C3)cc(CN([*])C)c1O,,,4.5466
1052,[*]SC1CC(CCC1)[*],-54.33,136.0,
4009,[*]c1oc(nn1)c1ccc(cc1)C(=O)OCCCCCCCCCCOc1ccc(cc1)C=C1C(=O)C(=Cc2ccc(cc2)OCCCCCCCCCCOC(=O)c2ccc(cc2)[*])CCCC1,74.0,,
10003,[*]CCCCCCNC(=O)C(CCCCCCCCCCCCCCCC)C(=O)N[*],,,6.0328
10387,[*]CC([*])c1cccc2c1OCO2,,,4.5452
4880,[*]NC(=O)C(CC(C(=O)NCCCCCC[*])CC)CC,94.0,,
5600,[*]N1C(=O)c2c(C1=O)cc(cc2)c1cc2c(C(=O)N(C2=O)C2C(CC(CC2)CC2CC(C(CC2)[*])C)C)cc1,260.0,,
4367,[*]Oc1ccc(cc1)CC(NC(=O)CCc1ccc(cc1)OC(=O)CCCCC(=O)[*])C(=O)OCCCCCCCC,26.2,,
2017,[*][Si](C/C=C\C[*])(c1ccccc1)C,-1.0,,
3294,[*]Oc1c(cc(cc1C)c1cc(c(c(c1)C)Oc1ccc(cc1)C(=O)c1cc2c(cc1)cc(cc2)C(=O)c1ccc(cc1)[*])C)C,270.0,,
7320,[*]NC(=O)C(=O)NCCCCCCNC(=O)CCCCCCCCC(=O)NCCCCCC[*],,257.0,
9074,[*]n1c(=O)c2cc3c(cc2c1=O)c(=O)n(c3=O)CCCCCOC(=O)OCCCCCCOC(=O)OCCCCC[*],,196.0,
4098,[*]c1n(c(cc1)c1sc(cc1)c1sc(cc1)c1sc(cc1)c1sc(cc1)[*])CCCCCCCCCCCC,53.0,121.0,
2830,[*]Oc1cc(ccc1)OC(=O)c1ccc(cc1)Oc1ccc(cc1)C(=O)[*],159.0,232.0,
4514,[*]Oc1c(cc(c(c1)OC(=O)c1ccc(cc1)OCCCC)OC(=O)C(CCC(=O)[*])C)OC(=O)c1ccc(cc1)OCCCC,55.0,,
11087,[*]CCOC(=O)c1ccc(NC(=O)CCCCCCCC(=O)Nc2ccc(C(=O)O[*])cc2)cc1,,,4.188
11912,[*]C=Cc1cc(OCC)c([*])cc1OCC,,,4.2145
2315,[*]C(C[*])OCCOc1ccc(cc1)C=C(C(=O)OC)C#N,47.0,,
10065,[*]CC(F)(F)C(F)(F)C(F)(F)C(F)(F)COC(=O)NCC(F)(F)C(F)(F)C(F)(F)C(F)(F)CNC(=O)O[*],,,6.8832
9160,[*]CC([*])OC(=O)c1cccc(Cl)c1,,,1.7974
4796,[*]Nc1c(cc(cc1)NC(=O)c1ccc(cc1)NC(=O)CCCCCCCCCCCCC(=O)Nc1ccc(cc1)C(=O)[*])C(=O)OCCCCCCCCCCCCCCCCCC,191.0,,
10526,[*]CC1(CO[*])CC2C=CC1C2,,,5.6096
1956,[*]c1nc(nc(n1)N(c1ncnc(n1)N([*])c1ccccc1)c1ccccc1)c1ccccc1,273.5,,
2249,[*]C(=C([*])Cl)CCCCCC,150.0,,
11799,[*]c1ccc([*])c(C)n1,,,5.1183
867,[*]Oc1ccc(cc1)S(=O)(=O)c1ccc(cc1)c1ccc(cc1)S(=O)(=O)c1ccc(cc1)Oc1ccc(cc1)c1ccc(cc1)c1ccc(cc1)[*],263.0,408.0,
8985,[*]c1sc(cc1)[Si](C#C[Si]([*])(C)C)(C)C,,107.5,
2926,[*]Oc1ccc(cc1)C(c1ccc(cc1)Oc1ccc(cc1)C(=O)c1ccc(cc1)[*])c1c(cccc1)C(=O)O,220.5,,
3766,[*]Oc1ccc(cc1)S(=O)(=O)c1ccc(cc1)Oc1c(cc(c(c1C)Br)c1c(c(c(c(c1)C)[*])C)Br)C,298.2,,
1539,[*]OC(=O)NCCCCCCNC(=O)OCCCCCCCCCC[*],55.0,154.3333333,
12085,[*]CC(=O)NC(S1)=CC=C1[*],,,4.4758
10684,[*]Oc1cccc(Oc2ccc(S(=O)(=O)c3ccc([*])cc3)cc2)c1,,,4.2737
6512,[*]c1ncc(nc1)C1C(C(C1c1ccccc1)[*])c1ccccc1,150.0,330.0,
12052,[*]CCC(C=C1)=CC=C1C(=S)[*],,,2.742
7122,[*]C1OC(=O)C(C1)CCC1C(=O)OC(C1)CCCCCCCCCC[*],,123.05,
2347,[*]C=CCCCCCCCCCC(CCCCCCCCC[*])COCCOCCOCCOCCOCCCCCC,-76.0,-13.0,
2584,[*]C(C[*])(C(=O)OCc1ccc(cc1)C=CC(=O)C1c2c(C(=O)c3c1cccc3)cccc2)C,163.0,,
10868,[*]C#CC#Cc1ccc(-c2ccc([*])s2)s1,,,1.5899
10198,[*]CCCCCCCCn1c(=O)c2cc3c(=O)n([*])c(=O)c3c(Br)c2c1=O,,,3.5401
11382,[*]C(=O)Nc1cccc(NC(=O)c2ccc3[nH]c(-c4cccc(-c5nc6cc([*])ccc6[nH]5)c4)nc3c2)c1,,,3.3364
1844,[*]C1(C(=O)OC(=O)C(C1)(C[*])C)C,144.0,,
5337,[*]N1C(=O)c2c(C1=O)cc(cc2)C(c1cc2c(C(=O)N(C2=O)CCCCCC[*])cc1)(C(F)(F)F)C(F)(F)F,143.67,,
7639,[*]Nc1cc(ccc1)NC(=O)CCCCCCCCCCC(=O)[*],,220.0,
11578,[*]c1ccc(Cc2ccc(N3C(=O)c4ccc(-c5ccc6c(c5)C(=O)N([*])C6=O)cc4C3=O)c(C(C)(C)C)c2)cc1C(C)(C)C,,,3.2111
143,[*]C(C[*])c1c(cc(cc1)Cl)Cl,135.0,,
3978,[*]Oc1ccc(cc1)C=C1C(=O)C(=Cc2ccc(cc2)OCCCCCCCCCC[*])CCC1,85.0,,
8376,[*]Oc1c(cc(cc1)C=Nc1ccc(cc1)N=Cc1cc(c(cc1)OC(=O)CCCCCCCCC(=O)[*])OC)OC,,115.0,
11801,[*]c1ccc([*])c(CCCCCC)n1,,,4.7957
9228,[*]CC([*])(CF)C(=O)OC,,,6.854
117,[*]C(C[*])c1ccc(cc1)C(=O)OCCC,92.0,,
9147,[*]CC([*])C(=O)C(C)(C)C,,,5.3334
9195,[*]CC([*])(C)C(=O)Oc1ccccc1,,,5.2323
9145,[*]C1CC([*])(C#N)C1,,,6.8104
9937,[*]NC(CSC(=O)OCc1ccccc1)C([*])=O,,,5.0387
6416,[*]Oc1c(cc(cc1)C1(C2C3C(C(C1)C2)C1CCC3C1)c1c(cc(cc1)OC(=O)[*])C)C,232.0,,
155,[*]C(C[*])c1cc(c(cc1)C)C,106.0,240.0,
9628,[*]CCCCCCCCCCCCCCOC(=O)CCCCCCC(=O)O[*],,,6.7022
2417,[*]C(C[*])C(=O)Nc1cc2C(=O)c3c(C(=O)c2cc1)cccc3,128.0,190.0,
353,[*]C(C[*])C(=O)OCCOC(C(F)F)(F)F,-22.0,,
5916,[*]C1C(=O)N(C(=O)C1CC[*])CCCCCCCCCCCC,55.4,84.925,
7969,[*]OC(=O)Nc1ccc(cc1)Cc1ccc(cc1)NC(=O)OCC1C(C1)C[*],,260.0,
646,[*]Oc1cc(ccc1)C(=O)OC(=O)c1cc(ccc1)OCCCC[*],20.0,197.0,
7065,[*]C(C[*])OCC(C)(C)C,,195.6666667,
3752,[*]Oc1c2c(c(cc1)C=Cc1c(cc(c(c1)OC)C=Cc1c3c(c(cc1)OCCOCCOCC[*])cccc3)OC)cccc2,79.5,,
7664,[*]OC([*])CC,,185.0,6.1349
4995,[*]Oc1ccc(cc1)N=CC=Nc1ccc(cc1)OC(=O)Nc1c(ccc(c1)NC(=O)[*])C,76.0,327.0,
1596,[*]Oc1ccc(cc1)C(c1ccc(cc1)OC(=O)Nc1ccc(cc1)Cc1ccc(cc1)NC(=O)[*])(C(F)(F)F)C(F)(F)F,81.0,,
3902,[*]C1COC2C1OCC2Oc1ccc(cc1)NC(=O)c1ccc(cc1)C(=O)Nc1ccc(cc1)O[*],132.67,256.5,
1400,[*]Nc1c2c(ccc1)c(ccc2)NC(=O)c1cc(ccc1)C(=O)[*],325.0,,
7431,[*]NC(=O)CCCCCCCCC(=O)NCC1C(C1)C[*],,223.0,
8602,[*]Oc1ccc(cc1)Oc1ccc(cc1)C(=O)c1ccc(cc1)Oc1ccc(cc1)C(=O)c1ccc(cc1)[*],,342.5,
8874,[*]c1cnccc1C(=O)NCCCCCCNC(=O)[*],,101.0,
8033,[*]OC(=O)c1cc2c(cc1)cc(cc2)C(=O)OCc1ccc(cc1)C[*],,277.5,
7117,[*]C1COC2C1OCC2OC(=O)c1ccc(cc1)C(=O)OC1COC2C1OCC2OCCCCO[*],,66.0,
1009,[*]Oc1ccc(cc1)S(=O)(=O)c1ccc(cc1)Oc1ccc(cc1)NC(=O)c1ccc(cc1)Oc1ccc(cc1)C(c1cc(ccc1)C(c1ccc(cc1)Oc1ccc(cc1)C(=O)Nc1ccc(cc1)[*])(C)C)(C)C,167.0,,
8830,[*]c1cc2C(=O)c3c(-c2s1)sc(c3)c1cc2C(c3c(-c2s1)sc(c3)[*])(CC(CCCC)CC)CC(CCCC)CC,,200.0,
635,[*]OCCC(=O)NCc1c(cc(c(c1)C)CNC(=O)CC[*])C,80.0,248.0,
3555,[*]c1sc2cc3c(cc2n1)sc(n3)c1ccc(cc1)Oc1ccc(cc1)Oc1ccc(cc1)P(=O)(c1ccc(cc1)Oc1ccc(cc1)Oc1ccc(cc1)[*])c1ccccc1,255.0,,
8694,[*]SC(=O)CCCCCCCCC(=O)SCC[*],,128.0,
12176,[*]NC(S1)=CC=C1NC(=S)[*],,,2.9073
11836,[*]c1ccc([*])c2nccnc12,,,3.0389
10894,[*]c1cc(SC)c([*])s1,,,1.5945
6074,[*]N1C(=O)c2c(C1=O)c(ccc2)Oc1c(cc(cc1C)c1cc(c(c(c1)C)Oc1c2c(C(=O)N(C2=O)c2ccc(cc2)Oc2ccc(cc2)c2ccc(cc2)Oc2ccc(cc2)[*])ccc1)C)C,290.0,,
1147,[*]Oc1ccc(cc1)c1ccc(cc1)OC(=O)CCCCCCCCCCCCC(=O)[*],95.0,,
2862,[*]c1ccc2c3n(c4ccc(cc4n3)Oc3cc4n5c(nc4cc3)c3cccc4c(ccc(c5=O)c34)Oc3ccc(cc3)C(c3ccc(cc3)O[*])(C)C)c(=O)c3cccc1c23,334.0,,
2279,[*]C(C[*])S(=O)(=O)c1ccccc1,128.0,,
4156,[*]c1sc(cc1SCCCCCCCC)c1ccc(cc1)c1sc(c(c1)SCCCCCCCC)c1ccc(cc1)[*],-38.8,,
4636,[*]Oc1ccc(cc1)C(=Cc1ccc(cc1)c1ccc(cc1)C=C(c1ccc(cc1)OC(=O)c1ccc(cc1)C(=O)[*])c1ccccc1)c1ccccc1,236.0,,
7002,[*]C(C[*])C(=O)C(C)C,,220.0,
8726,[*]SCCCCCCCCCC[*],,90.75,
8782,[*][SiH](c1ccc(cc1)[*])c1ccccc1,,103.5,
5877,[*]N1C(=O)c2c(C1=O)cc(c(c2)c1ccc(cc1)[Si](C)(C)C)c1cc2c(C(=O)N(C2=O)c2ccc(cc2)Cc2ccc(cc2)[*])cc1c1ccc(cc1)[Si](C)(C)C,348.0,,
6229,[*]N1C(=O)c2c(C1=O)cc(cc2)c1cc2c(C(=O)N(C2=O)c2ccc(cc2)Sc2ccc(cc2)Sc2ccc(cc2)Sc2ccc(cc2)[*])cc1,227.1,,
3047,[*]Oc1ccc(cc1)C(c1ccc(cc1)OCCOC(=O)c1ccc(cc1)C(=O)OCC[*])(C)C,83.0,,
10445,[*]CC([*])C(=O)NCO,,,6.0779
4557,[*]OC(=O)NCCCCCCNC(=O)OCCCCCOC(=O)c1c(cccc1)C(=O)O[Cd]OC(=O)c1c(cccc1)C(=O)OCCCCC[*],-6.8,,
6469,[*]Oc1ccc(cc1)C1(c2cc(ccc2c2ccc(cc12)[N+](=O)[O-])N(C)C)c1ccc(cc1)OC(=O)[*],278.0,,
1800,[*]c1cc2c(C(=O)N(C2=O)c2ccc(cc2)Oc2c3c(ccc2)c(ccc3)Oc2ccc(cc2)N2C(=O)c3c(C2=O)cc(cc3)C(=O)Nc2ccc(cc2)Oc2ccc(cc2)C(c2ccc(cc2)Oc2ccc(cc2)NC(=O)[*])(C(F)(F)F)C(F)(F)F)cc1,231.0,,
8425,[*]Oc1cc(ccc1)C(=O)NNC(=O)c1cc(ccc1)C(=O)NNC(=O)c1cc(ccc1)OCCCCCCCCCC[*],,205.0,
6453,[*]Oc1ccc(cc1)C1(CCCCCC1)c1ccc(cc1)OC(=O)[*],155.0,,
4552,[*]Oc1ccc(cc1)N=Nc1cc(c(cc1)Cc1c(cc(cc1)N=Nc1ccc(cc1)OC(=O)c1ccc(cc1)N=Nc1ccc(cc1)C(=O)[*])[N+](=O)[O-])[N+](=O)[O-],160.0,,
8068,[*]OC(=O)c1ccc(cc1)C(=O)NCCCNC(=O)c1ccc(cc1)C(=O)OCCCCCC[*],,256.0,
6595,[*][n+]1ccc(cc1)c1cc[n+](cc1)Cc1c(cccc1)C[*],70.5,,
11158,[*]Oc1ccc(CC(NC(=O)CCc2ccc(OC(=O)CC(C)CCC([*])=O)cc2)C(=O)OC(C)CC)cc1,,,5.053
3367,[*]Oc1cc(ccc1)NC(=O)c1cc(ccc1)C(=O)Nc1cc(ccc1)OCCCCC[*],131.5,180.0,
9080,[*]n1c(=O)c2cc3c(cc2c1=O)c(=O)n(c3=O)c1cc(c(cc1)OCCCC[Si](O[Si](O[Si](O[Si](CCCCOc1c(cc(cc1)[*])F)(C)C)(C)C)(C)C)(C)C)F,,237.0,
10847,[*]C1C=C(CCCCCC)C([*])S1,,,4.7988
5396,[*]N1C(=O)c2c(C1=O)cc(cc2)c1ccc(cc1)c1cc2c(C(=O)N(C2=O)CCCCCCCCCC[*])cc1,103.0,,
7115,[*]C1CCN(CC1)SC(=O)OCCCCOC(=O)SN1CCC(CC1)CCC[*],,75.0,
2689,[*]C(C[*])(C(=O)OCCCCCCCCCCOc1ccc(cc1)C#Cc1c(cc(c(c1)OC)C=Cc1ccncc1)OC)C,62.0,,
758,[*]c1oc(nn1)c1cc(ccc1)c1oc(nn1)c1ccc(cc1)[*],277.0,400.0,
8235,[*]OCC(C[*])(COC(=O)C)COC(=O)C,,184.0,
4936,[*]NC(=O)CCCCCCCC1C=CC(C(C1CCCCCCCC(=O)NCCCCCC[*])CCCCCCCC)CCCCCC,-10.0,81.0,
12302,[*]C(=O)C(S1)=CC=C1C(=S)C(S2)=CC=C2[*],,,2.0759
11623,[*]c1cc(Br)c(Oc2c(Br)cc(N3C(=O)c4ccc(-c5ccc6c(c5)C(=O)N([*])C6=O)cc4C3=O)cc2Br)c(Br)c1,,,2.9494
5150,[*]c1cc2c(C(=O)N(C2=O)c2ccc(cc2)Oc2ccc(cc2)N2C(=O)c3c(C2=O)cc(cc3)C(=O)c2ccc(cc2)Oc2ccc(cc2)C2(c3c(C(=O)O2)cccc3)c2ccc(cc2)Oc2ccc(cc2)C(=O)[*])cc1,260.0,,
5343,[*]c1cc2c(C(=O)N(C2=O)c2c(cc(cc2C)C(c2cc(c(c(c2)C(C)C)N2C(=O)c3c(C2=O)cc(cc3)C([*])(C(F)(F)F)C(F)(F)F)C)(c2ccccc2)C(F)(F)F)C(C)C)cc1,289.0,,
7940,[*]OC(=O)NCCSCCCCSCCNC(=O)OCCCC[*],,112.5,
8890,[*]c1nc(ccc1)C(=O)NCCCCCCNC(=O)[*],,175.0,
7479,[*]NC(=O)CCCCCCCCCCCCCCCCCCCCC(=O)NCCCCCCCCCCCC[*],,164.0,
8850,[*]c1ccc(cc1)/C=C/c1c(cc(c(c1)CCCCCC)/C=C/[*])CCCCCC,,266.0,
3519,[*]c1nc(ccc1)c1cc(c(cc1)Oc1ccc(cc1)C(c1ccc(cc1)Oc1c(cc(cc1)[*])C(F)(F)F)(C(F)(F)F)C(F)(F)F)C(F)(F)F,148.67,,
3770,[*]Oc1cc2c(cc1)cc(cc2)Oc1ccc(cc1)C(=O)c1ccc(cc1)[*],247.0,310.0,
9268,[*]CC([*])=C,,,5.3034
7987,[*]OC(=O)SSC(=O)OCCCC[*],,115.0,
10110,[*]CCCCCCCCCCCCCNC(=O)CCCCCCCCCCCC(=O)N[*],,,5.8961
5832,[*]c1cc2c(C(=O)N(C2=O)c2cc(ccc2)C(=O)Nc2ccc(cc2)NC(=O)c2ccc(cc2)NC(=O)c2cc(ccc2)N2C(=O)c3c(C2=O)cc(cc3)C([*])(C(F)(F)F)C(F)(F)F)cc1,328.0,,
12329,[*]NC(=S)C(C=C1)=CC=C1C(=S)[*],,,1.0444
3709,[*]C1(c2c(C(=O)O1)cccc2)c1c(cc(c(c1)C(C)C)Oc1ccc(cc1)S(=O)(=O)c1ccc(cc1)Oc1c(cc(c(c1)C)[*])C(C)C)C,230.0,,
4161,[*]c1sc(cc1CCCCCCCC)c1ccc(cc1)c1sc(c(c1)CCCCCCCC)c1ccc(cc1)[*],-4.0,,
4604,[*]OC(=O)C(NC(=O)CCCCCCCCC(=O)NC(C(=O)OCC=CC[*])Cc1ccccc1)Cc1ccccc1,46.0,,
10627,[*]CCCCCCOCC1(CO[*])CC1,,,5.9199
3818,[*]C1COC2C1OCC2OC(=O)OCC(C(COC(=O)O[*])OC)OC,61.0,,
3715,[*]C1OC(C(C(C1OC(=O)C)O)O[*])COC(=O)C,202.0,,
11830,[*]Nc1ccc([*])cc1F,,,3.5047
6200,[*]N1C(=O)c2c(C1=O)cc(cc2)Oc1cc2c(C(=O)N(C2=O)c2cc(cc(c2)OCCCCCCCC)[*])cc1,185.0,,
7363,[*]NC(=O)C(C[*])(CC)C,,76.0,
12067,[*]CC(=O)C(S1)=CC=C1C(C=C2)=CC=C2[*],,,3.4067
4824,[*]N(CCNC(=O)c1ccc(cc1)[Si](c1ccc(cc1)C(=O)NCC[*])(CCCC)CCCC)c1ccc(cc1)/C=C/c1ccc(cc1)[N+](=O)[O-],115.0,,
7011,[*]C(C[*])C(=O)OCCCCCCCCCCCC,,3.616666667,
11609,[*]C(=O)Nc1cccc(NC(=O)c2ccc3c(c2)C(=O)N(c2ccc(Oc4cccc5c(N6C(=O)c7ccc([*])cc7C6=O)cccc45)cc2)C3=O)n1,,,2.5119
6086,[*]N1C(=O)c2c(C1=O)cc(cc2)Oc1c(cc(cc1C)Cc1cc(c(c(c1)C)Oc1cc2c(C(=O)N(C2=O)c2ccc(cc2)Oc2ccc(cc2)c2ccc(cc2)Oc2ccc(cc2)[*])cc1)C)C,248.0,,
2606,[*]C(C[*])C(=O)Nc1cc(ccc1)Cl,70.0,,
4445,[*]Oc1ccc(cc1)CC(NC(=O)CCc1ccc(cc1)OC(=O)CCC(=O)[*])C(=O)OCC(C)C,75.0,,
7041,[*]C(C[*])CCCC(C)(C)C,,104.0,
7583,[*]NNC(=O)CCC(=O)NNC(=O)CCCCC(=O)[*],,285.0,
12431,[*]c1ccc([*])n1Cc1ccc[n+](C)c1,,,0.2844
9508,[*]COC(=O)NCc1ccc(CNC(=O)OCc2ccc([*])o2)o1,,,5.0674
1832,[*]C1C(=O)N(C(=O)C1[*])c1c(cccc1)C(=O)OCC,230.0,,
2965,[*]Oc1ccc(cc1)Oc1ccc(cc1)C(=O)c1c2c(ccc1)cccc2C(=O)c1ccc(cc1)[*],202.0,,
5284,[*]c1cc2c(C(=O)N(C2=O)c2ccc(cc2)C(=O)Nc2ccc(cc2)Oc2ccc(cc2)C(c2ccc(cc2)Oc2ccc(cc2)NC(=O)c2ccc(cc2)N2C(=O)c3c(C2=O)cc(cc3)C([*])(C(F)(F)F)C(F)(F)F)(C)C)cc1,266.0,,
4539,[*]Oc1ccc(cc1)CC(NC(=O)CCc1ccc(cc1)OC(=O)CCC(CC(=O)[*])C)C(=O)OCc1ccccc1,55.0,,
9652,[*]CC(CC)(CC)C(=O)O[*],,,6.089
125,[*]C(C[*])c1ccc(cc1)C(=O)CCCCC,66.0,,
2292,[*]C(=C[*])C([Si](CCCCCC)(C)C)CCC,40.0,,
352,[*]C(C[*])C(=O)OCCOCC(F)(F)F,-38.0,,
11233,[*]C(=O)NNC(=O)c1cccc(C(=O)NNC(=O)c2ccc([*])nc2)c1,,,3.8367
9002,[*]c1sc(cc1)c1sc(cc1)c1sc(cc1)c1sc(cc1)c1sc(cc1)[Si]([*])(C)C,,275.0,
4949,[*]OC(=O)Nc1c(ccc(c1)NC(=O)OCCN(CC[*])c1ccc(cc1)C=Cc1ccc(cc1)[N+](=O)[O-])C,121.0,,
269,[*]C(C[*])OC(=O)C(C(C)C)(C(C)C)C,120.0,,
8843,[*]c1cc2c(C(=O)N(C2=O)c2ccc(cc2)Oc2cc3c(cc2)ccc(c3)Oc2ccc(cc2)N2C(=O)c3c(C2=O)cc(cc3)C(=O)Nc2ccc(cc2)Oc2cc(ccc2)Oc2ccc(cc2)NC(=O)[*])cc1,,398.0,
3136,[*]c1n(c(nn1)c1ccc(cc1)Oc1ccc(cc1)C(c1ccc(cc1)Oc1ccc(cc1)[*])(C(F)(F)F)C(F)(F)F)c1ccccc1,203.0,,
10943,[*]C=c1ccc(=c2ccc(=Cc3ccc([*])s3)s2)s1,,,0.2908
10685,[*]Oc1ccc(OC(=O)c2ccc(OCCCCCCCCCCOc3ccc(C([*])=O)cc3)cc2)cc1S(=O)(=O)c1ccccc1,,,4.4922
1189,[*]OC(=O)CCCC(=O)OCCCC[*],-36.5,37.5,
9484,[*]Oc1ccc(Oc2ccc(OC(=O)c3cccc(C([*])=O)c3)cc2)cc1,,,3.4373
4645,[*]c1cc2c(cc1OC(=O)COc1ccc3c(c1)oc(=O)cc3)oc(=O)c(c2)C(=O)Nc1ccc(cc1)c1ccc(cc1)NC(=O)c1c(=O)oc2c(cc(c(c2)OC(=O)COc2ccc3c(c2)oc(=O)cc3)C[*])c1,248.0,,
2287,[*]C(=C([*])c1ccccc1)c1ccc(cc1)C(C)(C)C,200.0,,
8593,[*]Oc1ccc(cc1)OCC(=O)OC(=O)c1ccc(cc1)OCCCOc1ccc(cc1)C(=O)OC(=O)C[*],,255.0,
4559,[*]O[Zn]OC(=O)c1c(cccc1)C(=O)OCCCCCOC(=O)NCCCCCCNC(=O)OCCCCCOC(=O)c1c(cccc1)C(=O)[*],-4.3,,
11863,[*]c1ccc([*])n1CC(=O)OC,,,2.6899
10946,[*]c1cc(-c2cc(CCCCCCCC)ccc2CCCCCCCC)c([*])s1,,,1.6967
6302,[*]c1cc2c(C(=O)N(C2=O)c2cc(ccc2)N2C(=O)c3c(C2=O)cc(cc3)C(=O)Nc2nc(ccc2)NC(=O)[*])cc1,339.0,,
10151,[*]C(=O)Nc1ccc(S(=O)(=O)c2ccc(NC(=O)c3ccc4c(c3)C(=O)N(c3ccc(S(=O)(=O)c5ccc(N6C(=O)c7ccc([*])cc7C6=O)cc5)cc3)C4=O)cc2)cc1,,,3.3421
3092,[*]OCC(C[*])(CSC)CSC,-6.0,117.0,
4373,[*]C1(c2c(C(=O)O1)cccc2)c1ccc(cc1)OC(=O)c1ccc(cc1)[Si](c1ccc(cc1)C(=O)Oc1ccc(cc1)[*])(C)C,214.0,,
3914,[*]Oc1ccc(cc1)C(=O)NCC[*],150.0,,
520,[*]C(C[*])(C(=O)NC(=O)OC(COc1ccc(cc1)S(=O)(=O)c1ccc(cc1)OCC(O)C)C)C,73.0,,
4914,[*]Nc1ccc(cc1)C1(c2ccccc2c2ccccc12)c1ccc(cc1)NC(=O)c1cc(cc(c1)NC(=O)C12CC3CC(CC(C1)C3)C2)C(=O)[*],370.0,,
11251,[*]C(=O)N([*])CCCCCCCCC=C,,,5.1782
6413,[*]Oc1c(cc(cc1)C1(C2C3C(CCC3)C(C1)C2)c1cc(c(cc1)OC(=O)[*])C)C,217.0,,
10393,[*]C=CC1C=CC([*])C(C(=O)OC(C)(C)C)=C1C(=O)OC(C)(C)C,,,4.1406
251,[*]C(C[*])OC(=O)c1cc(ccc1)Cl,61.75,,
10539,[*]CCC(C)CO[*],,,6.1714
10279,[*]c1ccc(-c2cnc3cc4ncc([*])nc4cc3n2)cc1,,,2.7084
5151,[*]c1cc2c(C(=O)N(C2=O)c2ccc(cc2)Oc2ccc(cc2)N2C(=O)c3c(C2=O)cc(cc3)C(=O)c2ccc(cc2)Oc2ccc(cc2)S(=O)(=O)c2ccc(cc2)Oc2ccc(cc2)C(=O)[*])cc1,229.0,,
3371,[*]Oc1ccc(cc1)C(c1ccc(cc1)OCC(COC(=O)CCCCCCC(=O)OCC(C[*])O)O)(C)C,35.0,,
158,[*]C(C[*])c1cc(c(cc1)Cl)F,122.0,,
4846,[*]Nc1ccc(cc1)C(=O)c1ccc(cc1)NC(=O)c1ccc(cc1)C(=O)[*],300.0,,
11821,[*]C=Cc1ccc([*])n1CCCCCC,,,1.5103
12072,[*]CC(=O)C(C=C1)=CC=C1C(C=C2)=CC=C2[*],,,3.9429
8359,[*]Oc1c(cc(cc1)C=C1C(=O)C(=Cc2cc(c(cc2)OCCC[*])OC)CC(C1)C)OC,,136.0,
204,[*]C(C[*])O[N+](=O)[O-],34.5,,
8049,[*]OC(=O)c1ccc(cc1)C(=O)NCCCCCNC(=O)c1ccc(cc1)C(=O)OCCCCCCCCC[*],,194.0,
10335,[*]C12CC3CC([*])(C1)CC(CCCC)(C3)C2,,,5.6997
4600,[*]OC(=O)C(NC(=O)C=CC(=O)NC(C(=O)OCCCC[*])Cc1ccccc1)Cc1ccccc1,103.0,250.0,
8042,[*]OC(=O)c1ccc(cc1)C(=O)NCCCCCCNC(=O)c1ccc(cc1)C(=O)OCCCCCCCCCCC[*],,217.0,
8410,[*]Oc1c2c(ccc1)c(ccc2)OC(=O)c1c(cccc1)C=Cc1ccc(cc1)C=Cc1c(cccc1)C(=O)[*],,300.0,
10094,[*]C(=O)OCC(C)(C)COC(=O)N1CCN([*])C(C)C1,,,5.8979
4263,[*]OC(=O)c1c(cccc1)C(=O)OCCCCCCCCCC[*],-14.0,-26.75,
4922,[*]Nc1cc(cc(c1)c1oc(nn1)c1ncccc1)NC(=O)c1c(cccc1)C(=O)[*],90.0,292.0,
5326,[*]c1cc2c(C(=O)N(C2=O)c2cc(cc(c2)C(=O)O)N2C(=O)c3c(C2=O)cc(cc3)C(=O)[*])cc1,294.0,,
11739,[*]c1ccc2[nH]c([*])nc2c1,,,3.9385
11968,[*]CC([*])(F)C(=O)OCCC(F)(F)C(F)(F)C(F)(F)C(F)(F)F,,,6.6184
10067,[*]CCCOC(=O)Nc1cc(NC(=O)O[*])ccc1C,,,5.0413
1812,[*]N1C(=O)c2c(C1=O)cc(cc2)c1cc2c(C(=O)N(C2=O)c2cc3S(=O)(=O)c4c(c3cc2C)cc(c(c4)[*])C)cc1,490.0,,
3034,[*]OC(=O)c1ccc(cc1)c1ccc(cc1)c1ccc(cc1)C(=O)OCCOCCOCC[*],50.0,,
5759,[*]c1cc2c(C(=O)N(C2=O)c2ccc(cc2)N(c2ccc(cc2)N2C(=O)c3c(C2=O)cc(cc3)C([*])(C(F)(F)F)C(F)(F)F)c2ccc(cc2)C=Cc2ccc(cc2)[N+](=O)[O-])cc1,290.0,,
7939,[*]OC(=O)NCCSCCCCSCCNC(=O)OCCC[*],,111.5,
5073,[*]c1c(nc2c(n1)cc(cc2)Oc1ccc(cc1)NC(=O)c1cc2c(C(=O)N(C2=O)c2ccc(cc2)C(c2ccc(cc2)N2C(=O)c3c(C2=O)cc(cc3)C(=O)Nc2ccc(cc2)Oc2cc3c(nc(c(n3)c3ccc(cc3)c3ccc(cc3)[*])c3ccccc3)cc2)(C(F)(F)F)C(F)(F)F)cc1)c1ccccc1,290.0,,
8758,[*]Sc1ccc(cc1)C=Nc1ccc(cc1)N=Cc1ccc(cc1)[*],,300.0,
11145,[*]Oc1ccc(CC(NC(=O)Cc2ccc(OC(=O)CC(C)CCC([*])=O)cc2)C(=O)OCCCCCCCC)cc1,,,5.2951
788,[*]Oc1ccc(cc1)S(=O)c1ccc(cc1)Oc1ccc(cc1)C(c1ccc(cc1)[*])(C)C,165.0,,
8257,[*]OCCCC(=O)NCCCCCOCCCCCNC(=O)CCCCC[*],,106.5,
9839,[*]Nc1cccc(NC(=O)c2cccc(C([*])=O)c2)c1,,,4.1202
450,[*]C(C[*])C(=O)N(C)C,113.45,,
5301,[*]N1C(=O)c2c(C1=O)cc(cc2)P(=O)(c1cc2c(C(=O)N(C2=O)c2cc(cc(c2)C(F)(F)F)[*])cc1)c1ccccc1,317.0,,
10195,[*]C(=O)Oc1ccc(OC(=O)c2ccc3c(c2)C(=O)N(c2ccc(Sc4ccc(N5C(=O)c6ccc([*])cc6C5=O)cc4)cc2)C3=O)cc1,,,2.9567
3684,[*]Oc1ccc(cc1)S(=O)(=O)c1ccc(cc1)Oc1ccc(cc1)C(=O)c1cc(cc(c1)C(C)(C)C)C(=O)c1ccc(cc1)[*],198.0,,
8722,[*]SCCCCCC[*],,77.7625,
4992,[*]OC(=O)Nc1c(ccc(c1)NC(=O)OCCN(CC[*])c1ccc(cc1)N=Nc1ccc(cc1)c1nc2c(n1CC)cc(cc2)[N+](=O)[O-])C,158.0,,
7936,[*]OC(=O)NCCSCCCCCSCCNC(=O)OCCCCCC[*],,96.5,
7082,[*]C(CCC[*])C#N,,164.85,
9042,[*]n1c(=O)c2c(c3c(cc2c1=O)c(=O)n(c3=O)CCCCCCCCCC[*])Br,,291.0,
2865,[*]c1ccc2c3n(c4ccc(cc4n3)Oc3cc4n5c(nc4cc3)c3cccc4c(ccc(c5=O)c34)Oc3ccc(cc3)C3(c4ccccc4c4ccccc34)c3ccc(cc3)O[*])c(=O)c3cccc1c23,396.0,,
590,[*]OC(C[*])COCC=C,-74.0,,
1082,[*]OC(=O)CCCCC(=O)OCCC[*],-52.17,38.45357143,
9977,[*]NC(C([*])=O)C(Cc1ccccc1)c1c[nH]cn1,,,4.764
10608,[*]CC(CS(C)(=O)=O)O[*],,,5.2613
4902,[*]NC(=O)c1cc(cc(c1)NC(=O)c1ccc(cc1)NC(=O)C(CC(C)C)N1C(=O)c2c(C1=O)cccc2)C(=O)NCCCCCC[*],200.0,,
4941,[*]NNC(=O)c1cc(cc(c1)NC(=O)c1cc2c(C(=O)N(C2=O)c2ncccc2C)cc1)C(=O)NNC(=O)c1ccc(cc1)C(=O)[*],130.3,,
3048,[*]OCC(C[*])(CO)CC,325.68,,
6686,[*]O[Si](CC[Si](Oc1c(cc(cc1C)c1cc(c(c(c1)C)[*])C)C)(C)C)(C)C,55.0,,
1889,[*]Oc1ccc(cc1)C(c1ccc(cc1)OC(=S)[*])(C)C,140.5,270.0,
9820,[*]NC1CCC(CC2CCC(NC(=O)CCCCCCCCCCC([*])=O)CC2)CC1,,,5.7012
11361,[*]CCCNC(=O)CCCCCCCCCCCCCCCCCCC(=O)N[*],,,5.894
7313,[*]NC(=O)C(=O)NCCCCCCCCCNC(=O)CCCCCCCCC(=O)NCCCCCCCCC[*],,234.0,
307,[*]C(=CCCC[*])c1ccc(cc1)OC,11.0,,
9771,[*]Oc1c(C)cc(-c2cc(C)c(OC(=O)CCCCCC([*])=O)c(C)c2)cc1C,,,4.7241
5083,[*]N1C(=O)c2c(C1=O)cc(cc2)c1cc2c(C(=O)N(C2=O)c2cc(ccc2)C(=O)Nc2ccc(cc2)Oc2ccc(cc2)C(c2ccc(cc2)Oc2ccc(cc2)NC(=O)c2cc(ccc2)[*])(C)C)cc1,257.0,,
1437,[*]N1CCN(CC1)C(=O)CCCCCCCCC(=O)[*],70.4,171.8357143,
9897,[*]CCCCCCCCCCCCNC(=O)CCCCC(=O)N[*],,,5.5516
6960,[*]C(=C[*])c1ccccc1,,189.7857143,
2864,[*]c1ccc2c3n(c4ccc(cc4n3)c3cc4n5c(nc4cc3)c3cccc4c(ccc(c5=O)c34)Oc3ccc(cc3)C3(c4ccccc4c4ccccc34)c3ccc(cc3)O[*])c(=O)c3cccc1c23,421.0,,
9620,[*]CCCCCCCCCCCC(=O)O[*],,,6.7916
3778,[*]Oc1cc(c(cc1)S(=O)(=O)c1c(cc(cc1)Oc1ccc(cc1)C(c1ccc(cc1)[*])(C(F)(F)F)C(F)(F)F)[Si](C)(C)C)[Si](C)(C)C,172.0,,
10514,[*]CCCOCCCOC(=O)CCCCCCCCC(=O)O[*],,,6.4909
6266,[*]N1C(=O)c2c(C1=O)c(ccc2)c1cc2c(C(=O)N(C2=O)c2ccc(cc2)Oc2ccc(cc2)Oc2ccc(cc2)[*])cc1,285.0,,
5886,[*]N1C(=O)c2c(C1=O)cc(cc2)Oc1ccc(cc1)C1(CCCCCCCCCCC1)c1ccc(cc1)Oc1cc2c(C(=O)N(C2=O)c2ccc(cc2)Cc2ccc(cc2)[*])cc1,240.0,,
5217,[*]N1C(=O)c2c(C1=O)cc(cc2)Oc1ccc(cc1)c1ccc(cc1)Oc1cc2c(C(=O)N(C2=O)c2ccc(cc2)Oc2ccc(cc2)Sc2ccc(cc2)Oc2ccc(cc2)[*])cc1,212.0,334.0,
11272,[*]Nc1ccc(Br)cc1-c1ccc(NC(=O)c2ccc(C([*])=O)cc2)cc1,,,3.4431
3221,[*]c1nc(ccc1)Oc1c(cc(cc1)O[*])C,89.0,,
5910,[*]c1nc2c([nH]1)ccc(c2)c1ccc2c(nc([nH]2)c2cc(ccc2)C(=O)Nc2ccc(cc2)Cc2ccc(cc2)N2C(=O)c3c(C2=O)cc(cc3)S(=O)(=O)c2cc3c(C(=O)N(C3=O)c3ccc(cc3)Cc3ccc(cc3)NC(=O)c3cc(ccc3)[*])cc2)c1,270.0,,
3374,[*]Oc1ccc(cc1)C(c1ccc(cc1)OCC(COC(=O)C1CCC(CC1)C(=O)OCC(C[*])O)O)(C)C,70.0,,
4872,[*]Nc1cc(cc(c1)C(=O)OCCOC(=O)C=Cc1ccc(cc1)N(C)C)NC(=O)c1cc(ccc1)C(=O)[*],186.0,,
11807,[*]c1[nH]c([*])c(OC)c1OC,,,2.5591
6224,[*]N1C(=O)c2c(C1=O)cc(cc2)c1cc2c(C(=O)N(C2=O)c2cc(cc(c2)C(=O)Oc2ccc(cc2)c2ccc(cc2)O[Si](C(C)(C)C)(C)C)[*])cc1,230.0,,
6741,[*]O[Si]([*])(CCCOCCOCCOCCOCCOCCOCCOC)CCCOCCOCCOCCOCCOCCOCCOC,-68.9,,
1402,[*]NC(=O)C(=O)NCC(CCC[*])(C)C,109.0,,
2883,[*]OCc1ccc(cc1)C[*],217.0,,
174,[*]C(C[*])c1cc(ccc1)B(O[Si](C)(C)C)O[Si](C)(C)C,35.0,,
6024,[*]N1C(=O)c2c(C1=O)cc(cc2)Oc1c(cccc1)Oc1cc2c(C(=O)N(C2=O)c2cc(c(cc2)Oc2c(cccc2)Oc2c(cc(cc2)[*])C(F)(F)F)C(F)(F)F)cc1,185.0,,
3131,[*]Oc1ccc(cc1)S(=O)c1ccc(cc1)Oc1ccc(cc1)C=NN=Cc1ccc(cc1)[*],151.0,,
11479,[*]CC(=O)Nc1ccc(Oc2ccc(Oc3ccc(NC(=O)CN4C(=O)c5ccc(C(=O)c6ccc7c(c6)C(=O)N([*])C7=O)cc5C4=O)cc3)cc2)cc1,,,2.2729
6072,[*]N1C(=O)c2c(C1=O)c(ccc2)Oc1c(cc(cc1C)c1cc(c(c(c1)C)Oc1c2c(C(=O)N(C2=O)c2cc(ccc2)[*])ccc1)C)C,311.0,,
1197,[*]OC(=O)c1cc(ccc1)C(=O)OCc1ccc(cc1)C[*],143.0,,
3431,[*]Oc1ccc(cc1)S(=O)(=O)c1ccc(cc1)Oc1ccc(cc1)C1(CCCCCC1)c1ccc(cc1)[*],247.0,,
12090,[*]CC(=O)OC(=O)[*],,,6.3725
9633,[*]CCCCOC(=O)CC(=CC(=O)O[*])c1ccc(OCC)cc1,,,3.9789
2835,[*]Oc1ccc(cc1)Oc1ccc(cc1)Oc1cc(ccc1)C(=O)Oc1ccc(cc1)c1ccc(cc1)OC(=O)c1cc(ccc1)[*],119.0,251.0,
3798,[*]c1sc(nn1)SCC(=O)NN=Cc1cc(c(cc1)OCCCCCCCCCCOc1c(cc(cc1)C=NNC(=O)CS[*])OC)OC,156.0,135.0,
10739,[*]C=NCCCCCCN=Cc1ccc(Sc2ccc([*])o2)o1,,,3.6661
9578,[*]CCCCCCCCCCOC(=O)CCC(=O)O[*],,,6.7167
4345,[*]Oc1c(cc(cc1)C=C1C(=O)C(=Cc2cc(c(cc2)OC(=O)c2ccc(cc2)N=Cc2ccc(cc2)C=Nc2ccc(cc2)C(=O)[*])OC)CC1)OC,140.0,210.0,
5356,[*]c1cc2c(C(=O)N(C2=O)c2ccc(cc2)Oc2cc3c(cc2)ccc(c3)Oc2ccc(cc2)N2C(=O)c3c(C2=O)cc(cc3)C(=O)Nc2ccc(cc2)c2sc(c(c2c2ccccc2)c2ccccc2)c2ccc(cc2)NC(=O)[*])cc1,311.0,,
6895,[*]C1C(CC(C1)CC(O)(C(F)(F)F)C(F)(F)F)(C(C[*])(F)F)F,98.0,,
2310,[*]C=CC(C([*])C(=O)OCCCN(c1ccc(cc1)N(C)C)C)C,16.0,,
1997,[*]O[Si]([*])(c1c(c(c(c(c1F)F)F)F)F)C,-25.0,,
9654,[*]OC(CC)CC([*])=O,,,6.4081
6837,[*]c1c(cc(c(c1)OC)C(=Cc1c(cc(c(c1)OC)C=C([*])C#N)OCCCCCCCCCCCCCCCC)C#N)OCCCCCCCCCCCCCCCC,190.0,,
6916,[*]/C=C/CCCCCCCCCC[*],,80.0,
2124,[*]C(C[*])CCCCCCCCCCCCCCCCCC,-88.0,,
8224,[*]OC1CCC(CC1)OC(=O)Nc1ccc(cc1)Cc1ccc(cc1)NC(=O)[*],,269.0,
9857,[*]CC(C)(C)C(=O)N[*],,,5.6887
2975,[*]Oc1ccc(cc1)S(=O)(=O)c1ccc(cc1)Oc1ccc(cc1)c1ccc(cc1)Oc1ccc(cc1)C(=O)c1ccc(cc1)[*],206.0,,
4661,[*]c1cc2c(cc1)oc(=O)c(c2)C(=O)Nc1ccc(cc1)C(c1ccc(cc1)NC(=O)c1c(=O)oc2c(cc(cc2)C[*])c1)(C(F)(F)F)C(F)(F)F,329.0,,
7409,[*]NC(=O)CCCCCC(=O)NCCCCCCCCC[*],,197.0,
10484,[*]C=CC(C)CCCCCCCCC[*],,,5.8829
12064,[*]CCNC(=S)[*],,,3.7044
3528,[*]Oc1c(cc(cc1)OCCCCCC(=O)NNC(=O)c1ccc(cc1)C(=O)NNC(=O)CCCCC[*])C,110.5,,
11774,[*]c1[nH]c([*])c(C(=O)O)c1C,,,3.2017
11117,[*]CCCCCCCCCCOC(=O)CC=CCC(=O)O[*],,,6.0213
1317,[*]NC(=O)CCCCCCCCCCCCCCCCCCCCC(=O)NCCCCCCCC[*],48.0,175.0,
7562,[*]NC(CCCCNC(=O)NCCCCCCCCCNC(=O)[*])C(=O)OC,,180.0,
6747,[*]O[Si]([*])(CCC)c1ccccc1,40.6,,
11104,[*]CCCCCCCCCC#CC#CCCCCCCCCCOC(=O)CCCCC(=O)O[*],,,5.4365
10762,[*]C1=CC=C(c2sc(-c3sc([*])c4c3OCCO4)c3c2OCCO3)S1(=O)=O,,,1.7929
2317,[*]C(C[*])N,57.0,,
10998,[*]c1ccc(-c2cc(CCCCCCCCCF)c([*])s2)s1,,,1.9235
7548,[*]NC(CC(=O)[*])C(=O)OCC,,287.0,
973,[*]Oc1ccc(cc1)C(=O)Nc1ccc(cc1)S(=O)(=O)c1ccc(cc1)NC(=O)c1ccc(cc1)Oc1ccc(cc1)C(=O)c1ccc(cc1)S(=O)(=O)c1ccc(cc1)C(=O)c1ccc(cc1)[*],260.0,,
5489,[*]N1C(=O)c2c(C1=O)c(ccc2)Oc1ccc(cc1)C(=O)Nc1ccc(cc1)Oc1ccc(cc1)Oc1ccc(cc1)[*],244.0,,
6406,[*]Oc1ccc(cc1)C(c1ccc(cc1)OC(=O)[*])C1C2CCC(C1C)C2,218.67,,
10744,[*]OC(=O)C(CC(C)C)NC(=O)CCCCC(=O)NC(CC(C)C)C(=O)OC1COC2C([*])COC12,,,5.6427
3633,[*]O[Si](O[Si](O[Si](O[Si](O[Si](Oc1c2ccccc2c2ccccc2c1[*])(C)C)(C)C)(C)C)(C)C)(C)C,-38.0,,
11959,[*]CC([*])(F)C(=O)OCC(F)(F)C(F)(F)F,,,6.4706
3809,[*]Oc1ccc(cc1)C1(c2ccccc2c2ccccc12)c1ccc(cc1)OCCOC(=O)Nc1c(ccc(c1)NC(=O)OCC[*])C,175.0,,
2066,[*]N=P([*])(Oc1ccc(cc1)C(C)C)Oc1ccc(cc1)C(C)C,0.0,370.0,
11777,[*]c1ccc2[nH]c3ccc([*])cc3c2c1,,,3.4644
4049,[*]Oc1c(cc(cc1C)C1(CC2C(CC1)CCCC2)c1cc(c(c(c1)C)Oc1ccc(cc1)C(=O)c1cc(ccc1)C(=O)c1ccc(cc1)[*])C)C,224.0,,
4058,[*]c1oc(nn1)c1ccc(cc1)Oc1c2c(ccc1)c(ccc2)NC(=O)c1ccc(cc1)C(c1ccc(cc1)C(=O)Nc1c2c(ccc1)c(ccc2)Oc1ccc(cc1)[*])(C(F)(F)F)C(F)(F)F,279.0,,
2757,[*]C(=C[*])C(C)(C)C,200.0,,
1795,[*]c1cc2c(C(=O)N(C2=O)c2ccc(cc2)Oc2c3c(ccc2)c(ccc3)Oc2ccc(cc2)N2C(=O)c3c(C2=O)cc(cc3)C(=O)Nc2ccc(cc2)Sc2ccc(cc2)NC(=O)[*])cc1,265.0,,
1020,[*]c1cc2c(C(=O)N(C2=O)c2ccc(cc2)Oc2ccc(cc2)N2C(=O)c3c(C2=O)cc(cc3)c2c(c(c(c(c2c2ccccc2)c2ccccc2)c2ccc(cc2)Oc2ccc(cc2)c2c(c(c(c(c2c2ccccc2)c2ccccc2)[*])c2ccccc2)c2ccccc2)c2ccccc2)c2ccccc2)cc1,329.0,,
5070,[*]c1c(nc2c(n1)cc(cc2)Oc1ccc(cc1)NC(=O)c1cc2c(C(=O)N(C2=O)c2ccc(cc2)C(c2ccc(cc2)N2C(=O)c3c(C2=O)cc(cc3)C(=O)Nc2ccc(cc2)Oc2cc3c(nc(c(n3)c3ccc(cc3)[*])c3ccccc3)cc2)(C(F)(F)F)C(F)(F)F)cc1)c1ccccc1,293.0,,
518,[*]C(C[*])(C(=O)NC(=O)Oc1ccc(cc1)S(=O)(=O)c1ccc(cc1)O)C,182.0,,
2888,[*]c1oc2c(n1)ccc(c2)c1ccc2c(oc(n2)CCCCCCCCCCCC[*])c1,55.0,185.0,
11172,[*]CC(=O)NCCCCCCNC(=O)COC(=O)CCCCCCC(=O)O[*],,,5.9354
3099,[*]OCC(C[*])(CS(=O)(=O)CCC)CS(=O)(=O)CCC,71.0,166.0,
9622,[*]CCCCCCCCCCCCCCCC(=O)O[*],,,6.7798
1695,[*]c1cc2c(C(=O)N(C2=O)c2ccc(cc2)C(=O)c2cc(ccc2)C(=O)c2ccc(cc2)N2C(=O)c3c(C2=O)cc(cc3)C(=O)[*])cc1,276.0,,
3922,[*]OP(=O)(OCCCCCCOc1c(cc(cc1)C=C1C(=O)C(=Cc2cc(c(cc2)OCCCCCC[*])OC)CC1)OC)OC,74.0,123.0,
2781,[*]N1CCN(CC1)C(=O)OC1CC2CC(CC(C1)O2)OC(=O)[*],113.0,,
1736,[*]N1C(=O)c2c(C1=O)cc(cc2)Oc1ccc(cc1)Sc1ccc(cc1)Oc1cc2c(C(=O)N(C2=O)c2cc(ccc2)[*])cc1,209.0,,
6263,[*]N1C(=O)c2c(C1=O)c(ccc2)c1cc2c(C(=O)N(C2=O)c2cc(c(cc2)c2c(cc(cc2)[*])C)C)cc1,372.0,,
12244,[*]C(=O)NC(=O)NC(=O)NC(S1)=CC=C1N[*],,,3.5876
11535,[*]C(=O)Nc1ccc(C2(c3ccc(N4C(=O)c5ccc([*])cc5C4=O)cc3)CCCCC2)cc1,,,2.8477
791,[*]Oc1c2c(c(cc1)c1c3c(c(cc1)OCCCCC[*])cccc3)cccc2,151.0,196.0,
10291,[*]c1ccc(-c2ccc(-c3cnc4cc(-c5ccc6nc([*])cnc6c5)ccc4n3)cc2)cc1,,,2.7698
8119,[*]OC(=O)c1ccc(cc1)N1ON1c1ccc(cc1)C(=O)OCCOCCOCC[*],,94.0,
11646,[*]Oc1ccc(Cc2ccc(Cc3ccc(OC([*])=O)cc3)cc2)cc1,,,4.7564
11358,[*]Nc1ccc(C(=O)c2ccc(NC(=O)c3ccc(C([*])=O)cc3)cc2)cc1,,,3.6944
7459,[*]NC(=O)CCCCCCCCCCCCC(=O)NCc1ccc(cc1)C[*],,257.0,
8603,[*]Oc1ccc(cc1)Oc1ccc(cc1)C(=O)c1ccc(cc1)c1ccc(cc1)C(=O)c1ccc(cc1)[*],,323.0,
4006,[*]c1oc(nn1)c1ccc(cc1)C(=O)OCCCCCCCCCCOc1ccc(cc1)C=CC(=O)C=Cc1ccc(cc1)OCCCCCCCCCCOC(=O)c1ccc(cc1)[*],58.0,,
7100,[*]C1(c2c(C(=O)O1)cccc2)c1ccc(cc1)OS(=O)c1cc(ccc1)S(=O)Oc1ccc(cc1)[*],,220.0,
6482,[*]OC(=O)OCC1CCC(CC1)C[*],38.7,,
1212,[*]OC(=O)c1cc(ccc1)C(C(C(c1cc(ccc1)C(=O)OCC(C(C(C[*])(F)F)(F)F)(F)F)(F)F)(F)F)(F)F,18.67,147.0,
11375,[*]Nc1ccc(NC(=O)c2cc(NC(=O)c3ccc(NC(=O)C(C)N4C(=O)c5ccccc5C4=O)cc3)cc(C([*])=O)c2)cc1C,,,2.319
6549,[*]c1nc2c(c(c1c1ccccc1)c1ccccc1)cc(cc2)c1cc2c(nc(c(c2c2ccccc2)c2ccccc2)c2ccc(cc2)[*])cc1,376.25,555.0,
9325,[*]CCCCCCCCCCOCO[*],,,6.4569
8630,[*]Oc1ccc(cc1)c1ccc(cc1)OC(=O)c1cc(ccc1)Oc1ccc(cc1)C(=O)[*],,438.0,
4714,[*]Nc1c(cccc1)c1ccc(cc1)NC(=O)c1cc(ccc1)C(=O)[*],248.0,,
9128,[*]CC([*])n1cc2ccccc2n1,,,3.7572
219,[*]C(=CCC[*])c1ccccc1,36.62,,
5404,[*]N1C(=O)c2c(C1=O)cc(cc2)Oc1ccc(cc1)Oc1cc2c(C(=O)N(C2=O)c2ccc(cc2)S(=O)(=O)c2ccc(cc2)[*])cc1,283.0,,
10337,[*]CCC1CC([*])C2C3CC(CC)C(C3)C12,,,6.6502
7670,[*]OC(=C(C)C)[*],,290.0,
4582,[*]OC(COC(=O)c1c(cccc1)C(=O)[*])COc1ccc(cc1)N=Nc1ccc(cc1)C#N,105.0,,
6818,[*]c1c(cc(c(c1)OCCCC)[*])OCCCC,37.0,,
5709,[*]N1C(=S)N(C(=O)CC1=O)c1ccc(cc1)Oc1cc(ccc1)Oc1ccc(cc1)[*],128.0,,
10226,[*]OC(=O)c1ccc(C([*])=O)cc1,,,4.5736
7824,[*]OC(=O)CCCCCCCCCCCC(=O)[*],,77.0,
4654,[*]c1nc2c(nc1c1cc3c(cc1)cc(cc3)OC(=O)c1ccc(cc1)C(=O)Oc1cc3c(cc1)cc(cc3)[*])cccc2,136.0,,
9660,[*]CCCOC(=O)CCCCCCCCCCC(=O)O[*],,,6.5126
12131,[*]COC(S1)=CC=C1O[*],,,4.8466
9866,[*]CNC(=O)CCCCC(=O)N[*],,,6.0289
11812,[*]c1ccc2c(c1)c1cc([*])ccc1n2CC,,,3.4703
6730,[*]O[Si]([*])(CCCCCCCCCCCOc1ccc(cc1)/C=C/c1ccc(cc1)OC)C,55.0,161.85,
6100,[*]c1cc2c(C(=O)N(C2=O)c2c(cc(cc2C)C(c2cc(c(c(c2)C)N2C(=O)c3c(C2=O)cc(cc3)C([*])(C(F)(F)F)C(F)(F)F)C)c2cc(cc(c2)C(F)(F)F)C(F)(F)F)C)cc1,288.0,,
7066,[*]C(C[*])OCC(F)(F)F,,128.0,
11620,[*]c1ccc(Oc2ccc(-n3c(=O)c4cc5c(=O)n([*])c(=O)c5cc4c3=O)cc2Br)c(Br)c1,,,2.4917
4584,[*]c1c(nccc1)C(=O)OC(COC(=O)[*])COc1ccc(cc1)N=Nc1ccc(cc1)C#N,130.0,,
7988,[*]OC(=O)SSC(=O)OCCCCCC[*],,55.0,
5923,[*]C1C(=O)N(C(=O)C1C(C[*])c1ccccc1)c1ccc(cc1)C(C)(C)C,237.0,,
10049,[*]CCCCCCCCOC(=O)NCCCCCCNC(=O)O[*],,,6.1519
11891,[*]c1ccc([*])n1C(C(=O)NO)n1ccc2ccccc21,,,2.4131
6649,[*]N(c1ccc(cc1)C(=O)c1ccc(cc1)N(CCCCCC[*])C)C,75.5,127.0,
6421,[*]OC(COC(=O)[*])C,31.72,103.03,
2444,[*]C(C[*])(C(=O)OCC=C)C,94.0,,
10088,[*]C(=O)OCCOC(=O)N1CCN([*])CC1,,,5.8752
7105,[*]C1C(=O)OC(=O)C1[*],,320.0,6.3452
3492,[*]Oc1ccc(cc1)CC(NC(=O)CCc1ccc(cc1)OC(=O)COCC(=O)[*])C(=O)OC,82.0,,
11852,[*]Nc1ccc([*])cc1I,,,4.4168
12100,[*]CC(=S)C(=O)O[*],,,2.7057
1103,[*]Oc1ccc(cc1)C(c1ccc(cc1)OC(=O)c1cc(ccc1)C(=O)[*])(C)C,166.08,280.6,
3558,[*][Si]1(O[Si](O[Si](O1)(C)C)(C)C)O[Si](CC[*])(C)C,-66.0,-47.0,
3802,[*]Oc1ccc(cc1)C(=Cc1ccc(cc1)OCC(COC(=O)CCCCCCCCC(=O)OCC(C[*])O)O)C,30.0,,
7376,[*]NC(=O)CC(CCCC[*])C,,178.0,
3694,[*]c1oc(nn1)c1c(cc(cc1)[*])OCCCCCCCC,173.0,,
8028,[*]OC(=O)c1cc(ccc1)c1cc(ccc1)C(=O)OCCCCCCCCCCCCCCCCCCCC[*],,90.0,
6462,[*]Oc1ccc(cc1)c1ccc(cc1)OC(=O)OC1C(C(C1(C)C)OC(=O)[*])(C)C,165.0,,
1529,[*]OC(=O)NCCCCCCNC(=O)OCCC[*],55.0,,
9436,[*]CCCCCCCCc1nnc([*])o1,,,6.3765
5691,[*]N1C(=O)c2c(C1=O)cc(cc2)c1cc2c(C(=O)N(C2=O)c2cc(ccc2)OCCCCOc2cc(ccc2)[*])cc1,175.0,,
929,[*]N1C(=O)c2c(C1=O)cc(cc2)Oc1cc2c(cc1)ccc(c2)Oc1cc2c(C(=O)N(C2=O)c2ccc(cc2)C(c2ccc(cc2)[*])(C)C)cc1,247.0,,
11307,[*]CCCCCCCCCCCCNC(=O)C(OC)C(OC)C(=O)N[*],,,5.7132
5412,[*]c1cc2c(C(=O)N(C2=O)c2ccc(cc2)Oc2ccc(cc2)c2ccc(cc2)Oc2ccc(cc2)N2C(=O)c3c(C2=O)cc(cc3)C([*])(C(F)(F)F)C(F)(F)F)cc1,288.0,,
8840,[*]c1cc2c(C(=O)N(C2=O)c2ccc(cc2)Oc2c3c(ccc2)c(ccc3)Oc2ccc(cc2)N2C(=O)c3c(C2=O)cc(cc3)C(=O)Nc2ccc(cc2)Oc2cc(ccc2)Oc2ccc(cc2)NC(=O)[*])cc1,,383.0,
3362,[*]Oc1c(cc(cc1)OC(=O)c1ccc(cc1)OCCCCCCCCCCCCOc1ccc(cc1)C(=O)[*])S(=O)(=O)c1ccccc1,82.7,,
4643,[*]OC(=O)c1c(cc(cc1)C(=O)OCCN(CC[*])c1ccc(cc1)N=Nc1ccc(cc1)C=Cc1nc2c(n1CC)cc(cc2)[N+](=O)[O-])OC,173.0,,
5257,[*]c1cc2c(C(=O)N(C2=O)c2c(cccc2)Cc2ccc(cc2)N2C(=O)c3c(C2=O)cc(cc3)C(=O)[*])cc1,286.0,,
6479,[*]Oc1cc2c(C(CC2(c2ccc(cc2)OC(=O)[*])C)(C)C)cc1,201.7,,
2936,[*]Oc1cc(ccc1)NC(=O)CCCC(=O)Nc1cc(ccc1)OCC(COc1ccc(cc1)C(c1ccc(cc1)OCC(C[*])O)(C)C)O,111.0,,
6211,[*]N1C(=O)c2c(C1=O)cc(cc2)Oc1cc2c(C(=O)N(C2=O)c2cc(ccc2)Oc2c(ccc(c2)Oc2cc(ccc2)[*])C#N)cc1,196.0,,
11105,[*]CCCCCCCCCC#CC#CCCCCCCCCCOC(=O)CCCCCCC(=O)O[*],,,5.4734
2724,[*]C(C[*])(C(=O)OCc1cc2c(OCCOCCOCCOCCO2)cc1)C,38.0,,
8848,[*]c1ccc(cc1)/C(=C(/[*])\OC(=O)C)/OC(=O)C,,179.5,
6439,[*]OC(=O)OCC(C(C[*])OC(=O)C(NC(=O)OC(C)(C)C)Cc1ccccc1)OC(=O)C(NC(=O)OC(C)(C)C)Cc1ccccc1,51.38,,
9363,[*]CCCCCCCCC(=O)NCCCCCOCCCCCNC(=O)CCCCO[*],,,5.8271
3858,[*]c1nc2c([nH]1)ccc(c2)NC(=O)c1ccc(cc1)OCCOCCOCCOCCOCCOc1ccc(cc1)C(=O)Nc1ccc(cc1)[*],125.0,,
7926,[*]OC(=O)NCCSCCCCCCSCCNC(=O)OCC1CCC(CC1)C[*],,124.0,
1236,[*]Oc1ccc(cc1)Cc1ccc(cc1)OC(=O)c1cc(cc(c1)OCCCCC)C(=O)[*],110.0,254.0,
8817,[*]c1[se]c(cc1)[*],,385.0,
11548,[*]Nc1ccc(NC(=S)NC(=O)c2ccc(C(=O)NC([*])=S)cc2)cc1,,,2.6945
532,[*]C(C[*])(CCC(C(=O)OC)C)C(=O)OC,34.0,,
9148,[*]CC([*])C(=O)c1ccccc1O,,,1.7298
2951,[*]Oc1c2c(ccc1)ccc(c2)Oc1ccc(cc1)NC(=O)c1cc(ccc1)C(=O)Nc1ccc(cc1)[*],256.0,,
8913,[*]c1nc2c([nH]1)ccc(c2)c1ccc2c(nc([nH]2)c2c(c(ccc2)[*])c2ccccc2)c1,,315.0,
10572,[*]CCCCCCCc1nnc([*])o1,,,6.3125
1993,[*]O[Si](CCC(C(C(C(CC[Si]([*])(CCC(F)(F)F)C)(F)F)(F)F)(F)F)(F)F)(CCC(F)(F)F)C,-25.0,,
5201,[*]N1C(=O)c2c(C1=O)cc(cc2)C(=O)Nc1ccc(cc1)Oc1cc(ccc1)Oc1ccc(cc1)NC(=O)C[*],220.0,,
8800,[*][Si](c1ccc(cc1)[*])(CCc1ccccc1)C,,69.0,
7442,[*]NC(=O)CCCCCCCCCC(=O)NCCCCCCCCC[*],,192.0,
10232,[*]OC(=O)CS(=O)(=O)Cc1ccc(CS(=O)(=O)CC([*])=O)cc1,,,4.9033
6196,[*]c1cc2c(C(=O)N(C2=O)c2ccc(cc2)c2cc(c(cc2)Oc2cc3c(C(CC3(c3ccc(cc3)Oc3c(cc(cc3)c3ccc(cc3)N3C(=O)c4c(C3=O)cc(cc4)C([*])(C(F)(F)F)C(F)(F)F)C(F)(F)F)C)(C)C)cc2)C(F)(F)F)cc1,262.0,,
4419,[*]Oc1ccc(cc1)CC(NC(=O)CCc1ccc(cc1)OC(=O)CCCCCCCCC(=O)[*])C(=O)OC,46.33,,
11011,[*]C=Cc1csc(C=Cc2cccc([*])n2)c1CCCCCCCC,,,3.2647
675,[*]OC(=O)CCCCC(=O)OCCOCC[*],-54.67,-27.75,
12385,[*]Nc1ccc(C(C)(C)c2ccc(NC(=O)c3cc(C([*])=O)cc(S(=O)(=O)c4ccccc4)c3)cc2)cc1,,,3.3259
3821,[*]c1nc(nc(n1)Oc1ccc(cc1)C(=O)Nc1ccc(cc1)S(=O)(=O)c1ccc(cc1)NC(=O)c1ccc(cc1)O[*])Sc1ccccc1,310.0,,
9612,[*]CCCCCC(=O)O[*],,,6.6614
3595,[*]Oc1c2c(c(cc1)c1c3c(c(cc1)Oc1ccc(cc1)Oc1c(ccc(c1)Oc1ccc(cc1)[*])CCCCCC)cccc3)cccc2,150.0,,
3817,[*]Oc1ccc(cc1)S(=O)(=O)c1ccc(cc1)OC1(C(C(C1(F)F)(F)F)([*])F)F,159.47,,
6579,[*]N(c1ccc(cc1)C(c1ccc(cc1)[*])c1ccccc1)c1ccc(cc1)C,199.0,,
8675,[*]SC(=NC)SCC[*],,88.0,
934,[*]N1C(=O)c2c(C1=O)cc(cc2)Oc1cc2c(cc1)ccc(c2)Oc1cc2c(C(=O)N(C2=O)c2ccc(cc2)Oc2ccc(cc2)Oc2ccc(cc2)[*])cc1,228.0,,
7938,[*]OC(=O)NCCSCCCCSCCNC(=O)OCC1CCC(CC1)C[*],,127.0,
5212,[*]N1C(=O)c2c(C1=O)cc(cc2)Oc1ccc(cc1)Oc1cc2c(C(=O)N(C2=O)c2ccc(cc2)Oc2ccc(cc2)Oc2ccc(cc2)Oc2ccc(cc2)[*])cc1,210.0,291.0,
8248,[*]OCC1C(C1)C[*],,45.0,
7640,[*]Nc1ccc(cc1)C(=O)[*],,550.0,
11515,[*]c1ccc(-c2ccc(-n3c(=O)c4cc5c(=O)n([*])c(=O)c5cc4c3=O)cc2OC(F)(F)F)c(OC(F)(F)F)c1,,,2.7837
10900,[*]c1sc([*])c(OCCCC)c1OC,,,3.2859
1062,[*]C1(NCC(NC1)(C(=O)OCC(CSCC(COC(=O)[*])(C)C)(C)C)C)C,40.0,,
131,[*]C(C[*])c1ccc(cc1)I,155.0,,
2201,[*]C(CC[*])(c1ccccc1)C,93.0,,
9453,[*]CCOCCOCCOC(=O)CCCCCCCC(=O)O[*],,,6.3362
2621,[*]C(C[*])C(=O)Oc1ccc(cc1)C(=O)Oc1ccc(cc1)OC(=O)c1ccc(cc1)OCCCC,47.0,,
11001,[*]c1cc(CCOC(=O)C(C)Br)c([*])s1,,,2.3659
5104,[*]C1C(=O)N(C(=O)C1C(C[*])(C)C)c1ccccc1,188.0,,
9543,[*]OC(=O)CCSc1ccc(SCCC([*])=O)cc1,,,4.6942
6771,[*]O[Si](O[Si](O[Si](O[Si](C#Cc1ccc(cc1)C#C[Si]([*])(C)C)(C)C)(C)C)(C)C)(C)C,84.0,,
5295,[*]N1C(=O)c2c(C1=O)cc(cc2)Oc1cc2c(C(=O)N(C2=O)CCCCCCC[*])cc1,110.0,,
12345,[*]Nc1cc(-c2ccc(-c3ccc4nc5c6cccc7c([*])ccc(c(=O)n5c4c3)c76)cc2)ccc1O,,,2.3966
12283,[*]C(F)(F)C(=S)C(F)(F)O[*],,,2.9412
4847,[*]Nc1ccc(cc1)C(=O)c1ccc(cc1)NC(=O)c1cc(ccc1)C(=O)[*],253.2,,
727,[*]Oc1ccc(cc1)C1(C(CC(CC1)C(C)C)c1ccc(cc1)OCC(C[*])O)C,175.0,,
2743,[*]C(C[*])(C(=O)OCCCCCCCCCCCC[n+]1ccc(cc1)N(C)C)C,55.5,,
4721,[*]Nc1cc(cc(c1)C(=O)Oc1ccc(cc1)c1ccccc1)NC(=O)c1ccc(cc1)C(=O)[*],178.0,,
7739,[*]OC(=O)CCC(=O)OCCOCCOCC[*],,-22.5,
5926,[*]c1cc2c(C(=O)N(C2=O)c2c(cc(c(c2C)N2C(=O)c3c(C2=O)cc(cc3)C(=O)Nc2c(cc(c(c2C)NC(=O)[*])C)C)C)C)cc1,288.0,,
3127,[*]Oc1ccc(cc1)C=NN=Cc1ccc(cc1)Oc1ccc(cc1)C(c1ccc(cc1)[*])(C)C,163.0,,
10271,[*]CCCCCCCCCCNCCCCCCN[*],,,5.4327
4334,[*]Oc1ccc(cc1)C(=O)Nc1ccc(cc1)C(c1ccc(cc1)NC(=O)c1ccc(cc1)OC(=O)c1ccc(cc1)C(=O)[*])(C(F)(F)F)C(F)(F)F,266.0,,
6320,[*]c1cc2c(C(=O)N(C2=O)c2ccc(cc2)Sc2ccc(cc2)Oc2ccc(cc2)Sc2ccc(cc2)N2C(=O)c3c(C2=O)cc(cc3)C(=O)Nc2ccc(cc2)Oc2cc(ccc2)Oc2ccc(cc2)NC(=O)[*])cc1,179.0,,
3767,[*]Oc1ccc(cc1)C(=O)Nc1ccc(cc1)C(c1ccc(cc1)NC(=O)c1ccc(cc1)[*])(P1(=O)c2ccccc2c2ccccc2O1)P1(=O)c2ccccc2c2ccccc2O1,243.0,,
6965,[*]C(C([*])O)C,,140.0,
813,[*]Oc1ccc(cc1)NC(=O)CCCCCCCCC(=O)Nc1ccc(cc1)[*],160.0,310.0,
5617,[*]c1cc2c(C(=O)N(C2=O)c2ccc(cc2)NC(=O)c2cc(ccc2)C(=O)Nc2ccc(cc2)N2C(=O)c3c(C2=O)cc(cc3)C(=O)[*])cc1,247.0,,
8385,[*]Oc1c(cc(cc1)OC(=O)c1ccc(cc1)C(=O)[*])CCCCCCC,,257.0,
10415,[*]CC([*])CN,,,5.4738
7878,[*]OC(=O)CSCSCC(=O)OCC(C(C(C[*])(F)F)(F)F)(F)F,,52.5,
1121,[*]OC(=O)CCC[*],-28.78,60.9,
10311,[*]CCc1cc(Cl)c([*])cc1Cl,,,5.2202
8588,[*]Oc1ccc(cc1)OC(=O)c1ccc(cc1)OCCCCCCOc1ccc(cc1)C(=O)Oc1ccc(cc1)OCCCCCCCCCC[*],,203.0,
11566,[*]c1cc(C(=O)NCCCC)cc(N2C(=O)c3ccc(-c4ccc5c(c4)C(=O)N([*])C5=O)cc3C2=O)c1,,,3.3359
913,[*]Oc1cc(ccc1)NC(=O)c1cc(cc(c1)C(C(C(C(C(C(C(C(F)(F)F)(F)F)(F)F)(F)F)(F)F)(F)F)(F)F)(F)F)C(=O)Nc1ccc(cc1)[*],210.0,,
10835,[*]c1ccc(-c2ccc(-c3nc(-c4ccc(-c5csc([*])n5)cc4)cs3)cc2)cc1,,,2.9481
9233,[*]CC([*])C(=O)OCCO,,,6.417
2200,[*]C(C[*])c1ccc(cc1)N(c1ccccc1)c1ccccc1,123.5,,
1816,[*]N1C(=O)c2c(C1=O)cc(cc2)S(=O)(=O)c1cc2c(C(=O)N(C2=O)c2ccc(cc2)Oc2cc3c(cc2Oc2ccc(cc2)[*])cccc3)cc1,275.0,,
4522,[*]Oc1cc(cc(c1)C(=O)OCCN(c1ccc(cc1)N=Nc1ccc(cc1)[N+](=O)[O-])CC)OC(=O)c1ccc(cc1)C(=O)[*],130.0,240.0,
5467,[*]N1C(=O)c2c(C1=O)cc(cc2)C(=O)Oc1c(cc(cc1)OC(=O)c1cc2c(C(=O)N(C2=O)CCCOCCCCOCCC[*])cc1)c1ccccc1,71.0,,
7671,[*]OC(=C(C)C)C(C(=O)[*])(C)C,,171.75,
3636,[*]c1oc(nn1)c1ccc(cc1)Oc1c2c(c(cc1)C=Cc1ccc(cc1)Oc1ccc(cc1)[*])cccc2,213.0,,
10202,[*]C(=O)c1ccc2c(c1)C(=O)N(c1ccc(C(c3ccc(N4C(=O)c5ccc([*])cc5C4=O)cc3)(C(F)(F)F)C(F)(F)F)cc1)C2=O,,,3.0171
2856,[*]c1ccc2c3n(c4ccc(cc4n3)c3cc4n5c(nc4cc3)c3cccc4c(ccc(c5=O)c34)Oc3ccc(cc3)Sc3ccc(cc3)O[*])c(=O)c3cccc1c23,386.0,,
935,[*]N1C(=O)c2c(C1=O)cc(cc2)Oc1cc2c(cc1Oc1cc3c(C(=O)N(C3=O)c3ccc(cc3)Oc3cc(ccc3)Oc3ccc(cc3)[*])cc1)cccc2,208.0,,
2088,[*]c1ccc(cc1)c1c(cc(c(c1c1ccccc1)c1ccccc1)c1ccc(cc1)c1c(c(c(c(c1)c1ccccc1)c1ccc(cc1)CCC[*])c1ccccc1)c1ccccc1)c1ccccc1,290.0,,
5346,[*]c1cc2c(C(=O)N(C2=O)c2c(cc(cc2)C2(c3ccccc3c3ccccc23)c2cc(c(cc2)N2C(=O)c3c(C2=O)cc(cc3)C([*])(C(F)(F)F)C(F)(F)F)F)F)cc1,352.0,,
1551,[*]OC(=O)Nc1cc(c(cc1)C)NC(=O)OCC[*],52.0,187.5,
3139,[*]c1n(c(nn1)c1ccc(cc1)Oc1ccc(cc1)C(c1ccc(cc1)Oc1ccc(cc1)[*])(C)C)c1ccc(cc1)C,205.0,,
4243,[*]Oc1ccc(cc1)C1(c2ccccc2C(=O)c2ccccc12)c1ccc(cc1)OC(=O)c1ccc(cc1)C(=O)[*],400.0,,
4531,[*]c1ccc2n(c3c(c2c1)cc(cc3)C=C(C(=O)OCCCCCCOC(=O)C(=C[*])C#N)C#N)CCCCCCCCCCCn1c2ccccc2c2ccccc12,63.0,,
2148,[*]C(CC(C[*])c1ccc(cc1)F)(C#N)C#N,150.0,,
1434,[*]S(=O)(=O)c1ccc(cc1)NC(=O)CCCCCCCCC(=O)Nc1ccc(cc1)[*],97.0,203.0,
319,[*]C(C[*])n1cncc1,167.93,,
7181,[*]N(C(=O)c1ccc(cc1)C(=O)N(CCC[*])CC)CC,,160.0,
5222,[*]N1C(=O)c2c(C1=O)cc(cc2)Oc1ccc(cc1)Sc1ccc(cc1)Oc1cc2c(C(=O)N(C2=O)c2ccc(cc2)Oc2ccc(cc2)c2ccc(cc2)Oc2ccc(cc2)[*])cc1,195.5,325.0,
216,[*]C(C[*])Cc1ccc(cc1)C,62.5,240.0,
2198,[*]C(C[*])c1ccc(cc1)B(Oc1c2ncccc2c(cc1)c1ccc(cc1)OC)c1ccc(cc1)C(C)(C)C,220.0,,
939,[*]N1C(=O)c2c(C1=O)cc(cc2)Oc1c2c(ccc1)c(ccc2)Oc1cc2c(C(=O)N(C2=O)c2c(cc(cc2C)Cc2cc(c(c(c2)C)[*])C)C)cc1,281.0,,
164,[*]C(C([*])(F)F)(c1ccccc1)F,203.33,,
8032,[*]OC(=O)c1cc2c(cc1)cc(cc2)C(=O)OCCCC(=O)Nc1ccc(cc1)NC(=O)CCC[*],,180.0,
5650,[*]c1cc2c(C(=O)N(C2=O)c2c(ccc(c2)C(c2cc(c(cc2)O)N2C(=O)c3c(C2=O)cc(cc3)C([*])(C(F)(F)F)C(F)(F)F)(C(F)(F)F)C(F)(F)F)O)cc1,310.33,,
3831,[*]Oc1ccc(cc1)C(=O)Nc1cc(cc(c1)c1nc2c([nH]1)cccc2)NC(=O)c1ccc(cc1)OCCOCCOCCOCCOCC[*],145.0,,
4225,[*]c1sc(cc1)C(=O)Oc1ccc(cc1)[Si](c1ccc(cc1)OC(=O)[*])(c1ccccc1)c1ccccc1,-78.0,64.0,
6097,[*]N1C(=O)c2c(C1=O)cc(cc2)c1cc2c(C(=O)N(C2=O)c2c(cc(cc2C)C(c2cc(c(c(c2)C)[*])C)c2cc(cc(c2)C(F)(F)F)C(F)(F)F)C)cc1,317.4,,
7494,[*]NC(=O)NC(=O)NCc1c(c(cc(c1)C[*])C=O)O,,139.85,
5487,[*]N1C(=O)c2c(C1=O)c(ccc2)Oc1ccc(cc1)C(=O)Nc1ccc(cc1)Oc1ccc(cc1)[*],253.0,,
10073,[*]CCCCOC(=O)NCc1ccc(CNC(=O)O[*])cc1,,,5.6759
2312,[*]C(C[*])OCCOc1ccc(cc1)N=Nc1ccc(cc1)C#N,61.0,,
56,[*]C(C[*])c1c(cccc1)C(=O)Nc1ccccc1,191.0,,
7432,[*]NC(=O)CCCCCCCCC(=O)NCCCC[*],,247.97,
1609,[*]Nc1ccc(cc1)Cc1ccc(cc1)NC(=O)NCCCCCCCCNC(=O)[*],50.0,263.0,
11474,[*]C(=O)c1ccc2c(c1)C(=O)N(c1ccc(Sc3ccc(N4C(=O)c5ccc([*])cc5C4=O)cn3)nc1)C2=O,,,2.583
8114,[*]OC(=O)c1ccc(cc1)COCCOCc1ccc(cc1)C(=O)OCC[*],,132.5,
3539,[*]Oc1ccc(cc1)S(=O)(=O)c1ccc(cc1)Oc1ccc(cc1)C1(CCCCC1)c1ccc(cc1)Oc1ccc(cc1)S(=O)(=O)c1ccc(cc1)Oc1ccc(cc1)C=C1C(=O)C(=Cc2ccc(cc2)[*])CCC1,190.0,,
10046,[*]CCCCCCOC(=O)NCC(F)(F)C(F)(F)C(F)(F)C(F)(F)CNC(=O)O[*],,,6.7703
8326,[*]OP(=O)(OCCCCOc1ccc(cc1)C=Cc1ccc(cc1)OCCCC[*])Oc1c2c(ccc1)cccc2,,195.0,
8562,[*]Oc1ccc(cc1)N=Cc1ccc(cc1)OC(=O)c1ccc(cc1)C=Nc1ccc(cc1)OCCCCCCCCOC(=O)NCCCCCCNC(=O)OCCCCCCCC[*],,186.2,
10595,[*]c1ccc(Oc2ccc(C(=O)c3ccc(Oc4ccc(-c5cc([*])[nH]n5)cc4)cc3)cc2)cc1,,,3.5958
11993,[*]C(C=C1)=CC=C1C(C=C2)=CC=C2C(S3)=CC=C3O[*],,,3.3694
213,[*]C1(CC(C1)[*])C#N,220.0,370.0,
9085,[*]n1c(=O)c2cc3c(cc2c1=O)c(=O)n(c3=O)c1ccc(cc1)Oc1ccc(cc1)C(c1ccc(cc1)Oc1ccc(cc1)[*])(C(F)(F)F)C(F)(F)F,,400.0,
2096,[*]c1ccc(cc1)c1c(cc(c(c1c1ccccc1)c1ccccc1)c1cc(ccc1)c1c(c(c(c(c1)c1ccccc1)c1ccc(cc1)CCCCCCCCCCCCCC[*])c1ccccc1)c1ccccc1)c1ccccc1,160.0,,
5314,[*]c1cc2c(C(=O)N(C2=O)c2ccc(cc2)S(=O)(=O)c2ccc(cc2)N2C(=O)c3c(C2=O)cc(cc3)C(=O)Nc2ccc(cc2)Oc2ccc(cc2)Oc2ccc(cc2)NC(=O)[*])cc1,243.0,,
5046,[*]N1C(=O)c2c(C1=O)cc(cc2)C(=O)Oc1ccc(cc1)c1ccc(cc1)OC(=O)c1cc2c(C(=O)N(C2=O)CCCCC[*])cc1,147.0,356.0,
2306,[*]C1C(C(C(C1)C=C[*])C(=O)OCCCCCCOc1ccc(cc1)c1ccc(cc1)C#N)C(=O)OCCCCCCOc1ccc(cc1)c1ccc(cc1)C#N,41.93,,
6909,[*]/C=C/C(C([*])(C)C)(C)C,,264.0,
3931,[*]Oc1ccc(cc1)NCC(=O)c1ccc(cc1)Sc1ccc(cc1)C(=O)CNc1ccc(cc1)[*],208.0,,
11354,[*]CCCCCCCCCCNC(=O)CCCCCCCCCCCCCCC(=O)N[*],,,5.8964
776,[*]Oc1ccc(cc1)Oc1ccc(cc1)Oc1ccc(cc1)S(=O)(=O)c1ccc(cc1)[*],184.33,,
1306,[*]NC(=O)CCCCCCC(=O)NCCCCCC[*],52.67,226.7461538,
6963,[*]C(=O)CCCCCCCCCCOc1ccc(cc1)c1c2nsnc2c(cc1)c1ccc(cc1)OCCCCCCCCCCC(=O)OCC(CO[*])(CO[*])C,,91.2,
10394,[*]C=CC1CC([*])C(C(F)(F)F)(C(F)(F)F)C1(F)F,,,5.3867
10721,[*]c1ccc(S(=O)(=O)c2ccc(-n3nc(-c4ccc(Oc5ccc(-c6nn([*])c(=O)c7ccccc67)cc5)cc4)c4ccccc4c3=O)cc2)cc1,,,3.5201
8626,[*]Oc1ccc(cc1)c1ccc(cc1)OC(=O)CCCCCCCCCCCC(=O)[*],,185.0,
11977,[*]CC(C1=CC=CC=N1)CC(C2=CC=CC=N2)CC(C3=CC=CC=N3)[*],,,5.3668
12093,[*]CC(=S)C(S1)=CC=C1O[*],,,2.8161
1369,[*]NC(=O)c1cc(ccc1)C(=O)NCc1cc(cc(c1)C(C)(C)C)C[*],188.0,272.5,
11682,[*]Oc1ccc(C(c2ccc(OC([*])=O)cc2)C(Cl)Cl)cc1,,,4.8285
1975,[*]c1n(c(nn1)c1cc(ccc1)c1n(c(nn1)c1ccc(cc1)[*])c1ccccc1)c1ccccc1,265.0,243.5,
8064,[*]OC(=O)c1ccc(cc1)C(=O)NCCCNC(=O)c1ccc(cc1)C(=O)OCC[*],,205.0,
2344,[*]C=CCCCCCCCCCC(CCCCCCCCC[*])Cl,-37.0,46.0,
10235,[*]CCCCOC(=O)SC(=O)O[*],,,5.9582
6011,[*]c1cc2c(C(=O)N(C2=O)c2ccc(cc2)NC(=O)Nc2ccc(cc2)N2C(=O)c3c(C2=O)cc(cc3)C(=O)Nc2ccc(cc2)c2ccc(cc2)NC(=O)[*])cc1,233.0,,
9811,[*]CCCCCCCCCCCC(=O)N[*],,,6.0986
10314,[*]c1ccc(C2C(C(=O)OC)C([*])C2C(=O)OC)cc1,,,4.8882
3336,[*]Oc1ccc(cc1)Oc1ccc(cc1)C(=O)c1ccc(cc1)NC(=O)CCCCCCCCC(=O)Nc1ccc(cc1)C(=O)c1ccc(cc1)[*],130.0,334.0,
3668,[*]O[Si](O[Si](O[Si](OC(CCC([*])C)C)(C)C)(C)C)(C)C,-90.0,,
5823,[*]N1C(=O)c2c(C1=O)cc(cc2)C(c1cc2c(C(=O)N(C2=O)CCN(CC[*])c2ccc(cc2)C=Cc2ccc(cc2)[N+](=O)[O-])cc1)(C(F)(F)F)C(F)(F)F,219.0,,
9834,[*]Cc1ccc(CNC(=O)CCCCCCCCCCCCCC(=O)N[*])cc1,,,5.2897
11736,[*]C(=NCCCCCC)N([*])CCCCCC,,,4.3588
60,[*]C(C[*])c1c(cccc1)C(=O)OCCC,108.0,,
6446,[*]Oc1ccc(cc1)C(c1ccc(cc1)OC(=O)[*])CC,128.0,,
8208,[*]OC(COC(=O)COCC(=O)[*])C,,19.5,
2634,[*]C(C[*])(C(=O)OCCS(=O)(=O)c1ccc(cc1)N=Nc1ccc(cc1)N(CC)CC)C,142.0,,
10880,[*]c1ccc(-c2cc(CCCCCCCCCCCC)c([*])s2)s1,,,1.5458
9630,[*]CCCCCCCCCCCCCCCCOC(=O)CCCCCCC(=O)O[*],,,6.8244
9815,[*]CCCP(CCCNC(=O)CCCCC(=O)N[*])CC(C)C,,,5.1348
5641,[*]N1C(=O)c2c(C1=O)cc(cc2)Oc1cc2c(C(=O)N(C2=O)c2cc(ccc2)C(c2cc(ccc2)[*])(C(F)(F)F)C(F)(F)F)cc1,224.5,,
1483,[*]NC(C(=O)[*])CCC(=O)OCCCC,-39.33,,
11068,[*]OC1CCC(OC(=O)CCC([*])=O)CC1,,,6.4253
9520,[*]CS[*],,,5.3464
1574,[*]OC(=O)Nc1ccc(cc1)Cc1ccc(cc1)NC(=O)OCCCCCCCCCC[*],60.0,184.375,
12325,[*]c8ccc(C7(c5ccc(n4c(=O)c3ccc(Oc2ccc1c(=O)n([*])c(=O)c1c2)cc3c4=O)cc5)OC(=O)c6ccccc67)cc8,,,3.3847
9518,[*]c1cccc(-c2nc3ccc(-c4ccc5oc([*])nc5c4)cc3o2)c1,,,3.5292
9774,[*]Oc1ccc(C2(c3ccc(OC(=O)c4ccc(C([*])=O)cc4)cc3)c3ccccc3-c3ccccc32)cc1,,,3.1166
12363,[*]Oc1c(F)c(F)c(On2c(=O)c3cc4c(=O)n([*])c(=O)c4cc3c2=O)c(F)c1F,,,2.9459
10522,[*]CC(CCl)(CO[*])COC(C)=O,,,6.4853
9545,[*]Oc1ccc(Sc2ccc(OC([*])=O)cc2)cc1,,,4.473
12077,[*]CC(=O)CC(C=C1)=CC=C1[*],,,4.4305
5294,[*]N1C(=O)c2c(C1=O)cc(cc2)Oc1cc2c(cc1Oc1cc3c(C(=O)N(C3=O)c3ccc(cc3)Oc3cc4c(cc3Oc3ccc(cc3)[*])cccc4)cc1)cccc2,222.0,,
7010,[*]C(C[*])C(=O)OCCCCCCCCCCC,,-17.0,
5258,[*]c1cc2c(C(=O)N(C2=O)c2c(cccc2)Cc2cc(ccc2)N2C(=O)c3c(C2=O)cc(cc3)C(=O)[*])cc1,258.33,,
8277,[*]OCCCCC(=O)NCc1ccc(cc1)CNC(=O)CCCCC[*],,206.0,
3298,[*]Oc1ccc(cc1)N=CNc1ccc(cc1)OCCOCC[*],62.0,145.0,
11541,[*]C(=O)c1ccc2c(c1)C(=O)N(c1ccc(C(=O)Nc3ccc(N4C(=O)c5ccc([*])cc5C4=O)cc3)cc1)C2=O,,,2.4414
10753,[*]OP(=O)(Oc1ccc(C(C)(C)c2ccc([*])cc2)cc1)c1ccccc1,,,4.2511
6921,[*]=C=C=C(C(=[*])COS(=O)(=O)c1ccc(cc1)C)COS(=O)(=O)c1ccc(cc1)C,,102.25,
7372,[*]NC(=O)C1C(C1)C(=O)NCCCCCC[*],,240.0,
11778,[*]c1ccc([*])n1C(=O)OCC,,,2.3493
11491,[*]c1ccc(Cc2cccc(-n3c(=O)c4cc5c(=O)n([*])c(=O)c5cc4c3=O)c2)cc1,,,2.6251
2841,[*]OP(=O)(Oc1ccc(cc1)C(c1ccc(cc1)[*])(C)C)Oc1c(cccc1Cl)Cl,96.0,,
6901,[*]/C(=C(/CC[*])\Cl)/Cl,,300.0,
3896,[*]Oc1c(c2c(cc1)cccc2)Sc1c2c(ccc1OCC(=O)Nc1ccc(cc1)NC(=O)C[*])cccc2,268.0,,
5113,[*]c1cc2c(C(=O)N(C2=O)c2cc(ccc2)N2C(=O)c3c(C2=O)cc(cc3)C(=O)Nc2ccc(cc2)Oc2ccc(cc2)C2(c3c(C(=O)N2)cccc3)c2ccc(cc2)Oc2ccc(cc2)NC(=O)[*])cc1,320.0,,
9049,[*]n1c(=O)c2cc3c(cc2c1=O)c(=O)n(c3=O)CCCC(CCC[*])(C)C,,320.0,
8687,[*]SC(=O)CCCCC(=O)SCc1ccc(cc1)c1ccc(cc1)C[*],,237.5,
299,[*]C(C[*])P(=O)(c1ccccc1)c1ccccc1,127.5,140.0,
11861,[*]c1cc(CCOCCOC)c([*])[nH]1,,,2.8631
10487,[*]C(C)=C([*])CCC,,,5.0895
6148,[*]N1C(=O)c2c(C1=O)cc(cc2)NC(=O)Nc1nc(ccc1)NC(=O)Nc1cc2c(C(=O)N(C2=O)c2ccc(cc2)c2nc(cc(c2)c2ccc(cc2)c2ccccc2)c2ccc(cc2)[*])cc1,248.0,,
10032,[*]CCCCCNC(=O)O[*],,,6.3761
8270,[*]OCCCCC(=O)NCCCCCCNC(=O)CCCCCCCC[*],,154.0,
6106,[*]N1C(=O)C2C3C4C(C(C2C1=O)C=C3)C(=O)N(C4=O)CCC[*],210.0,350.0,
6752,[*][Si](CCC[*])(CCC[Si](C)(C)C)C,-46.0,,
5087,[*]N1C(=O)c2c(C1=O)cc(cc2)c1cc2c(C(=O)N(C2=O)c2cc(ccc2)C(=O)Nc2cc(ccc2)S(=O)(=O)c2cc(ccc2)NC(=O)c2cc(ccc2)[*])cc1,247.0,,
6947,[*]C([*])CC,,88.0,
6831,[*]c1cc2C(c3c(c2cc1)ccc(c3)c1c(cc(cc1)[*])F)(CCCCCCCC)CCCCCCCC,34.0,,
2954,[*]Oc1c2c(ccc1)ccc(c2)Oc1ccc(cc1)NC(=O)c1ccc(cc1)S(=O)(=O)c1ccc(cc1)C(=O)Nc1ccc(cc1)[*],259.0,289.0,
3863,[*]c1nc2c([nH]1)ccc(c2)NC(=O)c1ccc(cc1)OCCOCCOCCOCCOCCOc1ccc(cc1)C(=O)Nc1cc(ccc1)[*],140.0,,
5067,[*]c1cc2c(C(=O)N(C2=O)c2ccc(cc2)Oc2c(cc(c(c2)C(C)(C)C)Oc2ccc(cc2)N2C(=O)c3c(C2=O)cc(cc3)C(=O)[*])C(C)(C)C)cc1,288.0,,
4296,[*]Oc1cc2c(cc1)cc(cc2)OC(=O)c1c(cc(cc1)c1ccc(cc1)C(=O)[*])c1ccccc1,125.0,,
2184,[*]C(C[*])c1ccc(cc1)Cn1c2ccccc2c2ccccc12,166.0,,
9277,[*]CC(C)O[*],,,5.7517
8446,[*]Oc1cc2c(cc1)ccc(c2)OC(=O)Oc1ccc(cc1)OC(=O)[*],,214.0,
6380,[*]Nc1cc(ccc1)NC(=O)CCCCC(=O)Nc1cc(ccc1)NC(=S)NC(=O)c1ccc(cc1)C(=O)NC(=S)[*],241.0,,
5892,[*]c1cc2c(C(=O)N(C2=O)c2ccc(cc2)N2C(=O)c3c(C2=O)cc(cc3)C(=O)Nc2ccc(cc2)Oc2c(cccc2)c2c(cccc2)Oc2ccc(cc2)NC(=O)[*])cc1,268.0,,
7353,[*]NC(=O)C(C(=O)NCCCCCC[*])CCCCCCCCCCCCCCC,,164.0,
10647,[*]Oc1cccc(Oc2cccc([*])n2)c1,,,4.536
2275,[*]C=CC(C([*])C(=O)OCc1ccccc1)C(=O)OCc1ccccc1,21.0,,
8237,[*]OCC(C[*])(COCC(F)(F)F)COCC(F)(F)F,,80.0,
12070,[*]CC(=O)C(S1)=CC=C1O[*],,,3.7866
4698,[*]Nc1ccc(cc1)Cc1ccc(cc1)NC(=O)c1cc(cc(c1)NC(=O)c1ccccc1)C(=O)[*],285.0,,
286,[*]C(C[*])OC(=O)c1ccc(cc1)c1ccccc1,84.5,,
10925,[*]c1cc(CCCCCCCCCC2COC(=O)O2)c([*])s1,,,2.5293
10104,[*]C(=O)Oc1ccc(OC(=O)N2CCN([*])CC2)cc1,,,5.2692
6806,[*]S(=O)(=O)C1C2CCC(C1[*])C2,33.0,,
8014,[*]OC(=O)c1cc(ccc1)C(=O)OCC(C[*])(CCl)CCl,,182.5,
8519,[*]Oc1ccc(cc1)C(c1ccc(cc1)OC(=O)C1C(C1)C(=O)[*])(C)C,,143.75,
3120,[*]C1(c2c(C(=O)O1)cccc2)c1ccc(cc1)Oc1ccc(cc1)P(=O)(c1ccc(cc1)Oc1ccc(cc1)[*])C,263.0,,
9381,[*]CCOc1ccc(C(=O)OC(=O)c2ccc(O[*])cc2)cc1,,,4.4185
9787,[*]Oc1ccc(C2(c3ccc(OC(=O)c4ccc(C([*])=O)cc4)cc3)CCc3ccccc32)cc1,,,3.2587
6428,[*]Oc1c(cc(cc1)C(c1cc(c(cc1)OC(=O)[*])CC)(C)C)CC,65.0,,
5350,[*]c1cc2c(C(=O)N(C2=O)c2c(cc(cc2)c2cc(c(cc2)N2C(=O)c3c(C2=O)cc(cc3)C([*])(C(F)(F)F)C(F)(F)F)C)C)cc1,352.0,,
5653,[*]N1C(=O)c2c(C1=O)cc(cc2)C(c1cc2c(C(=O)N(C2=O)CCN(CC[*])c2ccc(cc2)N=Nc2ccc(cc2)C=O)cc1)(C(F)(F)F)C(F)(F)F,170.0,,
11356,[*]CCCCCCCCCCCCNC(=O)CCCCCCCCCCCCC(=O)N[*],,,6.028
7206,[*]N(CC[*])C(=O)c1ccc(cc1)C,,260.0,
10332,[*]C1CCC([*])C1,,,6.6766
4998,[*]Oc1ccc(cc1)N=CCCCC=Nc1ccc(cc1)OC(=O)Nc1ccc(cc1)Cc1ccc(cc1)NC(=O)[*],76.0,339.0,
2782,[*]C1CC2CC(CC(C1)O2)OC(=O)Nc1ccc(cc1)Cc1ccc(cc1)NC(=O)O[*],200.0,,
8957,[*]c1oc(nn1)c1cc2c(C(=O)N(C2=O)CCCCCOC(=O)CCCCC(=O)OCCCCCN2C(=O)c3c(C2=O)cc(cc3)[*])cc1,,146.0,
1949,[*]c1nc2c(nc1)cc(cc2)c1cc2c(nc(cn2)c2ccc(cc2)c2ccc(cc2)[*])cc1,345.5,,
904,[*]c1nc2c(n1c1ccc(cc1)n1c(nc3c1cccc3)c1ccc(cc1)Oc1ccc(cc1)C(=O)c1ccc(cc1)Oc1ccc(cc1)[*])cccc2,242.0,,
8355,[*]Oc1c(cc(cc1)C(c1cc(c(cc1)OC(=O)c1cc(ccc1)C(=O)[*])[N+](=O)[O-])(CCC(=O)O)C)[N+](=O)[O-],,168.0,
524,[*]C(C[*])(C(=O)OCCOC(=O)c1cc(cc(c1)[N+](=O)[O-])[N+](=O)[O-])C,89.64,,
12332,[*]C([2H])([2H])C([*])(C(=O)OC([2H])([2H])C([2H])([2H])[2H])C([2H])([2H])[2H],,,6.3862
11367,[*]CCCCCCCCCCCNC(=O)CCCCCCCCCCC(=O)N[*],,,6.009
5540,[*]c1cc2c(C(=O)N(C2=O)C2CC(CC(C2)(CN2C(=O)c3c(C2=O)cc(cc3)C(=O)[*])C)(C)C)cc1,275.0,,
7445,[*]NC(=O)CCCCCCCCCCC(=O)NCC[*],,260.5,
5814,[*]c1cc2c(C(=O)N(C2=O)c2c(cc(cc2C)c2cc(c(c(c2)C)N2C(=O)c3c(C2=O)cc(cc3)C(=O)Nc2c(cc(cc2)Cc2cc(c(cc2)NC(=O)[*])C)C)C)C)cc1,329.0,,
11556,[*]C(=O)Oc1ccc(OC(=O)c2ccc3c(c2)C(=O)N(c2ccc(Oc4ccc(N5C(=O)c6ccc([*])cc6C5=O)cc4)cc2)C3=O)c(-c2ccccc2)c1,,,2.5898
6824,[*]c1c(cc(c(c1)OC)C=C[*])OCC(CCCC)CC,70.67,,
8655,[*]S(=O)(=O)NCCCCCCNS(=O)(=O)c1c2c(ccc1)c(ccc2)[*],,265.0,
10252,[*]CCCCCCCCCCOC(=O)O[*],,,7.22
5984,[*]C1C(=O)N(C(=O)C1C(C[*])c1ccccc1)CCCCNC(=O)C(C(C(C(C(C(C(F)(F)F)(F)F)(F)F)(F)F)(F)F)(F)F)(F)F,113.0,,
7869,[*]OC(=O)COCC(=O)OCCCCCCCCCC[*],,62.5,
5234,[*]N1C(=O)c2c(C1=O)c(c(c(c2c1ccccc1)c1ccccc1)c1ccc(cc1)c1c(c2c(C(=O)N(C2=O)c2cc(ccc2)[*])c(c1c1ccccc1)c1ccccc1)c1ccccc1)c1ccccc1,416.0,,
10239,[*]Oc1ccc(Cc2ccc(OC([*])=O)cc2)cc1,,,4.8502
11907,[*]c1ccc(C(C#N)(C(=O)OC)C([*])(C#N)C(=O)OC)cc1,,,5.3905
1509,[*]Nc1ccc(cc1)C(c1ccc(cc1)NC(=O)c1cc(cc(c1)S(=O)(=O)c1ccccc1)C(=O)[*])(C)C,287.0,,
7074,[*]C(C[*])P(=S)(c1ccccc1)c1ccccc1,,95.0,
8451,[*]Oc1ccc(cc1)C(=Cc1ccc(cc1)OC(=O)CCCCCCCCCCC(=O)[*])C,,334.925,
10708,[*]Oc1ccc(C(C)=Nc2ccc(N=C(C)c3ccc([*])cc3)cc2)cc1,,,2.9143
8128,[*]OC(=O)c1ccc(cc1)NC(=O)CCCCCCCCCCC(=O)Nc1ccc(cc1)C(=O)OCCCC[*],,192.0,
1058,[*]SCCCCCCC(=O)NCc1ccc(cc1)CNC(=O)CCCCCC[*],65.0,228.0,
2083,[*]c1ccc(cc1)CC[*],66.64,389.4761905,
3996,[*]Oc1ccc(cc1)C1(c2ccccc2c2ccccc12)c1ccc(cc1)Oc1c(cc(cc1)c1ccc(cc1)NC(=O)c1cc(cc(c1)C(C)(C)C)C(=O)Nc1ccc(cc1)c1cc(c(cc1)[*])C(F)(F)F)C(F)(F)F,278.0,,
11606,[*]c1ccc(Oc2ccc(-n3c(=O)c4cc5c(=O)n(-c6ncc([*])s6)c(=O)c5cc4c3=O)cc2)cc1,,,1.9001
12149,[*]C(=O)C(C=C1)=CC=C1C(S2)=CC=C2C(C=C3)=CC=C3[*],,,2.9694
8617,[*]Oc1ccc(cc1)S(=O)c1ccc(cc1)OC(=O)[*],,240.0,
1706,[*]c1cc2c(C(=O)N(C2=O)c2c(cc(cc2)Cc2cc(c(cc2)N2C(=O)c3c(C2=O)cc(cc3)C(=O)[*])C)C)cc1,364.67,,
7055,[*]C(C[*])CCc1ccc(cc1)C,,192.5,
5757,[*]N1C(=O)C2C(C1=O)C(=CC(C2)C1C(=O)N(C(=O)C1)c1c(ccc(c1)[*])OCCCCCCCCCCCCCCCC)C,186.0,,
5685,[*]N1C(=O)c2c(C1=O)c(ccc2)c1cc2c(C(=O)N(C2=O)c2cc(ccc2)OCCCCCCCCCOc2cc(ccc2)[*])cc1,134.0,,
2143,[*]C(C[*])c1ccc(cc1)C([Si](C)(C)C)[Si](C)(C)C,156.0,,
6108,[*]N1C(=O)C2C3C4C(C(C2C1=O)C=C3)C(=O)N(C4=O)CCCCCCCCCC[*],219.0,350.0,
89,[*]C(C[*])c1ccc(cc1)C#N,180.0,,
7317,[*]NC(=O)C(=O)NCCCCCCNC(=O)CCCCCC(=O)NCCCCCC[*],,259.0,
11560,[*]CCCCCn1c(=O)c2ccc3c4ccc5c(=O)n([*])c(=O)c6ccc(c7ccc(c1=O)c2c37)c4c56,,,1.9902
6478,[*]Oc1c(cc(cc1Br)S(=O)(=O)c1cc(c(c(c1)Br)OC(=O)[*])Br)Br,196.0,,
3281,[*]Oc1ccc(cc1)OC(=O)c1ccc(cc1)C(=O)Oc1ccc(cc1)OCCCCC[*],112.0,,
3567,[*]c1nc(nc(c1c1ccc(cc1)OC)OCCOC(=O)CCCCC(=O)OCCO[*])c1ccc(cc1)OC,48.0,,
4903,[*]c1ccc2c(nc([nH]2)c2cc(cc(c2)N2C(=O)c3c(C2=O)cccc3)c2nc3c([nH]2)ccc(c3)C(=O)Nc2cc(ccc2)NC(=O)[*])c1,304.0,,
2400,[*]C(C[*])(CC(=O)Oc1ccc(cc1)OCCCCC)C(=O)Oc1ccc(cc1)OCCCCC,73.5,,
2850,[*]ON(C(C([*])(F)F)(Cl)F)C(F)(F)F,-50.0,,
6692,[*][SiH2]C#Cc1cc(ccc1)C#C[*],72.0,,
10148,[*]C(=O)Nc1cccc(NC(=O)c2ccc3c(c2)C(=O)N(c2ccc(S(=O)(=O)c4ccc(N5C(=O)c6ccc([*])cc6C5=O)cc4)cc2)C3=O)c1,,,3.0501
7220,[*]N(c1ccc(cc1)[*])CCCCCCCCCCCCCCCC,,150.2,
1337,[*]NC(=O)CCCCC(=O)NCCCP(CCC[*])c1ccccc1,49.0,,
7286,[*]N1CCN(CC1)C(=O)Oc1ccc(cc1)C(c1ccc(cc1)OC(=O)[*])(C)C,,250.0,
11960,[*]CC([*])(F)C(=O)OCC(F)(F)C(F)F,,,6.8862
2268,[*]C=CCC(C[*])(C(=O)OC12CC3CC(CC(C1)C3)C2)C(=O)OC12CC3CC(CC(C1)C3)C2,34.0,,
4665,[*]OC(=CCC)C(C(=O)[*])CC,-17.87,,
5976,[*]C1C(=O)N(C(=O)C1[*])c1ccc(cc1)O[Si](c1ccccc1)(c1ccccc1)c1ccccc1,183.0,,
9666,[*]OC(c1ccc(OC)cc1)C(C)(C)C([*])=O,,,5.0038
12364,[*]NC1CC(C2(C)OC(O)OC(C)NC2=O)C(F)(N(C([*])O)C(F)F)O1,,,5.6343
2622,[*]C(C[*])C(=O)Oc1ccc(cc1)C(=O)Oc1ccc(cc1)OC(=O)c1ccc(cc1)OCCCCC,48.0,,
7971,[*]OC(=O)Nc1ccc(cc1)Cc1ccc(cc1)NC(=O)OCCN(CC[*])CCC(=O)Nc1ccc(cc1)N=Nc1ccccc1,,250.0,
12080,[*]CC(=O)CO[*],,,5.3391
5882,[*]C1C2C(C(=O)N(C2=O)CCCCCCCCC)C(C1)C=C[*],52.0,,
8640,[*]S(=O)(=O)C(C[*])c1ccccc1,,215.0,
12425,[*]c1cc2c(s1)-c1sc([*])cc1C2(CCCCCC)CCCCCC[N+](C)(C)C,,,0.0751
1218,[*]Oc1ccc(cc1)C1(CCCCC1)c1ccc(cc1)OC(=O)c1cc(ccc1)C(=O)[*],127.0,240.0,
11730,[*]c1nc(C)nc(N([*])c2ccccc2)n1,,,4.4826
4218,[*]c1ccc2N(c3c(Sc2c1)cc(cc3)c1sc(c(c1)CCCCCC)c1sc(cc1CCCCCC)c1ccc2N(c3c(Sc2c1)cc(cc3)C=C[*])c1ccc(cc1)OCCCCCCCCCCCC)c1ccc(cc1)OCCCCCCCCCCCC,66.4,,
8149,[*]OC(C(C(=O)[*])(C)C)c1cc(ccc1)[N+](=O)[O-],,240.0,
4574,[*]OC(=O)CCCCC(=O)OCC(C[*])CCCCCCOc1ccc(cc1)N=Nc1ccc(cc1)OC,22.0,,
2973,[*]Oc1ccc(cc1)Oc1ccc(cc1)S(=O)(=O)c1ccc(cc1)Oc1ccc(cc1)C(=O)c1ccc(cc1)[*],186.0,,
5840,[*]N1C(=O)c2c(C1=O)cc(cc2)Oc1c(cc(cc1C)C(c1cc(c(c(c1)C)Oc1cc2c(C(=O)N(C2=O)c2ccc(cc2)Oc2c(cc(cc2)Oc2ccc(cc2)[*])C(C)(C)C)cc1)C)(C)C)C,244.0,,
6989,[*]C(C[*])(C(=O)OCCCCCCCCCCCOC(=O)CCCCCCCCCCOP(=O)(OCC[N+](C)(C)C)O)C,,18.0,
1693,[*]c1cc2c(C(=O)N(C2=O)c2cc(ccc2)Cc2ccc(cc2)Cc2ccc(cc2)Cc2cc(ccc2)N2C(=O)c3c(C2=O)cc(cc3)C(=O)[*])cc1,235.5,,
11131,[*]CCCCCCCCCCCOC(=O)c1ccc2cc(C(=O)O[*])ccc2c1,,,3.7387
10368,[*]C=C([*])CO,,,4.3592
5829,[*]c1cc2c(C(=O)N(C2=O)c2ccc(cc2)C(=O)Nc2ccc(cc2)Oc2c(cccc2)Oc2ccc(cc2)NC(=O)c2ccc(cc2)N2C(=O)c3c(C2=O)cc(cc3)C([*])(C(F)(F)F)C(F)(F)F)cc1,281.0,,
5338,[*]c1cc2c(C(=O)N(C2=O)c2c(cc(cc2)Cc2cc(c(cc2)N2C(=O)c3c(C2=O)cc(cc3)C([*])(C(F)(F)F)C(F)(F)F)C(C)(C)C)C(C)(C)C)cc1,274.0,,
8124,[*]OC(=O)c1ccc(cc1)NC(=O)CCCCC(=O)Nc1ccc(cc1)C(=O)OC(=O)c1cc(ccc1)C(=O)[*],,270.0,
11224,[*]NNC(=O)C1CCC(C(=O)NNC(=O)CCCCC([*])=O)CC1,,,4.9352
11313,[*]Nc1cc(C(c2ccc(O)c(NC(=O)c3ccc4cc(C([*])=O)ccc4c3)c2)(C(F)(F)F)C(F)(F)F)ccc1O,,,3.7695
9059,[*]n1c(=O)c2cc3c(cc2c1=O)c(=O)n(c3=O)CCCCCCCC[*],,372.5,
2555,[*]C(C[*])(C(=O)OCCCCCCCCCCCOc1ccc(cc1)C(=O)Oc1ccc(cc1)C#N)C,10.0,,
7171,[*]N(C(=O)CCCCCC[*])C,,65.0,
7374,[*]NC(=O)CC(=O)NCCCCCCCCCCCC[*],,217.0,
9981,[*]NC(Cc1ccc(OC(=O)OCc2ccccc2)cc1)C([*])=O,,,4.9567
1729,[*]N1C(=O)c2c(C1=O)cc(cc2)Oc1ccc(cc1)C(=O)c1ccc(cc1)Oc1cc2c(C(=O)N(C2=O)c2ccc(cc2)Oc2cc(ccc2)Oc2ccc(cc2)[*])cc1,194.0,,
4107,[*]c1sc(cc1)c1sc(cc1)c1sc(cc1)[Si]([Si]([*])(C)C)(C)C,45.0,188.0,
1694,[*]c1cc2c(C(=O)N(C2=O)c2cc(ccc2)C(=O)c2ccc(cc2)C(=O)c2cc(ccc2)N2C(=O)c3c(C2=O)cc(cc3)C(=O)[*])cc1,240.0,,
9869,[*]CCNC(=O)CCCCCCCCC(=O)N[*],,,5.9828
3772,[*]Oc1ccc(cc1)OC1(C(C(C1(F)F)(F)F)([*])F)F,41.0,,
12033,[*]CC(C=C1)=CC=C1CC(S2)=CC=C2[*],,,4.5782
10257,[*]Oc1ccc(C(=C(Cl)Cl)c2ccc(OC([*])=O)cc2)cc1,,,4.2371
3543,[*]Oc1ccc(cc1)NC(=O)c1ccc(cc1)C(=O)Nc1ccc(cc1)Oc1ccc(cc1)C1(C2CC3CC(CC1C3)C2)c1ccc(cc1)[*],264.0,,
7725,[*]OC(=O)CC/C=C/CCC(=O)OCCCCCC[*],,20.0,
6656,[*]N(CC[*])Cc1ccccc1,-16.0,,
11617,[*]C(=O)c1ccc2c(c1)C(=O)N(c1cc(OCCCC)cc(N3C(=O)c4ccc([*])cc4C3=O)c1)C2=O,,,2.6613
5172,[*]N1C(=O)c2c(C1=O)cc(cc2)C(=O)c1cc2c(C(=O)N(C2=O)CCCC(=O)Nc2ccc(cc2)Oc2ccc(cc2)NC(=O)CCC[*])cc1,198.0,,
10589,[*]OC([*])C=C,,,6.1637
12089,[*]CC(=O)OC(S1)=CC=C1[*],,,4.6247
4597,[*]Oc1ccc(cc1)C1(CCC(CC1)C(C)(C)C)c1ccc(cc1)OC(=O)c1ccc(cc1)C(=O)[*],210.0,,
11611,[*]c1ccc(C(=O)Oc2ccc(-n3c(=O)c4cc5c(=O)n([*])c(=O)c5cc4c3=O)cc2)cc1,,,2.7833
4402,[*]Oc1ccc(cc1)CC(NC(=O)CCc1ccc(cc1)OC(=O)CCCCCCCCC(=O)[*])C(=O)OCCCCCCCC,14.25,,
4111,[*]c1sc(cc1)c1sc(c(c1)CCCCCCCC)c1sc(cc1)c1sc(cc1)c1sc(cc1CCCCCCCC)c1sc(cc1)[Si]([Si]([*])(C)C)(C)C,12.0,50.0,
5856,[*]c1cc2c(C(=O)N(C2=O)c2c(ccc(c2)C(c2cc(c(cc2)O)N2C(=O)c3c(C2=O)cc(cc3)C(=O)[*])(C(F)(F)F)C(F)(F)F)O)cc1,315.0,,
5167,[*]c1cc2c(C(=O)N(C2=O)c2cc3C(=O)c4c(c3cc2)ccc(c4)N2C(=O)c3c(C2=O)cc(cc3)C(=O)[*])cc1,331.0,,
5072,[*]c1c(nc2c(n1)cc(cc2)Oc1ccc(cc1)NC(=O)c1cc2c(C(=O)N(C2=O)c2ccc(cc2)C(c2ccc(cc2)N2C(=O)c3c(C2=O)cc(cc3)C(=O)Nc2ccc(cc2)Oc2cc3c(nc(c(n3)c3ccc(cc3)Oc3ccc(cc3)[*])c3ccc(cc3)[N+](=O)[O-])cc2)(C(F)(F)F)C(F)(F)F)cc1)c1ccc(cc1)[N+](=O)[O-],303.0,,
5272,[*]c1cc2c(C(=O)N(C2=O)c2ccc(cc2)C(=O)OCCCSCCCCSCCCOC(=O)[*])cc1,39.0,144.0,
6975,[*]C(C(CC[*])(F)F)(Cl)F,,241.0,
1324,[*]NC(=O)CCCCCCCCCCCCCCCCC(=O)NCCCCCCCCCCCC[*],47.0,169.5,
2451,[*]C(C[*])C(=O)OCCCCCCCCCCOc1cnc(nc1)c1ccc(cc1)OC(=O)C1OC(OC1)(C)C,29.0,,
8493,[*]Oc1ccc(cc1)C(=O)OCCCCCCCCCCCCCCCCCCOC(=O)c1ccc(cc1)OCC[*],,120.5,
4970,[*]OC(=O)Nc1c(cc(cc1)c1cc(c(cc1)NC(=O)OCCN(CC[*])c1ccc(cc1)N=Nc1ccc(cc1)[N+](=O)[O-])OC)OC,140.0,,
11150,[*]Oc1cc(OC(=O)c2ccc(OCCCC)cc2)c(OC(=O)CCCC([*])=O)cc1OC(=O)c1ccc(OCCCC)cc1,,,4.3317
7965,[*]OC(=O)Nc1ccc(cc1)C(=O)OCCCCC[*],,160.0,
2414,[*]C(C[*])(CC(=O)OCCOCCOCCOCCOCCOCCOCCOC)C(=O)OCCOCCOCCOCCOCCOCCOCCOC,-71.0,,
12375,C13C(C=[*])OC(C=[*])C1C(=O)N(C2=CC=C(C(F)(F)F)C=C2)C3=O,,,5.369
10193,[*]c1ccc(C2(c3ccc(N4C(=O)c5ccc(-c6ccc7c(c6)C(=O)N([*])C7=O)cc5C4=O)cc3)c3ccccc3-c3ccccc32)cc1,,,2.7114
815,[*]Oc1ccc(cc1)NC(=O)CCCCCCC(=O)Nc1ccc(cc1)[*],180.0,310.0,
3554,[*]N1C(N2N(C1=O)C(N(C2=O)c1ccc(cc1)Oc1ccc(cc1)[*])c1ccc(cc1)OC)c1ccc(cc1)OC,163.0,,
3008,[*]c1c2c(c(nn1)c1ccc(cc1)Oc1ccc(cc1)C(=O)c1ccc(cc1)Oc1ccc(cc1)[*])c(c(c(c2c1ccc(cc1)F)c1ccc(cc1)F)c1ccc(cc1)F)c1ccc(cc1)F,306.33,,
1244,[*]Oc1c(cc(cc1C)c1cc(c(c(c1)C)OC(=O)CCCCCC(=O)[*])C)C,96.0,230.0,
7334,[*]NC(=O)C(=O)NCCCNC(=O)CCCCCCCCC(=O)NCCC[*],,276.0,
7146,[*]N(C(=NCC)[*])CC,,166.0,
3553,[*]C1(COC1)COc1ccc(cc1)C(c1ccc(cc1)OC[*])(C(F)(F)F)C(F)(F)F,134.0,,
163,[*]C(C[*])(c1ccc(cc1)C(C)C)C,134.91,203.0,
10230,[*]OC(=O)c1ccc(CCCc2ccc(C([*])=O)cc2)cc1,,,4.5456
7972,[*]OC(=O)Nc1ccc(cc1)Cc1ccc(cc1)NC(=O)OCCN(CC[*])CCCC(=O)Nc1ccc(cc1)N=Nc1ccccc1,,250.0,
670,[*]OC(=O)C(C(=O)OCCOCC[*])CCCCC,-47.0,,
6305,[*]c1cc2c(C(=O)N(C2=O)c2cc(ccc2)N2C(=O)c3c(C2=O)cc(cc3)C(=O)Nc2cc(cc(c2)c2nc3c([nH]2)cccc3)NC(=O)[*])cc1,361.0,,
6621,[*]O[Si](CCCN=Cc1c(ccc(c1)Cc1cc(c(cc1)O)C=NCCC[Si]([*])(C)C)O)(C)C,-51.62,,
12394,[*]O[Si](C)(C)O[Si](C)(C)O[Si](C)(C)OC(C)CCC([*])C,,,6.3039
10843,[*]c1cc(CC)c([*])s1,,,2.3523
11627,[*]c1cc(C=NC(=S)Nc2ccc(-n3c(=O)c4cc5c(=O)n([*])c(=O)c5cc4c3=O)cc2)ccc1Cl,,,2.0293
6425,[*]OC(=O)OCCCS(=O)(=O)CCCCS(=O)(=O)CCC[*],43.0,,
2515,[*]C(C[*])(C(=O)OCCCCCCCCCOc1cc2c(cc1)cc(cc2)C(=O)Oc1ccccc1)C,18.0,,
11715,[*]C=Cc1cccc(C=Cc2cc([*])nc(-c3ccccc3)n2)c1,,,3.248
6977,[*]C(C[*])(C(=O)NCCCCCCCCCCC(=O)NCCCCCCCCCCC(=O)O)C,,71.2,
5448,[*]c1cc2c(C(=O)N(C2=O)c2c(cc(c(c2)N2C(=O)c3c(C2=O)cc(cc3)C(=O)[*])C)C)cc1,305.0,,
2762,[*]C(=CC(C[*])C)C,2.08,170.0,
4887,[*]S(=O)(=O)NCCCCCCNC(=O)C([*])(F)F,51.0,,
5365,[*]c1c2C(=O)N(C(=O)c2c(c2ccccc12)c1ccc(cc1)Oc1ccc(cc1)C(=O)c1ccc(cc1)Oc1ccc(cc1)[*])c1cc(ccc1)C(F)(F)F,252.0,,
12031,[*]CC(C=C1)=CC=C1C(C=C2)=CC=C2C(=S)[*],,,2.9595
5834,[*]c1cc2c(C(=O)N(C2=O)c2cc(ccc2)C(=O)Nc2ccc(cc2)Oc2cc(ccc2)Oc2ccc(cc2)NC(=O)c2cc(ccc2)N2C(=O)c3c(C2=O)cc(cc3)C([*])(C(F)(F)F)C(F)(F)F)cc1,264.0,,
11681,[*]CCCCCCCCOC(=O)O[*],,,7.3252
8041,[*]OC(=O)c1ccc(cc1)C(=O)NCCCCCCNC(=O)c1ccc(cc1)C(=O)OCCCCCCCCCC[*],,235.0,
8568,[*]Oc1ccc(cc1)N=Cc1ccc(cc1)OC(=O)c1ccc(cc1)C=Nc1ccc(cc1)OCCOC(=O)NCCCCCCNC(=O)OCC[*],,231.2,
6590,[*]N(c1ccc(cc1)c1c2c(c(cc1)c1c3c(c(cc1)c1ccc(cc1)[*])c(ccc3C)C)c(ccc2C)C)c1ccc(cc1)C,148.0,,
6710,[*]O[Si]([*])(CCCCCCCCCCCn1c2ccccc2c2ccccc12)C,-45.0,,
876,[*]Oc1cc(c(cc1)C(=O)c1ccccc1)c1c(ccc(c1)Oc1ccc(cc1)C(c1ccc(cc1)[*])(C)C)C(=O)c1ccccc1,156.0,,
6088,[*]N1C(=O)c2c(C1=O)cc(cc2)Oc1c(cc(cc1C)c1cc(c(c(c1)C)Oc1cc2c(C(=O)N(C2=O)c2c(cc(cc2C)Cc2cc(c(c(c2)C)[*])C)C)cc1)C)C,420.0,,
5232,[*]N1C(=O)c2c(C1=O)cc(cc2)[Si](O[Si](O[Si](c1cc2c(C(=O)N(C2=O)c2cc(ccc2)Cc2cc(ccc2)[*])cc1)(C)C)(C)C)(C)C,208.0,,
7132,[*]C=CC(C([*])(C)C)(C)C,,262.5,
7056,[*]C(C[*])Cc1c(ccc(c1)C)C,,336.0,
7397,[*]NC(=O)CCCC(CC[*])C,,181.5,
8846,[*]c1cc2c(C(=O)N(C2=O)c2ccc(cc2)Oc2cc3c(cc2)ccc(c3)Oc2ccc(cc2)N2C(=O)c3c(C2=O)cc(cc3)C(=O)Nc2ccc(cc2)Oc2ccc(cc2)Oc2ccc(cc2)Oc2ccc(cc2)NC(=O)[*])cc1,,363.0,
11890,[*]c1ccc([*])n1C(C(=O)NO)n1c2ccccc2c2ccccc21,,,2.9081
1261,[*]C1(c2c(C(=O)O1)cccc2)c1ccc(cc1)OC(=O)c1cc(cc(c1)Cl)C(=O)Oc1ccc(cc1)[*],313.0,390.0,
10851,[*]c1cc2sc([*])cc2s1,,,1.8963
9724,[*]Oc1ccc(OC(=O)CCC([*])=O)cc1,,,5.0485
2041,[*]N=P([*])(OCCCCCCCCC)OCCCCCCCCC,-56.0,,
7006,[*]C(C[*])C(=O)NCCCCCCCCCCCCCCCCCC,,57.85,
3660,[*]Oc1ccc(cc1)N(c1ccc(cc1)c1ccc(cc1)N(c1ccc(cc1)OCCCCCCCCCC[*])c1ccccc1)c1ccccc1,90.0,,
11098,[*]CCC(C)CC(=O)O[*],,,6.826
2103,[*]c1ccc(cc1)C(C([*])(F)F)(F)F,76.95,500.0,
2915,[*]c1n(nc(c1)c1ccc(cc1)Oc1ccc(cc1)S(=O)(=O)c1ccc(cc1)Oc1ccc(cc1)[*])c1ccccc1,235.0,,
10668,[*]C=CC(=O)C=Cc1ccc(Sc2ccc([*])o2)o1,,,2.5309
7509,[*]NC(=O)NCCCCNC(=O)NCCCCCC[*],,275.0,
11903,[*]OS(=O)(=O)c1cc(S(=O)(=O)Oc2ccc(C3(c4ccc([*])cc4)CCCC3)cc2)ccc1C,,,3.9679
6957,[*]C(=C[*])c1c(ccc(c1)C(=O)Oc1ccc(cc1)OCCCCCC)C(=O)Oc1ccc(cc1)OCCCCCC,,194.0,
12320,[*]Oc6ccc(Oc5ccc(OC(=O)c4ccc(C3(c1ccc(C([*])=O)cc1)OC(=O)c2ccccc23)cc4)cc5)cc6,,,3.6172
6157,[*]c1cc2c(C(=O)N(C2=O)c2c3c(ccc2)c(ccc3)Oc2ccc(cc2)N2C(=O)c3c(C2=O)cc(cc3)C(=O)Nc2c(cc(cc2)c2cc(c(cc2)NC(=O)[*])OC)OC)cc1,304.0,,
10564,[*]CCOCCOC(=O)NCCNC(=O)O[*],,,6.3071
5917,[*]C1C(=O)N(C(=O)C1CC[*])CCCCCCCCCCCCCC,62.4,94.55,
8195,[*]OC(CNC(=O)CC([*])C)C,,210.0,
2748,[*]C(C[*])(C(=O)OCC(=O)c1cc2c(o1)ccc(c2)Br)C,137.0,,
7924,[*]OC(=O)NCCOCCOCCNC(=O)OCC[*],,190.0,
6091,[*]N1C(=O)c2c(C1=O)cc(cc2)Oc1c(cc(c(c1)C(C)(C)C)Oc1cc2c(C(=O)N(C2=O)c2ccc(cc2)Oc2ccc(cc2)c2ccc(cc2)Oc2ccc(cc2)[*])cc1)C(C)(C)C,262.0,,
4477,[*]Oc1ccc(cc1)CC(NC(=O)Cc1ccc(cc1)OC(=O)CCCCCCC(=O)[*])C(=O)OCC,54.0,,
10103,[*]CC(C)(C)COC(=O)Nc1ccc(Cc2ccc(NC(=O)O[*])c(C)c2)cc1C,,,4.5157
5268,[*]OC(=O)NC(=O)c1ccc(cc1)C(=O)NC(=O)OCC(C[*])CCCCCCCCCCCC,75.0,,
3970,[*]O[Si](Oc1c(cc(cc1)C1(c2ccccc2c2ccccc12)c1cc(c(cc1)[*])C)C)(c1ccccc1)c1ccccc1,171.0,,
8559,[*]Oc1ccc(cc1)N=Cc1ccc(cc1)OC(=O)c1ccc(cc1)C=Nc1ccc(cc1)OCCCCCCCCCCOC(=O)NC1CCC(CC1)CC1CCC(CC1)NC(=O)OCCCCCCCCCC[*],,137.0,
6121,[*]N1C(=O)C(CC1=O)(SCCOCCSC1(C(=O)N(C(=O)C1)CCCCCCN1C(=O)C(C(C1=O)C)SCCOCCSC1C(=O)N(C(=O)C1C)CCCCCC[*])C)C,78.0,,
864,[*]Oc1ccc(cc1)S(=O)(=O)c1ccc(cc1)Oc1ccc(cc1)S(=O)(=O)c1ccc(cc1)c1ccc(cc1)c1ccc(cc1)S(=O)(=O)c1ccc(cc1)[*],281.0,,
4261,[*]OC(=O)c1ccc(cc1)CC(=O)OCc1ccc(cc1)C[*],47.0,,
1355,[*]NC(=O)c1cc(ccc1)C(=O)NCCCCCC[*],121.6,202.6666667,
7111,[*]C1C=CC(CC1)[*],,272.5,
8462,[*]Oc1ccc(cc1)C(=NN=C(c1ccc(cc1)OC(=O)CCCCCCCCCCC(=O)[*])C)C,,209.85,
3073,[*]Oc1ccc(cc1)C(=O)c1ccc(cc1)Oc1ccc(cc1)C(=O)c1ccc(cc1)Oc1cc(ccc1)Cc1cc(ccc1)[*],123.0,,
8521,[*]Oc1ccc(cc1)C(c1ccc(cc1)OC(=O)c1c(cccc1)C=Cc1ccc(cc1)C=Cc1c(cccc1)C(=O)[*])(C)C,,300.0,
5368,[*]c1c2C(=O)N(C(=O)c2c(c2ccccc12)c1ccc(cc1)Oc1ccc(cc1)C(=O)c1ccc(cc1)Oc1ccc(cc1)[*])c1c(cccc1)C(F)(F)F,260.0,,
7362,[*]NC(=O)C(C[*])(C)C,,263.6166667,
8728,[*]SCCCCCCCCCCSCCCCCCCCCCC[*],,76.0,
6745,[*][Si](CC(C[*])c1c2c(ccc1)cccc2)(C)C,39.0,,
8591,[*]Oc1ccc(cc1)OCC(=O)OC(=O)c1cc(ccc1)C(=O)OC(=O)C[*],,294.5,
3207,[*]OC(C[*])COC(=O)c1ccc(cc1)N1C(=O)C2C(C1=O)C1C=CC2C1,62.5,,
9461,[*]CCOC(=O)COCC(=O)O[*],,,6.1826
10344,[*]C(c1ccccc1)C([*])(C#N)C#N,,,2.7551
1817,[*]c1cc2c(C(=O)N(C2=O)c2cc(cc(c2)OCCN(c2ccc(cc2)N=Nc2ccc(cc2)[N+](=O)[O-])CC)N2C(=O)c3c(C2=O)cc(cc3)C([*])(C(F)(F)F)C(F)(F)F)cc1,210.0,,
8329,[*]OP(=O)(OCCOc1ccc(cc1)C=Cc1ccc(cc1)OCC[*])Oc1c2c(ccc1)cccc2,,211.0,
2495,[*]C(C[*])(C(=O)OCCCCOc1ccc(cc1)OC(=O)c1ccc(cc1)OCCCC)C,51.0,,
8086,[*]OC(=O)c1ccc(cc1)C(=O)OCC(C[*])(CCl)CCl,,119.0,
10265,[*]Oc1cccc2c(OC(=O)Oc3ccc(OC([*])=O)cc3Cl)cccc12,,,4.0203
1501,[*]c1oc2c(n1)cc(cc2)NC(=O)CCCCCCC(=O)Nc1cc2c(oc(n2)CCCCCC[*])cc1,77.0,230.0,
11017,[*]Oc1ccc(C(CC)(c2ccccc2)c2ccc(OC(=O)CCCCCCCCC([*])=O)cc2)cc1,,,5.0249
7267,[*]N1CCN(CC1)C(=O)C1C(C1)C(=O)[*],,330.0,
8537,[*]Oc1ccc(cc1)C=C1C(=O)C(=Cc2ccc(cc2)OCCCCC[*])CC(C1)C,,93.0,
7542,[*]NC(C(C(=O)[*])(C)C)C,,360.0,
1621,[*]c1cc2c(C(=O)N(C2=O)c2ccc(cc2)S(=O)(=O)c2ccc(cc2)N2C(=O)c3c(C2=O)cc(cc3)C(=O)Nc2ccc(cc2)NC(=O)[*])cc1,368.0,,
9891,[*]CCCCCCCCCCNC(=O)CCCCCCC(=O)N[*],,,5.9989
8413,[*]Oc1cc(c(cc1)C(=O)OC(=O)C[*])Br,,177.0,
6539,[*]c1nc2c(c(c1)c1ccccc1)cc(cc2)C1(c2ccccc2c2ccccc12)c1cc2c(nc(cc2c2ccccc2)c2ccc(cc2)C2(c3ccccc3C(=O)c3ccccc23)c2ccc(cc2)[*])cc1,385.0,,
10555,[*]C(=O)c1cccc(C(=O)N2COCN2[*])c1,,,4.5807
3394,[*]OP(=O)(N=Nc1ccc(cc1)Oc1ccc(cc1)N=NP(=O)(OCCCCCC[*])OC)OC,25.0,,
7751,[*]OC(=O)CCCCC(=O)OCC#CC#CC[*],,130.0,
5375,[*]c1c2C(=O)N(C(=O)c2c(c2ccccc12)c1ccc(cc1)Oc1ccc(cc1)S(=O)(=O)c1ccc(cc1)Oc1ccc(cc1)[*])c1cc(ccc1)C(F)(F)F,280.5,,
3992,[*]c1ccc2n(c3c(c2c1)cc(cc3)Nc1ccc(cc1)Oc1ccc(cc1)N[*])CC(CCCC)CC,220.0,,
8650,[*]S(=O)(=O)NCC(CNS(=O)(=O)c1cc(ccc1)[*])O,,215.0,
1431,[*]S(=O)(=O)c1ccc(cc1)NC(=O)CCCCCCCCCCC(=O)Nc1ccc(cc1)[*],160.0,182.0,
3582,[*]O[Si](CCCCCCOC(=O)C(Oc1c(cc(cc1)OC(=O)c1ccc(cc1)c1ccc(cc1)OCCCCCCCCCC[Si]([*])(C)C)[N+](=O)[O-])C)(C)C,20.0,,
10135,[*]CCCC1CC(=O)N([*])C(=O)C1,,,5.8014
987,[*]Oc1ccc(cc1)C1(c2ccccc2c2ccccc12)c1ccc(cc1)OCC(CN(S(=O)(=O)c1cc(ccc1)S(=O)(=O)N(CC(C[*])O)C)C)O,127.0,,
11185,[*]Cc1c(C)c(C)c(CNC(=O)CCCC(=O)N[*])c(C)c1C,,,5.2131
9899,[*]CCCCCCCCCCCCNC(=O)CCCCCCCCCCC(=O)N[*],,,5.9644
2842,[*]OP(=O)(Oc1ccc(cc1)C(c1ccc(cc1)[*])(C)C)Oc1c(cc(cc1Cl)Cl)Cl,94.0,,
9055,[*]n1c(=O)c2cc3c(cc2c1=O)c(=O)n(c3=O)CCCCCC(=O)Oc1cc2c(cc1)cc(cc2)OC(=O)CCCCC[*],,319.0,
12180,[*]NC(C=C1)=CC=C1C(S2)=CC=C2C(C=C3)=CC=C3[*],,,2.7767
7124,[*]C1OC(CO1)COCC1OC(OC1)CCCCCCCC(=O)NCCCCCCCNC(=O)CCCCCCC[*],,145.0,
2984,[*]c1cc2c(oc(n2)c2ccc(cc2)Oc2ccc(cc2)c2oc3c(n2)cc(cc3)C([*])(C(F)(F)F)C(F)(F)F)cc1,294.92,,
2522,[*]C(C[*])C(=O)OC(C(Cl)(Cl)Cl)Cl,70.5,,
7393,[*]NC(=O)CCCC(=O)NC[*],,272.0,
11641,[*]Oc1ccc(C(=O)CCCCC(=O)c2ccc(OC([*])=O)cc2)cc1,,,4.6051
4324,[*]Oc1ccc(cc1)OC(=O)c1c(cc(cc1)C(=O)[*])Oc1ccc(cc1)Cl,107.0,306.0,
6472,[*]Oc1c(cc(cc1Br)C(c1cc(c(c(c1)Br)OC(=O)[*])Br)(C(F)(F)F)C(F)(F)F)Br,206.0,,
8387,[*]Oc1c(cc(cc1)OC(=O)c1ccc(cc1)C(=O)[*])CCCCCCCCC,,237.0,
10586,[*]CCOCCOC(=O)C1CCC(C(=O)O[*])CC1,,,6.6414
10536,[*]C=Cc1ccc(Oc2ccc(C=Cc3cc([*])ncn3)cc2)cc1,,,2.9815
59,[*]C(C[*])c1c(cccc1)C(=O)OCC,118.0,,
459,[*]C(C[*])(C(=O)OCC(O)C)C,72.67,,
3669,[*]O[Si](O[Si](O[Si](O[Si](OC(CCC([*])C)C)(C)C)(C)C)(C)C)(C)C,-96.0,,
2959,[*]Oc1c2c(ccc1)ccc(c2)Oc1ccc(cc1)NC(=O)c1ccc(cc1)Oc1ccc(cc1)S(=O)(=O)c1ccc(cc1)Oc1ccc(cc1)C(=O)Nc1ccc(cc1)[*],218.0,,
3064,[*]OC(C[*])CSCCCC,-65.0,,
9970,[*]Nc1ccc(CC(C)(C)NC(=O)CCCCCCCCC([*])=O)cc1,,,4.455
9914,[*]CCCCCCNC(=O)C1CC1(C)C(=O)N[*],,,6.1739
11397,[*]C(=O)c1ccc(N([*])CCCCCCCC)cc1,,,3.611
4950,[*]OC(=O)Nc1c(ccc(c1)NC(=O)OCCN(CC[*])c1ccc(cc1)C(=C(C#N)C#N)C#N)C,125.0,,
29,[*]C(C[*])(CCC)C,27.0,,
1077,[*]OC(=O)CCC(=O)OCC[*],-11.33,108.0383721,
1290,[*]OC(=O)c1cc2c(C(CC2(c2ccc(cc2)C(=O)OCC[*])C)(C)C)cc1,154.0,,
1505,[*]Nc1ccc(cc1)NC(=O)c1cc(cc(c1)S(=O)(=O)c1ccccc1)C(=O)[*],308.0,,
1260,[*]C1(c2c(C(=O)O1)cccc2)c1ccc(cc1)OC(=O)c1cc(cc(c1)C(C)(C)C)C(=O)Oc1ccc(cc1)[*],279.0,343.0,
10694,[*]OC1=CC(=O)C([*])=CC1=O,,,3.1359
931,[*]N1C(=O)c2c(C1=O)cc(cc2)Oc1cc2c(cc1)cc(cc2)Oc1cc2c(C(=O)N(C2=O)c2ccc(cc2)C(c2ccc(cc2)C(c2ccc(cc2)[*])(C)C)(C)C)cc1,246.0,,
8016,[*]OC(=O)c1cc(ccc1)C(=O)OCCCC(=O)NCCCCCCNC(=O)CCC[*],,180.0,
2725,[*]C(C[*])(C(=O)OCc1cc(c(cc1)OCCOCC)OCCOCC)C,-2.0,,
3845,[*]Oc1c(cc(c(c1)C(C)(C)C)Oc1ccc(cc1)C(=O)Nc1c(cc(cc1C)Cc1cc(c(c(c1)C(C)C)NC(=O)c1ccc(cc1)[*])C)C(C)C)C(C)(C)C,260.0,,
7655,[*]Nc1ccc(cc1)NC(=O)c1c(c(c(c(c1SCCCCCCCCCCCCCCCC)SCCCCCCCCCCCCCCCC)C(=O)[*])SCCCCCCCCCCCCCCCC)SCCCCCCCCCCCCCCCC,,37.0,
872,[*]Oc1ccc(cc1)C(c1ccc(cc1)Oc1ccc(cc1)C(=O)c1c(cccc1)c1c(cccc1)C(=O)c1ccc(cc1)[*])(C)C,172.0,,
1160,[*]OC(=O)C(C[*])C,-26.33,97.5,
12368,[*]CC(C)C1COC2C(C(=O)OC(O)(C(F)(F)F)C(F)(F)C[*])CC12,,,6.2241
7427,[*]NC(=O)CCCCCCCC(=O)NCCc1ccc(cc1)CC[*],,290.0,
7812,[*]OC(=O)CCCCCCCCC(=O)OCCOCCOCC[*],,30.375,
12308,[*]NC(S1)=CC=C1C(=O)O[*],,,3.3859
10749,[*]CCCCOc1ccc(C=C2CCC(=Cc3ccc(O[*])cc3)C2=O)cc1,,,2.9446
2534,[*]C(C[*])(C(=O)OCC1OC(OC1)c1ccccc1)C,130.0,,
9309,[*]CCCCCCCCCCO[*],,,6.2252
10650,[*]Oc1ccc(Oc2cccc([*])n2)cc1,,,4.3182
3573,[*]C1OC(C(C(C1O)O)O[*])COCO,208.0,,
5974,[*]c1cc2c(C(=O)N(C2=O)c2cc(ccc2)P(=O)(c2cc(ccc2)N2C(=O)c3c(C2=O)cc(cc3)C(=O)Nc2ccc(cc2)C(=O)c2ccc(cc2)NC(=O)[*])c2ccccc2)cc1,238.0,,
8338,[*]Oc1c(cc(c(c1)OC(=O)c1ccc(cc1)OCC)OC(=O)c1ccc(cc1)OC(=O)CCCCCCCCC(=O)Oc1ccc(cc1)C(=O)[*])OC(=O)c1ccc(cc1)OCC,,175.8,
7958,[*]OC(=O)Nc1cc(ccc1)C(=O)OCC1CCC(CC1)C[*],,147.0,
6048,[*]N1C(=O)c2c(C1=O)cc(cc2)c1cc2c(C(=O)N(C2=O)c2ccc(cc2)c2nc(cc(c2)c2ccc(cc2)OCCCC#N)c2ccc(cc2)[*])cc1,360.0,,
10916,[*]CCCCCCCCCCCCc1nc2cc3sc([*])nc3cc2s1,,,4.2887
3646,[*]Oc1ccc(cc1)C1(CCC(CC1)C(C)(C)C)c1ccc(cc1)Oc1ccc(cc1)C(=O)Oc1ccc(cc1)C(c1ccc(cc1)OC(=O)c1ccc(cc1)[*])(C)C,144.0,,
7827,[*]OC(=O)CCCCCCCCCCCCC[*],,95.85,
7155,[*]N(C(=O)[*])CCC,,250.0,
5011,[*]Nc1c(cccc1)CCc1ccc(cc1)NC(=O)NCCCCCCNC(=O)[*],150.0,180.0,
10449,[*]CC([*])C(=O)N(O)c1cccc(C)c1,,,4.1845
5251,[*]N1C(=O)c2c(C1=O)cc(cc2)[Si](c1cc2c(C(=O)N(C2=O)c2ccc(cc2)Oc2ccc(cc2)C(=O)c2cc(ccc2)C(=O)c2ccc(cc2)Oc2ccc(cc2)[*])cc1)(C)C,208.0,,
2514,[*]C(C[*])(C(=O)OCCCCCCCCOc1cc2c(cc1)cc(cc2)C(=O)Oc1ccccc1)C,34.0,,
7911,[*]OC(=O)NCCCCCCCCCCNC(=O)OCCCCCC[*],,144.0,
9510,[*]c1ccc(Oc2ccc(C(=O)c3ccc(Oc4ccc(C(=O)c5ccc(Oc6ccc(-c7nc8ccccc8n7-c7ccc(-n8c([*])nc9ccccc98)cc7)cc6)cc5)cc4)cc3)cc2)cc1,,,3.2485
242,[*]C(C[*])C(=O)c1ccc(cc1)CCC,44.0,,
10417,[*]CC([*])n1cncn1,,,3.4207
2135,[*]C(C[*])c1c(cccc1)COCCCCCCCC,13.0,,
6653,[*]c1cc2n(c3c(c2cc1)ccc(c3)C=C[*])c1cc(c(cc1)OCCCCCCCCCC)OCCCCCCCCCC,95.0,,
5556,[*]c1cc2c(C(=O)N(C2=O)c2ccc(cc2)Sc2ccc(cc2)Sc2ccc(cc2)Sc2ccc(cc2)N2C(=O)c3c(C2=O)cc(cc3)C([*])(C(F)(F)F)C(F)(F)F)cc1,233.0,,
10982,[*]c1cc(COCCCCCCCCCCCCOc2ccc(-c3ccc(OC)cc3)cc2)c([*])s1,,,2.5163
194,[*]C(C[*])OC,-24.96,,
5439,[*]c1cc2c(C(=O)N(C2=O)c2ccc(cc2)c2sc(c(c2c2ccccc2)c2ccccc2)c2ccc(cc2)N2C(=O)c3c(C2=O)cc(cc3)C(=O)Nc2ccc(cc2)NC(=O)[*])cc1,333.0,,
9356,[*]CCCCCC(=O)NCCCCCOCCCCCNC(=O)CCCO[*],,,5.841
3086,[*]c1nc2c(c(c1)c1ccccc1)cc(cc2)C1(c2ccccc2c2ccccc12)c1cc2c(nc(cc2c2ccccc2)c2ccc(cc2)Oc2ccc(cc2)[*])cc1,315.0,,
7991,[*]OC(=O)c1c(cc(c(c1)C)C[*])C,,140.0,
11488,[*]c1ccc(-n2c(=O)c3cc4c(=O)n([*])c(=O)c4cc3c2=O)c(CP(=O)(OCC)OCC)c1,,,2.9894
1376,[*]NC(=O)c1ccc(cc1)CC(=O)NCCCCC[*],103.0,216.0,
6076,[*]N1C(=O)c2c(C1=O)c(ccc2)Oc1c(c(cc(c1)C(C)(C)C)C(C)(C)C)Oc1c2c(C(=O)N(C2=O)c2ccc(cc2)Oc2ccc(cc2)c2ccc(cc2)Oc2ccc(cc2)[*])ccc1,237.0,,
2650,[*]C(C[*])(C(=O)OCCC(C(C(C(F)(F)F)(F)F)(F)F)(F)F)C,23.0,,
11569,[*]CC(C)C1C(=O)N(CCC)C(=O)C1[*],,,5.8295
660,[*]O[Si](O[Si](O[Si](O[Si](c1ccc(cc1)Oc1ccc(cc1)[Si]([*])(C)C)(C)C)(C)C)(C)C)(C)C,-52.0,,
3343,[*]OP(=O)(Oc1c(cc(cc1C)S(=O)(=O)c1cc(c(c(c1)C)[*])C)C)Oc1ccc(cc1)[N+](=O)[O-],173.0,,
9824,[*]CC1CCC(CNC(=O)c2cccc(C(=O)N[*])c2)CC1,,,4.9032
5787,[*]N1C(=O)c2c(C1=O)cc(cc2)Oc1ccc(cc1)C1(CCC(CC1)c1ccccc1)c1ccc(cc1)Oc1cc2c(C(=O)N(C2=O)c2ccc(cc2)Oc2c(cc(cc2C)C(c2cc(c(c(c2)C)Oc2ccc(cc2)[*])C)(C)C)C)cc1,232.0,,
4298,[*]OC(CC(=O)[*])CCOc1ccccc1,20.0,,
3592,[*]Oc1c2c(c(cc1)c1c3c(c(cc1)Oc1ccc(cc1)[*])cccc3)cccc2,226.0,,
9472,[*]CCOCCOC(=O)COCC(=O)O[*],,,5.9381
419,[*]C(C[*])C(=O)OCCSCCC#N,-50.0,,
7760,[*]OC(=O)CCCCC(=O)OCC1CCC(CC1)C[*],,88.0,
2057,[*]N=P([*])(OCCOCCOCC)OCCOCCOCC,-78.0,,
4836,[*]Oc1ccc(cc1)CC(NC(=O)CCc1ccc(cc1)OC(=O)[*])C(=O)OCC,83.67,,
145,[*]C(C[*])c1c(ccc(c1)C(C)(C)C)C,87.0,,
9657,[*]CC(C)C(=O)O[*],,,6.7365
6426,[*]Oc1cc2c(C(CC32CC(c2ccc(cc32)OC(=O)[*])(C)C)(C)C)cc1,227.5,,
9645,[*]CCOC(=O)CCCCCC(=O)O[*],,,6.8822
4210,[*]c1ccc2N(c3c(Sc2c1)cc(cc3)C=Cc1sc(cc1)C=C[*])c1ccc(cc1)OCCCCCCCCCCCC,155.0,,
6583,[*]N(c1ccc(cc1)C(c1ccc(cc1)[*])c1ccc(cc1)C(=O)OC)c1ccc(cc1)C,222.0,,
4134,[*]c1sc(nn1)c1ccc(cc1)C(=O)OCCCCCCOC(=O)c1ccc(cc1)[*],125.0,300.0,
3521,[*]c1nc(ccc1)c1cc(c(cc1)Oc1ccc(cc1)C1(c2ccccc2c2ccccc12)c1ccc(cc1)Oc1c(cc(cc1)[*])C(F)(F)F)C(F)(F)F,182.5,,
9711,[*]OC(C)(C)C([*])=O,,,5.8214
5154,[*]N1C(=O)c2c(C1=O)cc(cc2)c1cc2c(C(=O)N(C2=O)CCC[Si](O[Si](CCC[*])(C)C)(C)C)cc1,75.0,,
4274,[*]Oc1cc2c(C(CC2(c2ccc(cc2)OC(=O)c2ccc(cc2)C(=O)[*])C)(C)C)cc1,252.5,,
2654,[*]C(C[*])C(=O)Oc1ccc(cc1)N=Nc1ccc(cc1)OC,133.6,,
6534,[*]c1nc2c(c(c1)c1ccccc1)cc(cc2)c1ccc(cc1)[*],383.0,580.0,
10666,[*]CCOCCOCCOCCOC(=O)CCSCCC(=O)O[*],,,5.3735
12010,[*]CC(S1)=CC=C1C(S2)=CC=C2O[*],,,3.4793
5178,[*]N1C(=O)c2c(C1=O)cc(cc2)C(=O)c1cc2c(C(=O)N(C2=O)CCCCCC(=O)Nc2cc(ccc2)Oc2ccc(cc2)NC(=O)CCCCC[*])cc1,170.0,,
1950,[*]c1nc2c(nc1)cc(cc2)c1cc2c(nc(cn2)c2ccc(cc2)[*])cc1,350.0,,
8357,[*]Oc1c(cc(cc1)C=C1C(=O)C(=Cc2cc(c(cc2)OCC[*])OC)CC(C1)C)OC,,180.0,
4810,[*]Nc1ccc(cc1)c1ccc(cc1)NC(=O)c1ccc(cc1)NC(=O)c1ccc(cc1)[Si](c1ccc(cc1)C(=O)Nc1ccc(cc1)C(=O)[*])(C)C,320.0,,
10789,[*]OC(=O)OCCCCCCOC(=O)OC1COC2C([*])COC12,,,6.6217
6449,[*]Oc1ccc(cc1)C(c1cc(c(cc1)OC(=O)[*])Cl)(C)C,146.0,,
6699,[*][Si](c1c(cccc1)C[*])(C)C,48.0,204.0,
151,[*]C(C[*])c1c(ccc(c1)Br)OC(C)C,35.0,,
5715,[*]N1C(=O)c2c(C1=O)cc(cc2)c1cc2c(C(=O)N(C2=O)c2cc(cc(c2)C(=O)NCCCCCC)[*])cc1,256.9,,
116,[*]C(C[*])c1ccc(cc1)C(=O)OCC,94.0,,
9596,[*]CCOC(=O)c1cccc(C(=O)O[*])c1,,,4.9772
11695,[*]C(=O)c1ccc2nc(-c3ccc(-c4nc5ccc([*])cc5nc4-c4ccccc4)cc3)c(-c3ccccc3)nc2c1,,,3.0508
903,[*]c1nc2c(n1c1ccc(cc1)n1c(nc3c1cccc3)c1ccc(cc1)Oc1ccc(cc1)S(=O)(=O)c1ccc(cc1)Oc1ccc(cc1)[*])cccc2,270.0,,
963,[*]Oc1c(cc(cc1)Oc1ccc(cc1)NC(=O)c1ccc(cc1)Oc1c(cc(cc1)Oc1ccc(cc1)C(=O)Nc1ccc(cc1)[*])c1ccccc1)c1ccccc1,200.5,,
2597,[*]C(C[*])(C(=O)OCCCCCC(=O)Oc1ccc(cc1)OC(=O)c1ccc(cc1)OCCCC)C,40.0,,
10911,[*]C=CC=Cc1nc2cc3sc([*])nc3cc2s1,,,2.5254
4874,[*]NC(=O)CCCCCCCCCCC(=O)NCCCCCCCCCCC[*],39.0,188.0,
10706,[*]Oc1cc(Cl)cc(Cl)c1[*],,,4.3654
12152,[*]C(=O)C(C=C1)=CC=C1C(C=C2)=CC=C2C(=S)[*],,,2.4596
2291,[*]C(=C([*])c1ccccc1)c1ccc(cc1)Oc1ccccc1,200.0,,
11393,[*]Nc1ccc(NC(=O)C=CC([*])=O)cc1,,,2.7273
2844,[*]OP(=O)(Oc1c(c(c(c(c1Cl)Cl)[*])Cl)Cl)Oc1ccccc1,79.0,,
6120,[*]c1cc2c(C(=O)N(C2=O)c2ccc(cc2)Oc2ccc(cc2)C(=O)c2nc(ccc2)C(=O)c2ccc(cc2)Oc2ccc(cc2)N2C(=O)c3c(C2=O)cc(cc3)C([*])(C(F)(F)F)C(F)(F)F)cc1,226.9,,
6331,[*]c1cc2c(C(=O)N(C2=O)c2ccc(cc2)Oc2c(c(ccc2)Oc2ccc(cc2)N2C(=O)c3c(C2=O)cc(cc3)C(=O)Nc2ccc(cc2)Oc2cc(ccc2)Oc2ccc(cc2)NC(=O)[*])C#N)cc1,217.0,,
3005,[*]Oc1ccc(cc1)C1(c2ccccc2c2ccccc12)c1ccc(cc1)Oc1ccc(cc1)C(=O)c1c(c(c(c(c1c1ccccc1)c1cc2c(cc1)cccc2)c1cc2c(cc1)cccc2)c1ccccc1)C(=O)c1ccc(cc1)[*],310.0,,
3215,[*]c1[nH]c(nc1c1ccc(cc1)Oc1ccc(cc1)C(=O)c1ccc(cc1)C(=O)c1ccc(cc1)C(=O)c1ccc(cc1)Oc1ccc(cc1)[*])c1ccccc1,239.0,,
11667,[*]Oc1ccc(C(C)=Cc2ccc(OC(=O)OCCCCOC([*])=O)cc2)cc1,,,4.0366
6700,[*][Si](c1c(cccc1)C[*])(c1ccccc1)C,93.8,,
5228,[*]N1C(=O)c2c(C1=O)cc(cc2)[Si](c1ccc(cc1)[Si](c1cc2c(C(=O)N(C2=O)c2cc(ccc2)Cc2cc(ccc2)[*])cc1)(C)C)(C)C,246.0,,
7461,[*]NC(=O)CCCCCCCCCCCCCCC(=O)NCC[*],,235.0,
1444,[*]NC(=O)CCCCCCCCCCCCCCCCC(=O)NCCCCCCCC[*],36.0,181.5,
153,[*]C(C[*])c1c(ccc(c1)Br)OCCC(C)C,37.0,,
11958,[*]C#Cc1cc(OCC(CC)CCCC)c(C#Cc2cc(OCCNCCCC)c([*])cc2OCCNCCCC)cc1OCC(CC)CCCC,,,2.9566
9962,[*]NNC(=O)CCCCCCCCC([*])=O,,,6.0464
10985,[*]c1cc(CC(=O)Cl)c([*])s1,,,2.8053
1362,[*]Nc1ccc(cc1)Cc1ccc(cc1)NC(=O)c1cc(ccc1)C(=O)[*],264.6,416.0,
1811,[*]c1cc2c(C(=O)N(C2=O)c2c(c(c(c(c2C)C)N2C(=O)c3c(C2=O)cc(cc3)C([*])(C(F)(F)F)C(F)(F)F)C)C)cc1,418.75,,
9468,[*]CCOCCOCCOC(=O)CCCCS(=O)(=O)CCCCC(=O)O[*],,,6.1148
12246,[*]C(=O)NOCCCCO[*],,,6.9613
11293,[*]NC(CC([*])=O)C(=O)OCCCC,,,6.151
986,[*]Oc1c(cc(cc1)Oc1ccc(cc1)C(=O)Nc1ccc(cc1)Oc1ccc(cc1)S(=O)(=O)c1ccc(cc1)Oc1ccc(cc1)NC(=O)c1ccc(cc1)[*])c1ccccc1,231.0,,
9959,[*]CCCCC(=O)NCCCCCCNC(=O)CCCO[*],,,5.9543
3186,[*]c1c([nH]c(n1)c1ccc(cc1)c1[nH]c(c(n1)c1ccc(cc1)Oc1ccc(cc1)C(=O)c1ccc(cc1)Oc1ccc(cc1)[*])c1ccccc1)c1ccccc1,279.0,,
6163,[*]c1cc2c(C(=O)N(C2=O)c2ccc(cc2)Oc2cc(ccc2)Oc2ccc(cc2)N2C(=O)c3c(C2=O)cc(cc3)C(=O)Nc2ccc(cc2)C2(c3ccccc3c3ccccc23)c2ccc(cc2)NC(=O)[*])cc1,278.0,,
9305,[*]CCCCO[*],,,5.9284
6374,[*]Nc1cc(ccc1)NC(=O)c1cc(ccc1)C(=O)Nc1cc(ccc1)NC(=S)NC(=O)CCCCC(=O)NC(=S)[*],242.0,,
9885,[*]CCCCCCCCNC(=O)CCCCCCCCCCCCC(=O)N[*],,,5.9612
7855,[*]OC(=O)CCCS(=O)(=O)Cc1ccc(cc1)CS(=O)(=O)CCCC(=O)OCCCCCC[*],,196.5,
10058,[*]C(=O)OCC1CC1COC(=O)N1CCN([*])CC1,,,5.9115
7101,[*]C1(c2c(C(=O)O1)cccc2)c1ccc(cc1)OS(=O)c1ccc(cc1)c1ccc(cc1)S(=O)Oc1ccc(cc1)[*],,316.0,
12046,[*]CC(C=C1)=CC=C1OC(S2)=CC=C2[*],,,4.5691
8953,[*]c1oc(nn1)c1cc(ccc1)c1oc(nn1)CCCC[*],,400.0,
10781,[*]Oc1cc(OC(=O)c2ccc(C=Nc3ccc(OCCCCCCOc4ccc(N=Cc5ccc(C([*])=O)cc5)cc4F)c(F)c3)cc2)c(Cl)cc1Cl,,,2.9795
8620,[*]Oc1ccc(cc1)SSCCSSc1ccc(cc1)[*],,155.5,
2384,[*]C(C[*])(C(=O)OCC#N)C,91.0,,
1356,[*]NC(=O)c1cc(ccc1)C(=O)NCCCCCCCC[*],110.0,200.3333333,
85,[*]C(C[*])c1ccc(cc1)CCCCCCCCCCCCCCCC,4.5,,
11855,[*]c1[nH]c([*])c2c1CCC2,,,2.6564
6243,[*]c1cc2c(C(=O)N(C2=O)c2c(ccc(c2)C(c2cc(c(cc2)OC(=O)C23CC4CC(CC(C2)C4)C3)N2C(=O)c3c(C2=O)cc(cc3)C([*])(C(F)(F)F)C(F)(F)F)(C(F)(F)F)C(F)(F)F)OC(=O)C23CC4CC(CC(C2)C4)C3)cc1,305.0,,
1084,[*]OC(=O)CCCCCCC(=O)OCCC[*],-58.75,52.24,
1237,[*]Oc1c(cc(cc1c1ccccc1)c1cc(c(c(c1)c1ccccc1)OC(=O)CCCCCCCCC(=O)[*])c1ccccc1)c1ccccc1,98.0,,
3364,[*]c1nc2c(nc1c1ccc(cc1)Oc1ccc(cc1)Oc1ccc(cc1)P(=O)(c1ccc(cc1)Oc1ccc(cc1)Oc1ccc(cc1)[*])c1ccccc1)cccc2,209.0,,
12402,[*]NNC(=O)c1ccc([Si](c2ccccc2)(c2ccccc2)c2ccc(C([*])=O)cc2)cc1,,,4.754
11283,[*]CNC(=O)CCCCCCC(=O)N[*],,,5.7869
4046,[*]Oc1c(cc(cc1C)C1(CC2C(CC1)CCCC2)c1cc(c(c(c1)C)Oc1ccc(cc1)C(=O)c1ccc(cc1)[*])C)C,251.0,,
1573,[*]OC(=O)Nc1ccc(cc1)Cc1ccc(cc1)NC(=O)OCCCCCCCCC[*],72.0,192.0,
11720,[*]Nc1ccc([*])cc1C,,,3.5769
979,[*]Oc1ccc(cc1)Oc1ccc(cc1)NC(=O)c1ccc(cc1)Oc1c(cc(cc1)Oc1ccc(cc1)C(=O)Nc1ccc(cc1)[*])C,200.0,,
4459,[*]Oc1ccc(cc1)CC(NC(=O)CCc1ccc(cc1)OC(=O)CCCCC(=O)[*])C(=O)OCCOCCOCC,15.0,,
11995,[*]C(C=C1)=CC=C1C(C=C2)=CC=C2C(C=C3)=CC=C3C(C=C4)=CC=C4[*],,,2.5009
6917,[*]/C=C\C(C[*])C,,48.375,
9319,[*]CC1CCC(COCO[*])CC1,,,6.4282
9075,[*]n1c(=O)c2cc3c(cc2c1=O)c(=O)n(c3=O)CCCCOC(=O)OCCCCCCOC(=O)OCCCC[*],,200.0,
1549,[*]OC(=O)NCCCCCCNC(=O)OCC(C(C(C(C[*])(F)F)(F)F)(F)F)(F)F,-2.0,126.0,
4978,[*]OC(=O)Nc1c(ccc(c1)NC(=O)OCCN(CC[*])c1ccc(cc1)C=Cc1cc[n+](cc1)CCCC)C,121.0,,
5958,[*]N1C(=O)c2c(C1=O)cc(cc2)Oc1cc2c(C(=O)N(C2=O)c2cc(c(cc2)Oc2c(cccc2)Oc2c(cc(cc2)[*])C(F)(F)F)C(F)(F)F)cc1,223.0,,
2630,[*]C(C[*])(C(=O)OC(COc1ccc(cc1)c1ccccc1)COc1ccc(cc1)c1ccccc1)C,85.0,,
1128,[*]OC(=O)CCCCC(=O)OCCCCCC[*],-70.67,57.0,
5619,[*]c1cc2c(C(=O)N(C2=O)c2ccc(cc2)Oc2ccc(cc2)NC(=O)c2cc(ccc2)C(=O)Nc2ccc(cc2)Oc2ccc(cc2)N2C(=O)c3c(C2=O)cc(cc3)C(=O)[*])cc1,232.0,,
10018,[*]CCCNC(=O)CCCCCCCCC(=O)NCCCNC(=O)C(=O)N[*],,,5.3556
8109,[*]OC(=O)c1ccc(cc1)CCCCCCc1ccc(cc1)C(=O)OCC[*],,155.0,
10273,[*]CCCN([*])C(C)=O,,,5.7364
272,[*]C(C[*])OC(=O)c1ccc(cc1)OC,73.83,,
4504,[*]Oc1c(cc(c(c1)OC(=O)c1ccc(cc1)OCCCC)OC(=O)CCCCCCCC(=O)[*])OC(=O)c1ccc(cc1)OCCCC,38.0,181.0,
2001,[*]O[Si](Oc1ccc(cc1)C(c1ccc(cc1)[*])(C)C)(c1ccccc1)C,58.0,,
11671,[*]Oc1ccc(C(CC)c2ccc(OC([*])=O)cc2)cc1,,,5.1581
9728,[*]CCCCCCCCCCCCCCOC(=O)c1ccc(C(=O)NCCCCCNC(=O)c2ccc(C(=O)O[*])cc2)cc1,,,4.6624
11888,[*]c1ccc2cc([*])n(C(C(=O)OCC)n3ccc4ccccc43)c2c1,,,4.2748
2963,[*]Oc1ccc(cc1)C(=O)Nc1c(cc(cc1)Br)c1ccc(cc1)NC(=O)c1ccc(cc1)[*],267.0,,
336,[*]C(C[*])C(=O)OCCCCCCCC,-65.0,,
11492,[*]c1cccc(Cc2cccc(-n3c(=O)c4cc5c(=O)n([*])c(=O)c5cc4c3=O)c2)c1,,,2.645
10413,[*]C=CC1CC([*])C(C#N)(CC)C1,,,6.1381
6391,[*]C1C(=O)OC(=O)C1C(C[*])c1ccccc1,177.0,330.3,
5183,[*]N1C(=O)c2c(C1=O)cc(cc2)C(=O)c1cc2c(C(=O)N(C2=O)CCCCCC(=O)Nc2ccc(cc2)Oc2ccc(cc2)Oc2ccc(cc2)NC(=O)CCCCC[*])cc1,158.0,,
7404,[*]NC(=O)CCCCC(C[*])C,,187.0,
4068,[*]Oc1cc2c(cc1)cc(cc2)C(=O)NCC[*],182.0,,
2019,[*][Si](C/C=C\C[*])(CCCOc1cc2c(cc1)cccc2)C,-1.0,,
7070,[*]C(C[*])OCCCCCCCCCCCCCCCCCC,,47.0,
357,[*]C(C[*])C(=O)OCC(C(OC(C(C(F)(F)F)(F)F)(F)F)(F)F)(F)F,-68.0,,
614,[*]OCOCCCCSSCCCC[*],-76.0,,
4320,[*]OC(=O)c1ccc(cc1)C(=O)OCC#CC#CC[*],143.0,,
1422,[*]NC(=O)c1ccc(cc1)C(=O)NCC(CC(CC[*])(C)C)C,148.0,,
3130,[*]Oc1ccc(cc1)C=NN=Cc1ccc(cc1)Oc1ccc(cc1)C(=O)c1ccc(cc1)[*],179.0,,
12023,[*]CC(S1)=CC=C1NO[*],,,3.7984
3548,[*]Oc1ccc(cc1)NC(=O)c1cc2c(cc1)cc(cc2)C(=O)Nc1ccc(cc1)Oc1ccc(cc1)C1(C2CC3CC(CC1C3)C2)c1ccc(cc1)[*],266.0,,
507,[*]C(C[*])(CC(=O)OCCC)C(=O)OCCC,44.38,,
79,[*]C(C[*])c1ccc(cc1)CCCCCC,-27.0,,
354,[*]C(C[*])C(=O)OCCOCC(C(C(F)(F)F)(F)F)(F)F,-45.0,,
4710,[*]Nc1cc(ccc1)C=Cc1ccc(cc1)NC(=O)c1cc(ccc1)C(=O)[*],272.0,,
9086,[*]n1c(=O)c2cc3c(cc2c1=O)c(=O)n(c3=O)c1ccc(cc1)Oc1ccc(cc1)c1ccc(cc1)Oc1ccc(cc1)[*],,450.0,
1219,[*]Oc1c(cc(cc1C)c1cc(c(c(c1)C)OC(=O)CCCCCCCCC(=O)[*])C)C,57.0,192.0,
1774,[*]N1C(=O)c2c(C1=O)cc(cc2)Oc1ccc(cc1)C(c1ccc(cc1)Oc1cc2c(C(=O)N(C2=O)c2ccc(cc2)Oc2ccc(cc2)[*])cc1)(C(F)(F)F)C(F)(F)F,257.0,,
9235,[*]CCC(C(=O)OC)C([*])C(=O)OC,,,6.6384
1485,[*]NC(C(=O)[*])CCC(=O)OCC,-27.33,,
8609,[*]Oc1ccc(cc1)Oc1ccc(cc1)Oc1ccc(cc1)OC(=O)c1ccc(cc1)Oc1ccc(cc1)C(=O)[*],,339.0,
3682,[*]Oc1ccc(cc1)S(=O)(=O)c1ccc(cc1)Oc1ccc(cc1)C(=O)c1cc(cc(c1)Br)C(=O)c1ccc(cc1)[*],192.0,,
378,[*]C(C[*])(C(=O)OCc1ccccc1)C,57.45,,
8155,[*]OC(C[*])(CCl)CCl,,156.0,
9738,[*]CC(C)(C)COC(=O)CCCCC(=O)O[*],,,6.692
4825,[*]N(CCNC(=O)c1ccc(cc1)[Si](c1ccc(cc1)C(=O)NCC[*])(c1ccccc1)c1ccccc1)c1ccc(cc1)/C=C/c1ccc(cc1)[N+](=O)[O-],157.5,,
1078,[*]OC(=O)CCC(=O)OCCC[*],-34.42,47.27272727,
3461,[*]Oc1cc(ccc1)NC(=O)c1cc(cc(c1)NC(=O)c1ccc(cc1)OC(=O)C)C(=O)Nc1ccc(cc1)[*],251.0,,
7415,[*]NC(=O)CCCCCCC(=O)NCCCCC[*],,202.0,
2968,[*]Oc1c(cc(cc1)Oc1ccc(cc1)C(=O)c1c2c(ccc1)cccc2C(=O)c1ccc(cc1)[*])C(C)(C)C,230.0,,
6775,[*]O[Si](O[Si](O[Si](O[Si](CC[Si](O[Si](O[Si](O[Si](CC[Si]([*])(c1ccccc1)c1ccccc1)(C)C)(C)C)(C)C)(C)C)(c1ccccc1)c1ccccc1)(c1ccccc1)c1ccccc1)(c1ccccc1)c1ccccc1)(c1ccccc1)c1ccccc1,-4.5,,
11850,[*]Nc1ccc([*])cc1N,,,4.2366
6853,[*]c1cc2C(c3c(c2cc1)ccc(c3)c1ccc(cc1)c1c(c(cc(c1)c1ccc(cc1)OCCCCCCCCCCCC)c1ccc(cc1)[*])c1ccc(cc1)OCCCCCCCCCCCC)(CCCCCC)CCCCCC,98.5,,
3058,[*]Oc1c(cc(cc1C)C1(c2ccccc2c2ccccc12)c1cc(c(c(c1)C)Oc1ccc(cc1)C(=O)c1cc(ccc1)C(=O)c1ccc(cc1)[*])C)C,229.0,,
4657,[*]Oc1c(cc(cc1)C1(CC2C(CC1)CCCC2)c1cc(c(cc1)OC(=O)c1ccc(cc1)C(=O)[*])C)C,247.0,,
4853,[*]Nc1ccc(cc1)C(c1ccc(cc1)NC(=O)c1ccc(cc1)c1ccc(cc1)C(=O)[*])(P1(=O)c2ccccc2c2ccccc2O1)P1(=O)c2ccccc2c2ccccc2O1,251.0,,
8287,[*]OCCCCCCCCC(=O)NCc1ccc(cc1)CNC(=O)CCCCCCCC[*],,215.0,
2424,[*]C(C[*])(C(=O)OC12CC3(CC(CC(C1)C3)(C2)C)C)CC(=O)OC,144.0,,
11685,[*]CC1CCC(COC(=O)O[*])CC1,,,6.8655
4959,[*]OC(=O)NCCCCCCNC(=O)OCCN(CC[*])c1ccc(cc1)N=Nc1ccc(cc1)P(=O)(c1ccccc1)c1ccccc1,120.0,,
5055,[*]N1C(=O)c2c(C1=O)cc(cc2)C(=O)Oc1ccc(cc1)c1ccc(cc1)OC(=O)CCCCCCCCCCC[*],60.0,243.0,
2299,[*]C(C[*])OC(=O)C=Cc1ccccc1,127.0,,
11870,[*]Nc1cnc([*])c(O)c1,,,3.3471
3072,[*]OC(=O)CCOCC[*],-35.55,,
6491,[*]Oc1ccc(cc1)OC(=O)Oc1ccc(cc1)C(c1ccc(cc1)OC(=O)[*])(C)C,97.0,,
1838,[*]OC(=O)c1ccc(cc1)Cc1ccc(cc1)C(=O)[*],122.0,332.0,
4319,[*]OC(=O)c1cc(ccc1)C(=O)OCCCS(=O)(=O)CCCS(=O)(=O)CCC[*],67.0,,
7904,[*]OC(=O)NCCC(CCCNC(=O)OCC(C[*])(C)C)OC,,130.0,
301,[*]C(C[*])P(=O)(N(C)C)Oc1ccccc1,27.0,,
4966,[*]OC(=O)NC1CC(CC(C1)(CNC(=O)OCCN(CC[*])c1ccc(cc1)C=C(C#N)C#N)C)(C)C,141.0,,
9878,[*]CCCCCNC(=O)CCCCCCC(=O)N[*],,,5.9286
3505,[*]Oc1ccc(cc1)CC(NC(=O)CCc1ccc(cc1)OC(=O)COCCOCC(=O)[*])C(=O)OCC(C)C,50.0,,
9698,[*]OC(=O)c1ccc(CCc2ccc(C([*])=O)cc2)cc1,,,4.4852
9014,[*]c1sc(cc1CCCCCCCCCCCC)c1sc(c(c1)CCCCCCCCCCCC)c1sc(cc1)c1sc(cc1)[*],,85.005,
84,[*]C(C[*])c1ccc(cc1)CCCCCCCCCCCCCC,-36.0,,
6347,[*]c1cc2c(C(=O)N(C2=O)c2c(cc(cc2C)Cc2cc(c(c(c2)C)N2C(=O)c3c(C2=O)cc(cc3)C(=O)OCCN(CCOC(=O)[*])c2ccc(cc2)C(=C(C#N)C#N)C#N)C)C)cc1,208.0,,
1003,[*]Oc1ccc(cc1)NC(=O)c1ccc(cc1)Oc1ccc(cc1)C(c1cc(ccc1)C(c1ccc(cc1)Oc1ccc(cc1)C(=O)Nc1ccc(cc1)[*])(C)C)(C)C,155.0,,
10924,[*]c1cc(CCCCCCCCCC(O)CO)c([*])s1,,,2.497
5490,[*]N1C(=O)c2c(C1=O)cc(cc2)Oc1cc(ccc1)C(=O)Nc1ccc(cc1)Oc1ccc(cc1)[*],231.0,,
974,[*]Oc1c(c(c(c(c1C)C)NC(=O)c1ccc(cc1)C(=O)Nc1ccc(cc1)[*])C)C,333.0,,
2548,[*]C(C[*])(C(=O)OCCN(c1ccc(cc1)C=Cc1ccc(cc1)[N+](=O)[O-])C)C,107.0,,
7381,[*]NC(=O)CC/C=C/CCC(=O)NCCCCCC[*],,259.0,
5165,[*]c1cc2c(C(=O)N(C2=O)c2cc(ccc2)C(c2cc(ccc2)N2C(=O)c3c(C2=O)cc(cc3)C(=O)[*])O)cc1,273.0,,
8584,[*]Oc1ccc(cc1)OC(=O)c1ccc(cc1)C(=O)Oc1ccc(cc1)OCCCCCCCCCC[*],,246.75,
2582,[*]C(C[*])(C(=O)OCC1(COC1)CC)C,72.5,,
4083,[*]c1sc(cc1)[*],89.35,,
10217,[*]OC(=O)c1ccc(Cc2ccc(C([*])=O)cc2)cc1,,,4.3273
2220,[*]C(C[*])c1c(ccc(c1)C(=O)OCCCCCCCC)c1ccc(cc1)OCCCCCCCC,57.0,,
7962,[*]OC(=O)Nc1cc(ccc1)NC(=O)OCC[*],,185.0,
9400,[*]CCOCCOC(=O)CCCC(=O)O[*],,,6.4269
2989,[*]c1cc2c(oc(n2)c2cc(ccc2)c2oc3c(n2)cc(cc3)C([*])(c2ccccc2)C(F)(F)F)cc1,301.0,,
10976,[*]c1cc(C(=O)OCC(F)(F)C(F)(F)C(F)(F)F)c([*])s1,,,2.8607
1065,[*]c1sc2c(n1)ccc(c2)c1ccc2c(sc(n2)CCCCCCCC[*])c1,238.0,,
240,[*]C(C[*])C(=O)c1ccc(cc1)OC,46.0,,
5517,[*]N1C(=O)c2c(C1=O)cc(cc2)C(=O)Oc1ccc(cc1)c1ccc(cc1)OC(=O)c1cc2c(C(=O)N(C2=O)CC(CCC[*])C)cc1,155.0,367.5,
6240,[*]N1C(=O)c2c(C1=O)cc(cc2)Oc1cc2c(C(=O)N(C2=O)c2cc(c(c(c2)Br)Oc2c(cc(cc2Br)[*])Br)Br)cc1,283.0,,
7383,[*]NC(=O)CC/C=C/CCC(=O)NCCCCCCCC[*],,256.0,
304,[*]C(=C([*])C)c1ccccc1,200.0,,
2350,[*]C(C[*])N1C(=O)CCCCC1,154.8,,
1177,[*]Oc1ccc(cc1)CC(=O)[*],117.0,263.0,
5111,[*]N1C(=O)c2c(C1=O)cc(cc2)S(=O)(=O)c1cc2c(C(=O)N(C2=O)c2ccc(cc2)C(c2ccc(cc2)[*])c2ccccc2)cc1,305.0,,
2751,[*]C1(C(C(C(C(C(C1(F)F)(F)F)(F)F)(F)F)(C([*])(F)F)F)(F)F)F,198.0,,
2651,[*]C(C[*])(C(=O)OCCCCC(C(C(C(F)(F)F)(F)F)(F)F)(F)F)C,23.0,,
4148,[*]c1sc(c(c1c1ccccc1)c1ccccc1)c1ccc(cc1)NC(=O)Cc1ccc(cc1)c1sc(c(c1c1ccccc1)c1ccccc1)c1ccc(cc1)CC(=O)Nc1ccc(cc1)[*],273.0,,
2628,[*]C(C[*])(C(=O)OCCN(c1ccc(cc1)N=Nc1c(cc(cc1)N=Nc1ccc(cc1)C#N)C)C)C,111.57,,
12358,[*]OC(C)(C)C(F)(F)C(F)(F)OCCOCCC1CC1[*],,,5.8745
3158,[*]Oc1cc(ccc1)OCC(COc1ccc(cc1)S(=O)(=O)c1ccc(cc1)OCC(C[*])O)O,105.0,,
9087,[*]n1cc(cn1)C(=O)NCCCCCCNC(=O)[*],,271.0,
5090,[*]N1C(=O)c2c(C1=O)c(ccc2)c1cc2c(C(=O)N(C2=O)c2cc(ccc2)C(=O)Nc2ccc(cc2)Oc2ccc(cc2)S(=O)(=O)c2ccc(cc2)Oc2ccc(cc2)NC(=O)c2cc(ccc2)[*])cc1,263.0,,
7402,[*]NC(=O)CCCCC(=O)NCc1c(c(c(c(c1C)C)C[*])C)C,,300.0,
5671,[*]N1C(=O)c2c(C1=O)cc(cc2)C(=O)Oc1ccc(cc1)C(c1ccc(cc1)C(c1ccc(cc1)OC(=O)CCCCC[*])(C)C)(C)C,104.0,,
3828,[*]Oc1ccc(cc1)C(=O)Nc1cc(cc(c1)c1nc2c([nH]1)cccc2)NC(=O)c1ccc(cc1)OCCOCC[*],230.0,,
4639,[*]Oc1ccc(cc1)C(=Cc1ccc(cc1)c1ccc(cc1)C=C(c1ccc(cc1)OC(=O)CCCCCCCCC(=O)[*])c1ccccc1)c1ccccc1,111.0,,
11785,[*]c1ccc2c(c1)c1cc([*])ccc1n2CC(=O)OCC,,,3.5868
340,[*]C(C[*])C(=O)OCC(C(F)(F)F)(F)F,-26.0,,
12311,C(=O)([*])C1=CC=C(C=C1)S(=O)(=O)C1=CC=C(C=C1)C(=O)OC1=CC=C(C=C1)C1(OC(=O)C2=C1C=CC=C2)C1=CC=C(C=C1)O([*]),,,3.3925
8087,[*]OC(=O)c1ccc(cc1)C(=O)OCC1C(C1)C[*],,130.0,
10636,[*]c1ccc(C(c2ccc(-c3nc4ccc(-c5ccc6nc([*])oc6c5)cc4o3)cc2)(C(F)(F)F)C(F)(F)F)cc1,,,3.2022
3081,[*]c1c(nc2c(c1c1ccccc1)cc(cc2)Oc1cc2c(nc(c(c2c2ccccc2)c2ccc(cc2)[*])c2ccccc2)cc1)c1ccccc1,311.0,,
7660,[*]Nc1ccc(cc1)Nc1ccc(cc1)C(=O)Nc1ccc(cc1)NC(=O)c1ccc(cc1)[*],,350.0,
3570,[*]c1nc(nc(c1c1ccc(cc1)OC)OCCOC(=O)c1cc(ccc1)C(=O)OCCO[*])c1ccc(cc1)OCCCC,92.0,200.0,
2611,[*]C(C[*])(C(=O)OCCCCCCCCCCn1c2ccc(cc2c2ccccc12)N=Nc1ccc(cc1)[N+](=O)[O-])C,36.0,,
1867,[*]Oc1c(cc(cc1)C1(CCCCC1)c1cc(c(cc1)OC(=O)[*])C)C,134.75,226.5,
3557,[*]c1c2ccc(=O)cc2oc2cc(ccc12)OC(=O)c1c(cccc1)[*],250.0,,
1936,[*]c1nc2cc3c(cc2nc1c1ccccc1)nc(c(n3)c1cc(ccc1)[*])c1ccccc1,365.0,,
5097,[*]N1C(=O)c2c(C1=O)c(ccc2)c1cc2c(C(=O)N(C2=O)c2cc(ccc2)C(=O)Nc2cc(ccc2)S(=O)(=O)c2cc(ccc2)NC(=O)c2cc(ccc2)[*])cc1,261.0,,
8648,[*]S(=O)(=O)CCCCS(=O)(=O)CCCCCC[*],,244.5,
1911,[*]N(CC[*])C(=O)C(C)C,30.0,,
1267,[*]OC(=O)c1ccc(cc1)c1ccc(cc1)C(=O)OCCCCCCC[*],41.71,120.6666667,
2196,[*]C(C[*])c1ccc(cc1)B(c1ccc(cc1)C(C)(C)C)Oc1c2ncccc2ccc1,240.0,,
1028,[*]Oc1cc(cc(c1)[N+](=O)[O-])Oc1ccc(cc1)C(c1ccc(cc1)[*])(C)C,150.0,,
3897,[*]Oc1c(c2c(cc1)cccc2)Sc1c2c(ccc1OCC(=O)Nc1cc(ccc1)NC(=O)C[*])cccc2,254.0,,
7836,[*]OC(=O)CCCCCNC(=O)c1ccc(cc1)C(=O)NCCCCCC(=O)OCCCCCCCCCC[*],,166.0,
9170,[*]CC([*])OCCCl,,,6.0339
6797,[*]S(=O)(=O)NCCCCNS(=O)(=O)c1cc(ccc1)[*],82.0,215.0,
1036,[*]SSSSCC[*],-24.0,,
10634,[*]Oc1ccc(Oc2ccc(C(=O)c3ccc([*])cc3)cc2)cc1C(=O)O,,,3.6534
8173,[*]OC(CC(=O)[*])C(C)C,,81.75,
1291,[*]Oc1ccc(cc1)OC(=O)CCCCCCCCC(=O)[*],52.8,174.5,
9243,[*]CC([*])(Cl)Cl,,,5.4955
2851,[*]ON(C(C(=C(C([*])(F)F)F)F)(F)F)C(F)(F)F,-7.0,,
4958,[*]OC(=O)NC1CC(CC(C1)(CNC(=O)OCCN(CC[*])c1ccc(cc1)N=Nc1ccc(cc1)P(=O)(c1ccccc1)c1ccccc1)C)(C)C,163.0,,
5297,[*]c1cc2c(C(=O)N(C2=O)c2cc(c(cc2)c2c(cc(cc2)N2C(=O)c3c(C2=O)cc(cc3)C([*])(C(F)(F)F)C(F)(F)F)C(F)(F)F)C(F)(F)F)cc1,321.5,,
2802,[*]Oc1c(cc(cc1C)S(=O)(=O)c1cc(c(c(c1)C)OCC(COc1c(cc(cc1C)C(c1cc(c(c(c1)C)OCC(C[*])O)C)(C)C)C)O)C)C,145.0,,
7086,[*]C(CCCCCCCCCCCCCCCCCCCC[*])Cl,,81.0,
2922,[*]Oc1ccc(cc1)C(=O)OC(COC(COC(COC(=O)c1ccc(cc1)OC(=O)c1ccc(cc1)C(=O)[*])C)C)C,36.0,,
11281,[*]CNC(=O)CCCCCC(=O)N[*],,,5.7012
972,[*]Oc1ccc(cc1)C(=O)Nc1ccc(cc1)Cc1ccc(cc1)NC(=O)c1ccc(cc1)Oc1ccc(cc1)C(=O)c1ccc(cc1)S(=O)(=O)c1ccc(cc1)C(=O)c1ccc(cc1)[*],240.0,,
12105,[*]CNC(S1)=CC=C1C(=O)[*],,,3.1504
7518,[*]NC(=O)c1cc(cc(c1)OC(=O)C=Cc1ccccc1)C(=O)NCCCCCC[*],,183.0,
2970,[*]Oc1ccc(cc1)C(c1ccc(cc1)Oc1ccc(cc1)C(=O)c1cc2c(cc1)cc(cc2)C(=O)c1ccc(cc1)[*])(C)C,185.0,,
5363,[*]c1c2C(=O)N(C(=O)c2c(c2ccccc12)c1ccc(cc1)Oc1ccc(cc1)C(=O)c1ccc(cc1)Oc1ccc(cc1)[*])c1ccc(cc1)Cl,272.0,,
3909,[*]C1COC2C1OCC2OC(=O)OCCCCCCCCOC(=O)O[*],19.5,,
8264,[*]OCCCC(=O)NCc1ccc(cc1)CNC(=O)CCCCCC[*],,200.0,
1093,[*]OC(=O)c1ccc(cc1)C(=O)OCCCC[*],45.52,230.4696899,
6350,[*]c1cc2c(C(=O)N(C2=O)c2c(ccc(c2)N2C(=O)c3c(C2=O)cc(cc3)C(=O)OCCN(CCOC(=O)[*])c2ccc(cc2)N=Nc2ccccc2)N=Nc2ccccc2)cc1,119.0,,
10481,[*]CCCCCCCCC([*])Cl,,,6.9974
7740,[*]OC(=O)CCC(CCC[*])C,,35.0,
875,[*]Oc1ccc(cc1)Oc1ccc(cc1)C(=O)c1c(cccc1)c1c(cccc1)C(=O)c1ccc(cc1)[*],175.0,,
11988,[*]C(C=C1)=CC=C1C(S2)=CC=C2C(C=C3)=CC=C3C(=S)[*],,,2.3434
1984,[*]O[Si]([*])(CC)CC,-105.5,21.6,
9165,[*]CC([*])OC(=O)c1cccnc1,,,4.7397
3568,[*]c1nc(nc(c1c1ccc(cc1)OC)OCCOC(=O)CCCCC(=O)OCCO[*])c1ccc(cc1)OCCCC,34.0,,
4135,[*]c1sc(nn1)c1ccc(cc1)C(=O)OCCCCCCCCOC(=O)c1ccc(cc1)[*],86.0,300.0,
5054,[*]N1C(=O)c2c(C1=O)cc(cc2)C(=O)Oc1ccc(cc1)c1ccc(cc1)OC(=O)CCCCCCCCCC[*],61.0,270.0,
4678,[*]NC(=O)CCCC(=O)NCc1c(c(c(c(c1C)C)C[*])C)C,192.0,,
10659,[*]OC1C(COC(C)=O)OC([*])C(OC(C)=O)C1OC(C)=O,,,5.9636
10631,[*]Oc1ccc(Oc2ccc(C(=O)c3ccc([*])cc3)cc2)cc1CC#N,,,4.0183
10660,[*]Oc1cc(C)c([*])cc1C,,,4.3766
3647,[*]Oc1ccc(cc1)C1(CCC(CC1)C(C)(C)C)c1ccc(cc1)Oc1ccc(cc1)C(=O)Oc1c(cc(cc1C)C(c1cc(c(c(c1)C)OC(=O)c1ccc(cc1)[*])C)(C)C)C,176.0,,
7530,[*]NC(=O)c1ccc(cc1)C(c1ccc(cc1)C(=O)NCCCCCC[*])C,,160.0,
6601,[*]N(Cc1c(c(cc(c1)C12CC3CC(CC(C1)C3)C2)C[*])O)c1ccccc1,109.4,,
9361,[*]CCCCCC(=O)NCCCCCOCCCCCNC(=O)CCCCO[*],,,5.905
9017,[*]c1sc(cc1CCCCCCCCCCCCCC)[*],,125.0,
6071,[*]N1C(=O)c2c(C1=O)c(ccc2)Oc1c(cc(cc1C)c1cc(c(c(c1)C)Oc1c2c(C(=O)N(C2=O)c2c(cc(cc2C)Cc2cc(c(c(c2)C)[*])C)C)ccc1)C)C,289.0,,
6787,[*]S(=O)(=O)C(C[*])CC,32.73,,
11518,[*]C(C#N)=C(C#N)n1c(=O)c2cc3c(=O)n([*])c(=O)c3cc2c1=O,,,3.4736
796,[*]OC(=O)CCCCCC(=O)OCCOCCOCC[*],-54.0,-39.5,
9677,[*]CC1CC1COC(=O)c1cccc(C(=O)O[*])c1,,,5.0466
1849,[*]Oc1ccc(cc1)Cc1ccc(cc1)OC(=O)[*],133.5,279.0714286,
2211,[*]C(C[*])c1cc(ccc1)N(c1ccc(cc1)C)c1ccc(cc1)C,126.5,,
384,[*]C(C[*])(C(=O)OCC(C(F)F)(F)F)C,80.0,,
11010,[*]C=Cc1csc(C=Cc2cccc([*])n2)c1CCCCCC,,,3.4055
7627,[*]Nc1cc(ccc1)C=CC(=O)[*],,236.3,
483,[*]C(C[*])(CC(=O)OCC1CCCCC1)C(=O)OCC1CCCCC1,83.0,,
6017,[*]c1cc2c(C(=O)N(C2=O)c2c(cc(cc2CC)Cc2cc(c(c(c2)CC)N2C(=O)c3c(C2=O)cc(cc3)C(=O)[*])CC)CC)cc1,296.0,,
8125,[*]OC(=O)c1ccc(cc1)NC(=O)CCCCC(=O)Nc1ccc(cc1)C(=O)OC(=O)c1ccc(cc1)C(=O)[*],,284.0,
6166,[*]N1C(=O)C(CC1=O)Nc1ccc(cc1)NC1C(=O)N(C(=O)C1)c1c(cc(cc1C)C(c1cc(c(c(c1)C)[*])C)c1cnccc1)C,231.0,,
7430,[*]NC(=O)CCCCCCCCC(=O)NCC[*],,268.0,
12107,[*]CNC(S1)=CC=C1N[*],,,4.2825
5865,[*]c1nc(c(nc1c1ccc(cc1)NC1C(=O)N(C(=O)C1)c1ccc(cc1)c1sc(c(c1c1ccccc1)c1ccccc1)c1ccc(cc1)N1C(=O)C(CC1=O)Nc1ccc(cc1)[*])C#N)C#N,231.0,,
5447,[*]c1cc2c(C(=O)N(C2=O)c2c(ccc(c2)N2C(=O)c3c(C2=O)cc(cc3)C(=O)[*])Cl)cc1,305.0,,
7158,[*]N(C(=O)[*])CCCCCC,,195.0,
3218,[*]c1[nH]c(nc1c1ccc(cc1)Oc1ccc(cc1)C(=O)c1cc2c(cc1)cc(cc2)C(=O)c1ccc(cc1)Oc1ccc(cc1)[*])c1ccccc1,239.0,,
5042,[*]c1cc2c(C(=O)N(C2=O)c2cc(ccc2)S(=O)(=O)c2cc(ccc2)N2C(=O)c3c(C2=O)cc(cc3)C([*])(C(F)(F)F)C(F)(F)F)cc1,262.38,,
10556,[*]OC1CCCC1[*],,,5.3919
7396,[*]NC(=O)CCCC(=O)NCCCCCC[*],,239.0,
11698,[*]c1ccc(-n2cc3c(n2)C(=O)c2cn([*])nc2C3=O)cc1,,,3.7718
9909,[*]CCCCCCCCNC(=O)CCC=CCCC(=O)N[*],,,5.2366
7121,[*]C1NC(=O)C(NC1=O)CCC(=O)OCCCCC=CCCCCOC(=O)CC[*],,159.0,
2156,[*]C(C[*])c1cc(c(c(c1)OC)OC(=O)C)OC,147.0,,
10462,[*]CC([*])(C)C(=O)OCCC1CCCCC1,,,6.5132
3938,[*]Oc1cc(c(cc1)S(=O)(=O)c1c(cc(cc1)Oc1ccc(cc1)C(c1ccc(cc1)[*])(C(F)(F)F)C(F)(F)F)C(O)(C(F)(F)F)C(F)(F)F)C(O)(C(F)(F)F)C(F)(F)F,148.0,,
6573,[*]N=C(NCCCCCCCCCC[*])c1ccccc1,10.0,,
4823,[*]N(CCNC(=O)c1ccc(cc1)[Si](c1ccc(cc1)C(=O)NCC[*])(C)C)c1ccc(cc1)/C=C/c1ccc(cc1)[N+](=O)[O-],157.5,,
11756,[*]c1ccc(-c2ccc(-c3cc(-c4ccccc4)c4cc(-c5ccc6nc([*])cc(-c7ccccc7)c6c5)ccc4n3)cc2)cc1,,,3.1298
3564,[*]c1nc(nc(c1c1ccc(cc1)OC)OCCOC(=O)CCCC(=O)OCCO[*])c1ccc(cc1)OC,57.0,,
10538,[*]COCC(C)O[*],,,6.2765
5061,[*]N1C(=O)c2c(C1=O)cc(cc2)Oc1cc2c(C(=O)N(C2=O)c2c(cc(c(c2)[*])O)O)cc1,263.0,,
5608,[*]c1cc2c(C(=O)N(C2=O)c2ccc(cc2)Oc2ccc(cc2)N2C(=O)c3c(C2=O)cc(cc3)C(=O)Oc2c(cc(cc2)OC(=O)[*])C(C)(C)C)cc1,189.0,,
11562,[*]c1ccc(C(c2ccc(N3C(=O)c4ccc(Oc5ccc6c(c5)C(=O)N([*])C6=O)cc4C3=O)cc2)(C(F)(F)F)C(F)(F)F)cc1,,,3.4215
3279,[*]Oc1c2c(c(cc1)S(=O)(=O)c1ccc(cc1)[*])cccc2,238.0,367.0,
11124,[*]Oc1ccc(CC(NC(=O)CCc2ccc(OC(=O)CCC([*])=O)cc2)C(=O)OCCCCCC)cc1,,,5.1422
7265,[*]N1C(CN(CC1)Cc1ccc(cc1)C[*])C,,270.0,
7694,[*]OC(=O)C(CC(=O)OCCCCCCCCCC[*])C,,2.0,
422,[*]C(C[*])C(=O)OCCCCCCSCC#N,-59.0,,
7186,[*]N(CC[*])C(=O)C(C(F)(F)F)(F)F,,216.0,
5277,[*]c1cc2c(C(=O)N(C2=O)c2ccc(cc2)C(=O)OCCOCCOCCOCCOC(=O)[*])cc1,52.0,101.0,
5956,[*]N1C(=O)c2c(C1=O)cc(cc2)c1cc2c(C(=O)N(C2=O)c2cc(c(cc2)Oc2c(cccc2)Oc2c(cc(cc2)[*])C(F)(F)F)C(F)(F)F)cc1,249.0,,
1561,[*]OC(=O)NCc1ccc(cc1)CNC(=O)OCCCCCC[*],56.0,209.0,
10885,[*]c1cc(OCCCCCCC)c([*])s1,,,1.6057
1000,[*]Oc1ccc(cc1)NC(=O)c1ccc(cc1)Oc1ccc(cc1)C(c1ccc(cc1)C(c1ccc(cc1)Oc1ccc(cc1)C(=O)Nc1ccc(cc1)Oc1ccc(cc1)C(c1ccc(cc1)[*])(C(F)(F)F)C(F)(F)F)(C)C)(C)C,169.0,,
2108,[*]c1c(cc(cc1Cl)CC[*])Cl,110.0,300.0,
4912,[*]Nc1ccc(cc1)C(c1ccc(cc1)NC(=O)c1cc(cc(c1)NC(=O)C12CC3CC(CC(C1)C3)C2)C(=O)[*])(C(F)(F)F)C(F)(F)F,365.0,,
6393,[*]C1C(=O)OC(=O)C1C(C[*])(C)C,141.0,,
8879,[*]c1n(c(nn1)CCCCC[*])N,,260.0,
10465,[*]CC([*])C(=O)OCCOCC1(CC)COC1,,,5.6941
5992,[*]c1cc2c(C(=O)N(C2=O)c2c(ccc(c2)N2C(=O)c3c(C2=O)cc(cc3)C(=O)Nc2c(cc(cc2)Cc2cc(c(cc2)NC(=O)[*])C)C)N=Nc2ccc(cc2)C)cc1,257.0,,
3346,[*]OP(=O)(Oc1ccc(cc1)S(=O)(=O)c1ccc(cc1)[*])Oc1ccccc1,100.5,,
7324,[*]NC(=O)C(=O)NCCCCCNC(=O)CCCCCCCC(=O)NCCCCC[*],,268.0,
10473,[*]CCCC([*])(C)Cl,,,6.5311
6912,[*]/C=C/C(C[*])OC,,118.0,
6697,[*]O[Si](c1ccc(cc1)[Si](O[SiH]([*])CCC(F)(F)F)(C)C)(C)C,-37.0,33.0,
10165,[*]c1ccc(-c2ccc(N3C(=O)c4ccc(-c5ccc6c(c5)C(=O)N([*])C6=O)cc4C3=O)c(C)c2)cc1C,,,2.83
7704,[*]OC(=O)CC(=O)OCC(C[*])(C)C,,67.0,
512,[*]C(C[*])(C(=O)OCCCCCC)C#N,86.0,,
11247,[*]c1cccc(N2CC(=O)N([*])CC2=O)c1,,,5.0572
5626,[*]N1C(=O)c2c(C1=O)cc(cc2)C(c1cc2c(C(=O)N(C2=O)CC2C3C(CC2)C2C(CC3C2)C[*])cc1)(C(F)(F)F)C(F)(F)F,207.0,,
9531,[*]CCCCCOC(=O)NCCSCCCCCSCCNC(=O)O[*],,,5.3077
5794,[*]N1C(=O)c2c(C1=O)cc(cc2)c1cc2c(C(=O)N(C2=O)c2ccc(cc2)Oc2c(cccc2)Oc2ccc(cc2)[*])cc1,241.0,,
925,[*]N1C(=O)c2c(C1=O)cc(cc2)Oc1cc2c(cc1)cc(cc2)Oc1cc2c(C(=O)N(C2=O)c2cc(ccc2)Oc2ccc(cc2)[*])cc1,225.0,,
11332,[*]NC(C#N)=C(C#N)NC(=O)c1ccc(C([*])=O)cc1,,,3.4817
6838,[*]c1ccc(cc1)C(=C[*])c1ccc(cc1)C(F)(F)F,199.0,,
1776,[*]c1cc2c(C(=O)N(C2=O)c2cc(ccc2)C(=O)c2ccc(cc2)Cc2ccc(cc2)C(=O)c2cc(ccc2)N2C(=O)c3c(C2=O)cc(cc3)C(=O)[*])cc1,260.5,,
3312,[*]c1nc(nc(n1)c1ccc(cc1)Oc1ccc(cc1)c1ccc(cc1)Oc1ccc(cc1)[*])c1ccccc1,241.0,,
3882,[*]Oc1ccc(cc1)S(=O)(=O)c1ccc(cc1)Oc1ccc(cc1)C(c1ccc(cc1)[*])(c1ccc(cc1)O)C,219.29,,
9755,[*]Cc1ccc(COC(=O)CCCCCC(=O)O[*])cc1,,,5.6303
10737,[*]C=Nc1cccc(N=Cc2ccc(Sc3ccc([*])o3)o2)c1,,,2.8126
6939,[*]C#CC(=C([*])CCCCOC(=O)NCCCCC)CCCCOC(=O)NCCCCC,,196.85,
5740,[*]c1cc2c(C(=O)N(C2=O)c2ccc(cc2)Oc2ccc(cc2)C2(C3C4C(CCC4)C(C2)C3)c2ccc(cc2)Oc2ccc(cc2)N2C(=O)c3c(C2=O)cc(cc3)C(=O)Nc2ccc(cc2)Oc2ccc(cc2)C(c2ccc(cc2)Oc2ccc(cc2)NC(=O)[*])(C(F)(F)F)C(F)(F)F)cc1,254.0,,
2882,[*]O[Si](O[Si](Oc1ccc(cc1)c1ccc(cc1)[*])(C)C)(C)C,-4.0,100.0,
2271,[*]C=CC(C([*])C(=O)OC12CC3CC(CC(C1)C3)C2)C,115.0,,
6717,[*]O[Si]([*])(CCCOc1ccc(cc1)C(=O)Oc1ccc(cc1)c1ccc(cc1)OC(=O)c1cc(c(c(c1)OCC(CC)C)OCC(CC)C)OCC(CC)C)C,57.67,,
3152,[*]c1nnc(nc1c1ccc(cc1)Oc1ccc(cc1)C1(c2ccccc2c2ccccc12)c1ccc(cc1)Oc1ccc(cc1)[*])c1ncccc1,277.0,,
5807,[*]c1[nH]c(nc1c1ccc(cc1)NC1C(=O)N(C(=O)C1)c1ccc(cc1)c1sc(c(c1c1ccccc1)c1ccccc1)c1ccc(cc1)N1C(=O)C(CC1=O)Nc1ccc(cc1)[*])c1sc(cc1)C=Cc1ccc(cc1)[N+](=O)[O-],304.0,,
8746,[*]SSCCCCCCSSCCCCCCCCC[*],,48.0,
11999,[*]C(C=C1)=CC=C1C(=S)C(S2)=CC=C2C(=S)[*],,,2.0314
9489,[*]c1ccc(-c2nc3cc(Oc4ccc5nc([*])c(-c6ccccc6)nc5c4)ccc3nc2-c2ccccc2)cc1,,,3.1353
842,[*]c1nc2c(nc1c1ccccc1)cc(cc2)c1cc2c(nc(c(n2)c2ccc(cc2)Oc2ccc(cc2)[*])c2ccccc2)cc1,292.5,,
9441,[*]Oc1ccc(Oc2ccc(C(=O)c3ccc([*])cc3)cc2)cc1,,,3.9034
1479,[*]C1OC(CCC1)NC(=O)[*],145.0,285.0,
5155,[*]N1C(=O)c2c(C1=O)cc(cc2)Oc1cc2c(C(=O)N(C2=O)c2cc(ccc2)OCCOc2ccc(cc2)[*])cc1,178.5,339.85,
4709,[*]Nc1cc(ccc1)CCc1ccc(cc1)NC(=O)c1cc(ccc1)C(=O)[*],203.0,485.0,
6662,[*]N(CC(C[*])O)c1ccc(cc1)N=Nc1ccc(cc1)Cl,160.0,,
11041,[*]CCOC(=O)CCC(C)CC(=O)O[*],,,6.6742
8092,[*]OC(=O)c1ccc(cc1)C(=O)OCCCCCC(=O)Nc1ccc(cc1)NC(=O)CCCCC[*],,237.5,
4253,[*]Oc1ccc(cc1)C(c1ccc(cc1)OC(=O)c1cc(ccc1)C(=O)[*])(c1ccccc1)c1ccccc1,229.0,,
1383,[*]NC(=O)c1ccc(cc1)C(=O)NCCCCC[*],177.0,324.6666667,
11099,[*]Oc1ccc(C([*])=O)cc1Cl,,,4.5769
504,[*]C1C(=O)N(C(=O)C1[*])C1CCCCC1,205.0,,
2532,[*]C(C[*])C(=O)NCP(=O)(O)O,26.0,,
3600,[*]Oc1c(cc(cc1OC)/C=C/c1ccc(cc1)/C=C/c1cc(c(c(c1)OC)OCCCCCCCCCC[*])OC)OC,68.5,,
8156,[*]OC(C[*])C(C)C,,52.5,
8196,[*]OC(CNC(=O)CC([*])c1ccccc1)c1ccccc1,,180.0,
1680,[*]c1cc2c(C(=O)N(C2=O)c2ccc(cc2)C(=O)c2ccc(cc2)Cc2ccc(cc2)N2C(=O)c3c(C2=O)cc(cc3)C(=O)[*])cc1,307.0,,
2174,[*]C(C[*])c1ccc(cc1)COCCC(C(C(C(C(C(F)(F)F)(F)F)(F)F)(F)F)(F)F)(F)F,18.0,,
6155,[*]c1cc2c(C(=O)N(C2=O)c2c3c(ccc2)c(ccc3)Oc2ccc(cc2)N2C(=O)c3c(C2=O)cc(cc3)C(=O)Nc2ccc(cc2)NC(=O)[*])cc1,307.0,,
2788,[*]c1cc2Oc3c(C4(c2cc1)c1ccccc1c1ccccc41)ccc(c3)OC(=O)c1ccc(cc1)C(=O)O[*],290.0,,
7478,[*]NC(=O)CCCCCCCCCCCCCCCCCCCCC(=O)NCCCCCCCCCC[*],,169.0,
8886,[*]c1nc(cc(c1)O)C(=O)NCCCCCCCCNC(=O)[*],,86.0,
7817,[*]OC(=O)CCCCCCCCCCC(=O)[*],,86.5,
11856,[*]c1[nH]c([*])c2c1CCCCC2,,,3.1158
11575,[*]c1ccc(Oc2ccc(Oc3ccc(-n4c(=O)c5cc6c(=O)n([*])c(=O)c6cc5c4=O)cc3)cc2C)cc1,,,2.3895
7116,[*]C1CN(CC(C1)C[*])c1nc(nc(n1)N)N,,126.0,
7803,[*]OC(=O)CCCCCCCC[*],,87.85,
10978,[*]c1ccc(-c2cc(C(=O)OCCCCCCCCCCCC)c([*])s2)s1,,,2.5061
6279,[*]N1C(=O)c2c(C1=O)cc(cc2)Oc1cc2c(C(=O)N(C2=O)c2ccc(cc2)Sc2sc(cc2)Sc2ccc(cc2)[*])cc1,218.0,,
9900,[*]CCCCCCCCCCCCNC(=O)CCCCCCCCCCCCCCCCCCCCC(=O)N[*],,,5.927
11398,[*]NNC(=O)c1ccc(NC(=O)c2ccc(C([*])=O)cc2)c(O)c1,,,3.6452
2309,[*]C=CC(C([*])C(=O)OCCN(c1ccc(cc1)N(C)C)C)C,16.0,,
9491,[*]c1ccc(-c2ccc(-c3cnc4cc(Oc5ccc6nc([*])cnc6c5)ccc4n3)cc2)cc1,,,3.0165
6141,[*]N1C(=O)c2c(C1=O)cc(cc2)NC(=O)Nc1ccc(cc1)Oc1ccc(cc1)NC(=O)Nc1cc2c(C(=O)N(C2=O)c2ccc(cc2)Oc2c(c3c(cc2)cccc3)c2c3c(ccc2Oc2ccc(cc2)[*])cccc3)cc1,274.0,,
4074,[*]Oc1cc2c(cc1OCCNC(=O)c1ccc(cc1)C(=O)NCC[*])cccc2,136.0,,
10938,[*]c1sc([*])c2nc(CC)c(CC)nc12,,,2.6114
7134,[*]C=CC(C([*])C(=O)OC(C)C)C(=O)OC(C)C,,225.0,
1409,[*]Nc1cc(ccc1)NC(=O)CCCCCCCCC(=O)[*],110.0,206.0,
4737,[*]NC(=O)C(C(C(=O)NCCCCCCCCCCCC[*])OC)OC,84.0,185.5,
5831,[*]c1cc2c(C(=O)N(C2=O)c2cc(ccc2)C(=O)Nc2ccc(cc2)c2ccc(cc2)NC(=O)c2cc(ccc2)N2C(=O)c3c(C2=O)cc(cc3)C([*])(C(F)(F)F)C(F)(F)F)cc1,324.0,,
5291,[*]N1C(=O)c2c(C1=O)cc(cc2)Oc1c(cccc1)Oc1cc2c(C(=O)N(C2=O)c2ccc(cc2)Oc2cc3c(cc2Oc2ccc(cc2)[*])cccc3)cc1,216.0,,
10640,[*]CC(O)COc1ccc(S(=O)(=O)c2ccc(OCC(O)COc3cccc(O[*])c3)cc2)cc1,,,4.3099
6272,[*]N1C(=O)c2c(C1=O)cc(cc2)C(c1cc2c(C(=O)N(C2=O)CCCCC[*])cc1)(C(F)(F)F)C(F)(F)F,170.0,,
2958,[*]Oc1c2c(ccc1)ccc(c2)Oc1ccc(cc1)NC(=O)c1ccc(cc1)Oc1c(cccc1)Oc1ccc(cc1)C(=O)Nc1ccc(cc1)[*],180.0,,
335,[*]C(C[*])C(=O)OCCCCCCC,-60.0,,
5269,[*]OC(=O)NC(=O)c1cc(cc(c1)C(C)(C)C)C(=O)NC(=O)OCC(C[*])(C)C,144.0,,
7214,[*]N(N(C(=O)c1ccc(cc1)C(=O)[*])C)C,,340.0,
11943,[*]c1cc(N=Nc2ccc(S(=O)(=O)O)cc2)cc([*])c1O,,,3.0327
6629,[*]N(CC[*])C(=O)c1c(ccc(c1)F)F,112.0,,
1030,[*]Oc1c(cc(cc1c1ccccc1)[*])c1c(c(ccc1)c1ccccc1)c1ccccc1,212.0,,
5530,[*]c1cc2c(C(=O)N(C2=O)c2ccc(cc2)C2(CCCCC2)c2ccc(cc2)NC(=O)[*])cc1,319.0,,
11250,[*]C(=O)N([*])CC=C,,,5.5128
10712,[*]OC(=O)OC1COC2C([*])COC12,,,6.8979
397,[*]C(C[*])C(=O)OC(CC)CC,-6.0,,
8536,[*]Oc1ccc(cc1)C=C1C(=O)C(=Cc2ccc(cc2)OCCCC[*])CC1,,315.0,
7882,[*]OC(=O)Cc1ccc(cc1)CC(=O)OCC1CCC(CC1)C[*],,47.5,
8182,[*]OC(CCOC(=O)CCCCC(=O)[*])C,,-35.4,
1153,[*]OC(C(=O)[*])C,53.36,160.2404149,
12171,[*]NC(S1)=CC=C1C(=O)C(S2)=CC=C2[*],,,2.2308
778,[*]c1ccc2oc3c(c2c1)cc(cc3)S(=O)(=O)[*],360.0,,
8393,[*]Oc1c(cc(cc1)OC(=O)c1ccc(cc1)C(=O)[*])c1ccccc1,,350.0,
8259,[*]OCCCC(=O)NCCCCCOCCCCCNC(=O)CCCCCCCC[*],,116.0,
2791,[*]Oc1c(cc(cc1C)S(=O)(=O)c1cc(c(c(c1)C)OCC(COc1ccc(cc1)C(c1ccc(cc1)OCC(C[*])O)(C)C)O)C)C,137.5,,
8968,[*]c1sc(cc1)C#C[*],,150.0,
6903,[*]/C(=C/C(C[*])C)/C,,195.8,
10419,[*]C=CC1CC([*])C(C(=O)Oc2ccccc2)C1,,,4.8107
2836,[*]Oc1ccc(cc1)Oc1ccc(cc1)OC(=O)c1cc(ccc1)Oc1ccc(cc1)Oc1cc(ccc1)C(=O)[*],104.0,,
8096,[*]OC(=O)c1ccc(cc1)C(=O)OCCCCOC(=O)CCCCCCC(=O)OCCCC[*],,82.5,
2262,[*]C(C[*])OCCOCCOCCOC,-71.3,,
3832,[*]Oc1ccc(cc1)C(=O)Nc1cc(cc(c1)c1nc2c([nH]1)cccc2)NC(=O)c1ccc(cc1)OCCOCCOCCOCCOCCOCC[*],125.0,,
5754,[*]N1C(=O)c2c(C1=O)cc(cc2)C(=O)c1cc2c(C(=O)N(C2=O)CCCCCCOC(=O)OCCCCCC[*])cc1,74.0,146.0,
6252,[*]c1cc2c(C(=O)N(C2=O)c2cc(c(cc2)Oc2ccc(cc2)C(=O)c2cc(ccc2)N2C(=O)c3c(C2=O)cc(cc3)C(=O)[*])C(F)(F)F)cc1,242.0,,
130,[*]C(C[*])c1ccc(cc1)F,98.23,266.5,
873,[*]Oc1ccc(cc1)C(c1ccc(cc1)Oc1ccc(cc1)C(=O)c1c(cccc1)c1c(cccc1)C(=O)c1ccc(cc1)[*])(C(F)(F)F)C(F)(F)F,178.5,,
9053,[*]n1c(=O)c2cc3c(cc2c1=O)c(=O)n(c3=O)CCCCCC(=O)Oc1c(cc(cc1)OC(=O)CCCCC[*])C,,214.0,
6790,[*]S(=O)(=O)NCCCCCCNS(=O)(=O)c1cc(ccc1)[*],67.0,181.25,
1931,[*]c1cc2c(nc(c(n2)c2ccc(cc2)c2c(nc3c(n2)cc(cc3)C(=O)[*])c2ccccc2)c2ccccc2)cc1,323.79,,
8973,[*]c1sc(cc1)C(C(=O)[*])O,,310.0,
3044,[*]c1c(nc2c(n1)cc(cc2)Oc1ccc(cc1)NC(=O)c1cc(cc(c1)N1C(=O)c2c(C1=O)cccc2)C(=O)Nc1ccc(cc1)Oc1cc2c(nc(c(n2)c2ccc(cc2)Oc2ccc(cc2)[*])c2ccccc2)cc1)c1ccccc1,260.0,,
11078,[*]OC(C)(CC([*])=O)C(F)(F)F,,,6.2535
11795,[*]c1cc(CC(=O)OCCCCCCCC)c([*])[nH]1,,,3.192
4544,[*]OC(=O)c1ccc(cc1)C(=O)OCCOC(=O)CCC(=O)OCC[*],23.0,120.0,
7452,[*]NC(=O)CCCCCCCCCCCC(=O)NCCCCCCCCC[*],,183.0,
1174,[*]OC(=O)CCCCCNC(=O)CCCCC(=O)NCCCCCC(=O)OCCCCCC[*],-7.0,,
2343,[*]C=CCCCCCCC(CCCCCC[*])Cl,-57.0,24.0,
3946,[*]C1(OC(C(O1)(F)F)(F)F)C([*])(F)F,103.5,227.0,
6192,[*]N1C(=O)c2c(C1=O)cc(cc2)NC(=O)OCCOc1c(cc(cc1Br)C(c1cc(c(c(c1)Br)OCCOC(=O)Nc1cc2c(C(=O)N(C2=O)c2cc(ccc2)P(=O)(c2cc(ccc2)[*])c2ccccc2)cc1)Br)(C)C)Br,201.0,,
4305,[*]Oc1ccc(cc1)OC(=O)c1ccc(cc1)OC(=O)c1ccc(cc1)C(=O)Oc1ccc(cc1)C(=O)[*],283.0,400.0,
771,[*]Oc1c(cc(cc1c1ccccc1)[*])c1cc(ccc1)C,219.0,,
34,[*]C=CCCCCCC[*],-86.5,38.35588235,5.8437
3060,[*]OC(C[*])CSC,-37.0,,
6578,[*]N(c1ccc(cc1)C=Cc1c(cc(c(c1)OCCCCCCCC)C=Cc1ccc(cc1)[*])OCCCCCCCC)c1ccccc1,74.0,,
10350,[*]CC([*])c1c(F)c(F)c(OC)c(F)c1F,,,4.6291
7782,[*]OC(=O)CCCCCCC(=O)OCC[*],,64.39545455,
4017,[*]OC(=O)c1ccc(cc1)N=Cc1c(cc(c(c1)OCCC(CCCC(C)C)C)C=Nc1ccc(cc1)C(=O)OCCCCOCCCCOCCCC[*])OCCC(CCCC(C)C)C,-4.8,31.4,
10961,[*]c1cc2c(s1)-c1sc([*])cc1C2=C1c2ccsc2-c2sccc21,,,1.3371
9036,[*]c1sc2cc3c(cc2n1)sc(n3)CCCCCCCCCCCC[*],,214.0,
5646,[*]C1C(=O)N(C(=O)C1)c1ccc(cc1)Cc1ccc(cc1)N1C(=O)C(CC1=O)CC=CN(C=CC[*])c1ccc(cc1)N=Nc1ccc(cc1)[N+](=O)[O-],238.67,,
10089,[*]CCOC(=O)Nc1ccc(NC(=O)O[*])cc1,,,4.8391
9936,[*]C(=O)CNC(=O)C1CCCN1C(=O)C1CCCN1[*],,,5.248
8944,[*]c1oc(nn1)CCCCCCCCC[*],,94.5,
1748,[*]N1C(=O)c2c(C1=O)cc(cc2)Oc1cc(ccc1)Oc1cc2c(C(=O)N(C2=O)c2ccc(cc2)Oc2ccc(cc2)[*])cc1,209.0,,
11585,[*]c1ccc(Oc2ccc3ccc(Oc4ccc(-n5c(=O)c6cc7c(=O)n([*])c(=O)c7cc6c5=O)cc4)cc3c2)cc1,,,2.1074
4650,[*]OC(=O)C=CC(=O)NCCCCCCNC(=O)C=CC(=O)OCC[*],89.0,,
4515,[*]Oc1c(cc(c(c1)OC(=O)c1ccc(cc1)OCCCC)OC(=O)C(CCC(=O)[*])(C)C)OC(=O)c1ccc(cc1)OCCCC,61.0,,
2504,[*]C(C[*])(C(=O)OCCCCCCCCCCOc1ccc(cc1)OC(=O)c1cc(c(cc1)OC)Br)C,29.0,,
11635,[*]CC(OC)C1(C)C(=O)OC(=O)C1([*])C,,,5.7217
3413,[*]Oc1ccc(cc1)NC(=O)c1ccc(cc1)[*],225.0,,
4590,[*]OC(COC(=O)c1cc2c(cc1)cc(cc2)C(=O)[*])COc1ccc(cc1)N=Nc1ccc(cc1)C#N,138.0,,
9812,[*]CCCCCCCCCCCCNC(=O)CCCCCCCCCCCCCCCCC(=O)N[*],,,5.9072
863,[*]Oc1ccc(cc1)S(=O)(=O)c1ccc(cc1)c1ccc(cc1)c1ccc(cc1)S(=O)(=O)c1ccc(cc1)Oc1ccc(cc1)c1ccc(cc1)[*],264.0,383.0,
8812,[*][Si](c1ccc(cc1)[*])(c1ccc(cc1)CN(C)C)C,,148.0,
11257,[*]C(=O)c1cccc(C(=O)N(C)c2cccc(N([*])C)c2)c1,,,4.4341
12200,[*]NC(=O)C(C=C1)=CC=C1C(S2)=CC=C2[*],,,4.012
5250,[*]N1C(=O)c2c(C1=O)cc(cc2)Oc1ccc(cc1)Sc1ccc(cc1)Oc1cc2c(C(=O)N(C2=O)c2ccc(cc2)Oc2ccc(cc2)C(=O)c2cc(ccc2)C(=O)c2ccc(cc2)Oc2ccc(cc2)[*])cc1,192.0,,
8749,[*]SSCCCCSSCCCCCCCC[*],,45.0,
10014,[*]CCCCNC(=O)CCCCCCCC(=O)NCCCCNC(=O)C(=O)N[*],,,5.3591
9810,[*]CCCCCCCCCCC(=O)N[*],,,6.0098
9967,[*]C(=O)c1cccc(C(=O)N2CCN([*])CC2)c1,,,4.7816
432,[*]C(C[*])C(=O)Oc1ccc(cc1)OC,49.67,,
9618,[*]CCCCCCCCC(=O)O[*],,,6.4657
8377,[*]Oc1c(cc(cc1)C=Nc1ccc(cc1)N=Cc1cc(c(cc1)OC(=O)c1cc(ccc1)C(=O)[*])OC)OC,,225.0,
2051,[*]N=P([*])(OCC(C(C(C(C(C(C(F)(F)F)(F)F)(F)F)(F)F)(F)F)(F)F)(F)F)OCC(C(C(C(C(C(C(F)(F)F)(F)F)(F)F)(F)F)(F)F)(F)F)(F)F,-40.0,,
161,[*]C(C[*])c1c(c(c(c(c1F)F)F)F)F,102.15,,
4781,[*]c1nc2c(nc1c1ccc(cc1)C(=O)NCCCCCCCCNC(=O)c1ccc(cc1)[*])cccc2,185.0,,
10092,[*]CCOC(=O)N(C)c1ccc(C)c(N(C)C(=O)O[*])c1,,,5.1683
9092,[*]CC1CCC([*])C1,,,6.9613
7303,[*]N1[Si](N[Si](N([Si]1(C)C)[Si]([*])(C)C)(C)C)(C)C,,115.0,
6620,[*]c1c2n(c3c(c2cc(c1)C(C)(C)C)cc(cc3C#C[*])C(C)(C)C)CCCCCCCCCCCCCCCC,80.0,,
7165,[*]N(C(=O)[*])c1ccc(cc1)OC,,213.0,
8103,[*]OC(=O)c1ccc(cc1)C(=O)OCCNC(=O)c1ccc(cc1)C(=O)NCC[*],,332.0,
4079,[*]Oc1ccc(cc1)Oc1cc(ccc1)Oc1ccc(cc1)c1ccc(cc1)Oc1cc(ccc1)Oc1ccc(cc1)Oc1c(cc(cc1)C(=O)c1cc(c(cc1)[*])S(=O)(=O)O[Na])S(=O)(=O)O[Na],304.0,,
4555,[*]OC(=O)CCC#CC#CCCC(=O)OCCN(CC[*])c1ccc(cc1)N=Nc1c(cc(cc1C)N=Nc1ccc(cc1)C#N)C,63.0,,
1373,[*]NC(=O)c1c(cccc1)c1c(cccc1)C(=O)NCCCCCC[*],122.5,,
1117,[*]C1(c2c(C(=O)O1)cccc2)c1ccc(cc1)OC(=O)c1cc(ccc1)C(=O)Oc1ccc(cc1)[*],282.5,355.0,
6382,[*]Nc1cc(ccc1)NC(=O)CCCCC(=O)Nc1cc(ccc1)NC(=S)NC(=O)CCCCCCCCC(=O)NC(=S)[*],232.0,,
10426,[*]CC([*])n1c(C)c(C)c2ccccc21,,,2.733
4358,[*]Oc1ccc(cc1)C1(c2cc(ccc2c2ccc(cc12)[N+](=O)[O-])OC)c1ccc(cc1)OC(=O)CCCC(=O)[*],197.0,,
4341,[*]C1(c2c(C(=O)O1)cccc2)c1cc(c(c(c1)Br)OC(=O)c1ccc(cc1)C(=O)Oc1c(cc(cc1Br)[*])Br)Br,319.0,,
8069,[*]OC(=O)c1ccc(cc1)C(=O)NCCCNC(=O)c1ccc(cc1)C(=O)OCCCCCCC[*],,222.0,
260,[*]C(C[*])OC(=O)C1(C(C(C(C(C1(F)F)(F)F)(F)F)(F)F)(F)F)F,54.0,,
3954,[*]Oc1c(cc(cc1)C=C1C(=O)C(=Cc2cc(c(cc2)OCC(=O)c2ccc(cc2)Oc2ccc(cc2)C(=O)C[*])OC)CCC1)OC,211.75,350.0,
7264,[*]N1C(CN(CC1)CCC(=O)Oc1ccc(cc1)OC(=O)CC[*])C,,164.0,
6038,[*]N1C(=O)c2c(C1=O)cc(cc2)c1cc2c(C(=O)N(C2=O)c2c(cc(c(c2C)C(=O)c2cc(ccc2)[*])C)C)cc1,320.0,,
6143,[*]N1C(=O)c2c(C1=O)cc(cc2)NC(=O)Nc1ccc(cc1)c1nc(cc(c1)c1ccc(cc1)c1ccccc1)c1ccc(cc1)NC(=O)Nc1cc2c(C(=O)N(C2=O)c2ccc(cc2)Oc2c(c3c(cc2)cccc3)c2c3c(ccc2Oc2ccc(cc2)[*])cccc3)cc1,302.0,,
9009,[*]c1sc(cc1CCCCCCCC)c1sc(cc1CCCCCC(C(C(C(F)(F)F)(F)F)(F)F)(F)F)[*],,170.0,
5223,[*]N1C(=O)c2c(C1=O)cc(cc2)Oc1ccc(cc1)Sc1ccc(cc1)Oc1cc2c(C(=O)N(C2=O)c2ccc(cc2)Oc2ccc(cc2)Sc2ccc(cc2)Oc2ccc(cc2)[*])cc1,195.5,328.0,
4672,[*]Oc1ccc(cc1)[Si](c1ccc(cc1)OC(=O)c1cc2Cc3c(c2cc1)ccc(c3)C(=O)[*])(c1ccccc1)c1ccccc1,72.1,,
6325,[*]N1C(=O)c2c(C1=O)cc(cc2)S(=O)(=O)c1cc2c(C(=O)N(C2=O)c2c(cc(cc2)Cc2cc(c(cc2)[*])C(C)(C)C)C(C)(C)C)cc1,336.0,,
1786,[*]c1cc2c(C(=O)N(C2=O)c2cc(ccc2)C=CC(=O)Nc2cc(ccc2)NC(=O)[*])cc1,245.0,,
8247,[*]OCC1(CCC(=CC1)C)C[*],,155.0,
1312,[*]NC(=O)CCCCCC(=O)NCCCCCCC[*],55.0,216.5,
6144,[*]N1C(=O)c2c(C1=O)cc(cc2)c1cc2c(C(=O)N(C2=O)c2ccc(cc2)OCC2CCC(CC2)COc2ccc(cc2)[*])cc1,254.4,,
3852,[*]OP(=O)(OCCCCCCCCCCOc1ccc(cc1)C=Cc1ccc(cc1)OCCCCCCCCCC[*])OCCCCCCCCCCOc1ccc(cc1)N=Nc1ccc(cc1)OC,58.0,160.0,
8700,[*]SC(=O)NCCCCCCNC(=O)SCCCCCC[*],,190.25,
8078,[*]OC(=O)c1ccc(cc1)C(=O)NCCNC(=O)c1ccc(cc1)C(=O)OCCCCCCCCCC[*],,277.0,
11688,[*]Oc1ccc(C(C)(C)c2ccc(OC(=O)OCCCCOC([*])=O)cc2)cc1,,,5.1657
7730,[*]OC(=O)CCC(=O)OCC#CC[*],,87.0,
9032,[*]c1sc2cc3c(cc2n1)sc(n3)CCCCC[*],,281.0,
11545,[*]C=CC1CC([*])C2C(=O)N(c3ccc(C)cc3)C(=O)C12,,,5.2272
12365,[*]NC1NN(C(C([*])O)(C(F)(F)F)C(O)(Cl)C2(F)OC(O)C(O)C2O)O1,,,5.0077
11252,[*]NC(CC([*])=O)C(C)C,,,5.9638
4955,[*]Oc1ccc(cc1)c1ccc(cc1)OC(=O)Nc1cc(ccc1)P(=O)(c1cc(ccc1)NC(=O)[*])c1ccccc1,72.0,,
10183,[*]C(=O)c1ccc2c(c1)C(=O)N(c1ccc(N3C(=O)c4ccc([*])cc4C3=O)cc1)C2=O,,,2.8765
10146,[*]c1cccc(C(F)(F)C(F)(F)C(F)(F)c2cccc(N3C(=O)c4ccc(Oc5ccc6c(c5)C(=O)N([*])C6=O)cc4C3=O)c2)c1,,,3.4025
4182,[*]c1sc(cc1CCCCCCOC(=O)COc1ccccc1)[*],50.0,,
2010,[*]O[Si](O[Si](O[Si](O[Si](c1cc(ccc1)[Si]([*])(C)C)(C)C)(C)C)(C)C)(C)C,-75.0,,
4507,[*]Oc1c(cc(c(c1)OC(=O)c1ccc(cc1)OC)OC(=O)CCCC(=O)[*])OC(=O)c1ccc(cc1)OC,88.0,220.0,
2698,[*]C(C[*])C(=O)OCCCOc1ccc(cc1)C(=O)OCCCC(C(C(C(C(C(F)(F)F)(F)F)(F)F)(F)F)(F)F)(F)F,17.0,,
7580,[*]NNC(=O)C(=O)NNC(=O)CCCCCCCC(=O)[*],,294.1666667,
7444,[*]NC(=O)CCCCCCCCCCC(=O)NCC(CCC[*])C,,190.0,
1099,[*]Oc1c(cc(cc1Cl)C(c1cc(c(c(c1)Cl)OC(=O)CCCCC(=O)[*])Cl)(C)C)Cl,100.0,262.8125,
700,[*]Oc1ccc(cc1)C(c1ccc(cc1)OCC(C[*])O)(C)C,87.45,,
637,[*]Oc1ccc(cc1)NC(=O)c1cc(ccc1)C(=O)Nc1ccc(cc1)[*],205.39,425.0,
5525,[*]N1C(=O)N(C(=O)C1=O)c1ccc(cc1)Oc1ccc(cc1)N1C(=O)N(C(=O)C1=O)c1c(cccc1)CCc1ccc(cc1)[*],208.0,,
3702,[*]O[Si](OC(CC[*])C)(C)C,-88.0,,
1406,[*]NC(=O)CCc1ccc(cc1)CCC(=O)NCCCCCCCCCCCCCCCCCC[*],65.0,232.0,
7798,[*]OC(=O)CCCCCCCC(=O)OCCCCCC[*],,53.0,
11164,[*]CCCCCCNC(=O)CCCC(=O)O[*],,,5.9363
7849,[*]OC(=O)CCCCSCCCCC(=O)OCCCCC[*],,41.0,
9751,[*]OC(C)CCOC(=O)CCCCS(=O)(=O)CCCCC([*])=O,,,6.6674
1523,[*]Nc1ccc(cc1)NC(=O)c1ccc(cc1)NC(=O)c1ccc(cc1)P(=O)(c1ccc(cc1)C(=O)[*])c1ccccc1,243.0,,
12144,[*]C(=O)C(S1)=CC=C1C(=O)C(=S)[*],,,2.2094
607,[*]Oc1c(cc(cc1C)[*])C(CCCC)C,85.0,,
5397,[*]N1C(=O)c2c(C1=O)cc(cc2)c1ccc(cc1)c1cc2c(C(=O)N(C2=O)CCCCCCCCCCC[*])cc1,89.0,,
9803,[*]CCCCCCC(=O)N[*],,,6.0436
8876,[*]c1n(c(nc1C#N)NC(=O)[*])C,,310.0,
6065,[*]N1C(=O)c2c(C1=O)c(ccc2)Oc1c(cc(cc1C)Cc1cc(c(c(c1)C)Oc1c2c(C(=O)N(C2=O)c2cc(ccc2)[*])ccc1)C)C,269.0,,
4479,[*]Oc1ccc(cc1)CC(NC(=O)Cc1ccc(cc1)OC(=O)CCCCCCC(=O)[*])C(=O)OCCCCCCCC,22.0,,
3373,[*]Oc1ccc(cc1)C(c1ccc(cc1)OCC(COC(=O)CCCCCCCCCCC(=O)OCC(C[*])O)O)(C)C,25.0,,
2270,[*]C(C[*])OCCCCCCCCCCCOc1ccc(cc1)C(=O)Oc1ccc(cc1)OCC,37.0,,
9230,[*]CC([*])C(=O)OCC(F)(F)C(F)(F)OC(F)(F)C(F)(F)C(F)(F)C(F)(F)F,,,6.9089
6473,[*]Oc1ccc(cc1)C(=O)c1ccc(cc1)OC(=O)OC1C(C(C1(C)C)OC(=O)[*])(C)C,125.0,,
6896,[*]C1C(CC(C1)C(O)(C(F)(F)F)C(F)(F)F)(C(C[*])(F)F)F,118.0,,
8275,[*]OCCCCC(=O)NCCCCCOCCCCCNC(=O)CCCCCCCC[*],,115.5,
5315,[*]c1cc2c(C(=O)N(C2=O)C2CCC(CC2)CC2CCC(CC2)N2C(=O)c3c(C2=O)cc(cc3)C(=O)Nc2ccc(cc2)Oc2ccc(cc2)NC(=O)[*])cc1,250.0,411.0,
12355,[*]CC(C)(C=O)C(F)(F)C([*])([2H])[2H],,,5.5464
9068,[*]n1c(=O)c2cc3c(cc2c1=O)c(=O)n(c3=O)CCCCCCCCCCCCC[*],,280.5,
1744,[*]N1C(=O)c2c(C1=O)cc(cc2)Oc1ccc(cc1)S(=O)(=O)c1ccc(cc1)Oc1cc2c(C(=O)N(C2=O)c2ccc(cc2)Oc2ccc(cc2)[*])cc1,260.0,,
1622,[*]c1cc2c(C(=O)N(C2=O)c2cc(ccc2)C(C(C(c2cc(ccc2)N2C(=O)c3c(C2=O)cc(cc3)C(C(C([*])(F)F)(F)F)(F)F)(F)F)(F)F)(F)F)cc1,151.0,280.0,
1066,[*]c1nc2c(nc1c1ccccc1)cc(cc2)c1cc2c(nc(c(n2)c2ccccc2)c2ccc(cc2)Sc2ccc(cc2)[*])cc1,288.0,,
2327,[*]C1C(CC(C1)C=C[*])(C[Si](O[Si](C)(C)C)(C)C)C#N,68.0,,
12083,[*]CC(=O)C(=S)C(=O)[*],,,1.9995
4328,[*]Oc1ccc(cc1)OC(=O)c1c(cc(cc1)C(=O)[*])Oc1ccc(cc1)C(c1ccccc1)(C)C,93.0,308.5,
6181,[*]c1cc2c(C(=O)N(C2=O)c2c(ccc(c2)N2C(=O)c3c(C2=O)cc(cc3)C(=O)Oc2ccc(cc2)C(c2ccc(cc2)OC(=O)[*])(C)C)O)cc1,225.0,,
5894,[*]c1cc2c(C(=O)N(C2=O)c2cc(ccc2)N2C(=O)c3c(C2=O)cc(cc3)C(=O)Nc2ccc(cc2)Oc2ccc(cc2)c2ccc(cc2)Oc2ccc(cc2)NC(=O)[*])cc1,292.0,,
4393,[*]Oc1ccc(cc1)CC(NC(=O)CCc1ccc(cc1)OC(=O)CCC(=O)[*])C(=O)OCCCC,67.0,,
10582,[*]OCCOCCOc1cc([*])nc2ccc(C)cc12,,,4.1994
567,[*]C1(C(C(C(C(C1(F)F)(Cl)F)(F)F)(C([*])(F)F)F)(F)F)F,147.0,,
1771,[*]N1C(=O)c2c(C1=O)cc(cc2)Oc1cc2c(C(=O)N(C2=O)c2cc(ccc2)[*])cc1,280.0,,
11813,[*]c1ccc2c(c1)c1cc([*])ccc1n2-c1ccccc1,,,3.553
8935,[*]c1oc(cc1)C(=O)OCCCCOC(=O)[*],,174.6,
11116,[*]CCCCCCCCOC(=O)CC=CCC(=O)O[*],,,6.197
9549,[*]CC(=O)NCCCCCCNC(=O)Cc1ccc([*])s1,,,4.7548
1785,[*]c1cc2c(C(=O)N(C2=O)c2ccc(cc2)C(=O)Nc2ccc(cc2)S(=O)(=O)c2ccc(cc2)NC(=O)[*])cc1,227.33,,
2807,[*]Oc1ccc(cc1)Oc1ccc(cc1)C(=O)c1ccc(cc1)C(=O)c1ccc(cc1)[*],149.5,361.8,
12343,[*]Nc1c(F)c(F)c(-c2ccc3cc(-c4ccc5c(c4)C(=O)N(c4cccc([*])c4)C5=O)ccc3c2)c(F)c1F,,,2.918
6001,[*]N1C(=O)c2c(C1=O)cc(cc2)Oc1cc2c(C(=O)N(C2=O)c2c(ccc(c2)C(c2cc(c(cc2)OCCN(c2ccc(cc2)C=CC2=CC(=C(C(=O)OCc3ccc(cc3)Oc3c(c(c(c(c3F)F)F)F)F)C#N)CC(C2)(C)C)c2ccccc2)[*])(C(F)(F)F)C(F)(F)F)OCCN(c2ccc(cc2)C=CC2=CC(=C(C(=O)OCc3ccc(cc3)Oc3c(c(c(c(c3F)F)F)F)F)C#N)CC(C2)(C)C)C)cc1,162.0,,
2553,[*]C(C[*])(C(=O)Oc1c(cccc1C(C)C)C(C)C)C,198.0,,
6146,[*]N1C(=O)c2c(C1=O)cc(cc2)NC(=O)Nc1ccc(cc1)c1nc(cc(c1)c1ccc(cc1)c1ccccc1)c1ccc(cc1)NC(=O)Nc1cc2c(C(=O)N(C2=O)c2ccc(cc2)c2nc(cc(c2)c2ccc(cc2)c2ccccc2)c2ccc(cc2)[*])cc1,272.0,,
9625,[*]CCCCCCCCCCOC(=O)CCCCCCCCCCCCCCCCC(=O)O[*],,,6.6124
4470,[*]Oc1ccc(cc1)CC(NC(=O)Cc1ccc(cc1)OC(=O)CCC(=O)[*])C(=O)OCCCCCCCC,51.0,,
6189,[*]N1C(=O)c2c(C1=O)cc(cc2)NC(=O)OCCOc1ccc(cc1)P(=O)(c1ccc(cc1)OCCOC(=O)Nc1cc2c(C(=O)N(C2=O)c2cc(ccc2)P(=O)(c2cc(ccc2)[*])C)cc1)c1ccccc1,201.0,,
11574,[*]c1ccc(Oc2ccccc2Oc2ccc(-n3c(=O)c4cc5c(=O)n([*])c(=O)c5cc4c3=O)cc2)cc1,,,2.1614
4800,[*]N(C(=O)C(C(C(C(C(=O)N(CCCCCC[*])CC(C(F)(F)F)(F)F)(F)F)(F)F)(F)F)(F)F)CC(C(F)(F)F)(F)F,174.0,,
1307,[*]NC(=O)CCCCCCCC(=O)NCCCCCC[*],37.61,214.0107143,
135,[*]C(C[*])c1ccc(cc1)OCCCC,52.0,,
5826,[*]N1C(=O)c2c(C1=O)cc(cc2)C(c1cc2c(C(=O)N(C2=O)CCN(CC[*])c2ccc(cc2)N=Nc2ccc(cc2)C#N)cc1)(C(F)(F)F)C(F)(F)F,213.0,,
12251,[*]C(F)(F)C(C=C1)=CC=C1C(F)(F)C(S2)=CC=C2[*],,,4.7168
9470,[*]CC(O)CO[*],,,6.5192
4321,[*]OC(=O)CC(CC[*])C,-71.5,,
2097,[*]c1c(cc(cc1)CC[*])C#N,90.0,270.0,
8423,[*]Oc1cc(ccc1)C(=O)NNC(=O)c1cc(ccc1)C(=O)NNC(=O)CCC[*],,260.0,
3163,[*]N1CCN(CC1)CC(COc1ccc(cc1)C(c1ccc(cc1)OCC(C[*])O)(C)C)O,100.0,,
1687,[*]c1cc2c(C(=O)N(C2=O)c2ccc(cc2)Oc2ccc(cc2)C(=O)c2ccc(cc2)Oc2ccc(cc2)C(=O)c2ccc(cc2)Oc2ccc(cc2)N2C(=O)c3c(C2=O)cc(cc3)C(=O)[*])cc1,215.0,418.0,
4144,[*]c1sc(c(c1c1ccccc1)c1ccccc1)c1ccc(cc1)CC(=O)Nc1ccc(cc1)c1ccc(cc1)NC(=O)Cc1ccc(cc1)[*],272.0,,
10964,[*]c1sc([*])c2sc(CCCCCCCCC)nc12,,,3.6098
6452,[*]Oc1ccc(cc1)C(c1ccc(cc1)OC(=O)[*])(CCCC)CCCC,113.0,,
8936,[*]c1oc(cc1)C(=O)OCCCOC(=O)[*],,171.0,
5664,[*]c1cc2c(C(=O)N(C2=O)c2ccc(cc2)Oc2c(cc(cc2C)C(c2cc(c(c(c2)C)Oc2ccc(cc2)N2C(=O)c3c(C2=O)cc(cc3)C(=O)[*])C)c2c3c(ccc2)cccc3)C)cc1,272.0,,
8217,[*]OC1CCC(CC1)OC(=O)NCCCCCCNC(=O)[*],,215.0,
7961,[*]OC(=O)Nc1cc(ccc1)C(=O)OCCCCCCCCCC[*],,127.0,
5339,[*]c1cc2c(C(=O)N(C2=O)c2c(cc(cc2C)Cc2cc(c(c(c2)C)N2C(=O)c3c(C2=O)cc(cc3)C([*])(C(F)(F)F)C(F)(F)F)C)C)cc1,307.5,,
4713,[*]NC(=O)c1ccc(cc1)C(=O)NCC(CCC[*])C,153.5,271.625,
7248,[*]N1C(=O)c2c(C1=O)cc(cc2)c1cc2c(C(=O)N(C2=O)c2ccc(cc2)OC(=O)CCCCCCCCCCC(=O)Oc2ccc(cc2)[*])cc1,,330.0,
9188,[*]CC([*])C(=O)OCC(F)(F)C(F)(F)C(F)(F)C(F)(F)F,,,6.3101
7829,[*]OC(=O)CCCCCCCCCCCCCCCCC(=O)[*],,94.5,
10083,[*]CCOC(=O)NCCCC(CCNC(=O)O[*])OC,,,5.8395
9509,[*]CNC(=O)OC(c1ccco1)C(OC(=O)NCc1ccc(C(C)(C)c2ccc([*])o2)o1)c1ccco1,,,4.7926
8148,[*]OC(C(C(=O)[*])(C)C)(C)C,,171.0,
150,[*]C(C[*])c1c(ccc(c1)Br)OCCC,54.0,,
4967,[*]OC(=O)Nc1c(ccc(c1)NC(=O)OCCN(CC[*])c1cc(c(cc1)N=Nc1c(cc(cc1)[N+](=O)[O-])C)C)C,135.0,,
11593,[*]c1ccc(Oc2ccc(Oc3ccc(N4C(=O)C5CCC6C(=O)N([*])C(=O)C6C5C4=O)cc3)cc2)cc1,,,4.5419
5784,[*]c1cc2c(C(=O)N(C2=O)c2c(cc(cc2)C(c2cc(c(cc2)N2C(=O)c3c(C2=O)cc(cc3)C([*])(C(F)(F)F)C(F)(F)F)O)(C(F)(F)F)C(F)(F)F)O)cc1,303.0,,
1455,[*]NC(=O)CCCCCCCCCCC(=O)NCC1CCC(CC1)C[*],85.0,255.5,
7361,[*]NC(=O)C(C(C(=O)NCC[*])OC)OC,,311.5,
11770,[*]Nc1ccc(-c2ccc(NC(=C(C#N)C#N)c3ccc(-c4ccc(C([*])=C(C#N)C#N)cc4)cc3)cc2)cc1,,,2.7741
9005,[*]c1sc(cc1C(C(C(C(C(C([2H])([2H])[2H])([2H])[2H])([2H])[2H])([2H])[2H])([2H])[2H])([2H])[2H])[*],,168.45,
4099,[*]c1sc(cc1)[Si]([*])(C)C,21.0,128.0,
6694,[*][SiH](C#Cc1c(cccc1)C#C[*])c1ccccc1,71.0,,
2834,[*]Oc1ccc(cc1)Oc1ccc(cc1)Oc1cc(ccc1)C(=O)Oc1ccc(cc1)OC(=O)c1cc(ccc1)[*],101.0,,
856,[*]OCC(C[*])(CO)C,62.0,162.5,
716,[*]Oc1c(cc(cc1c1ccccc1)[*])c1c2c(ccc1)cccc2,234.0,,
4471,[*]Oc1ccc(cc1)CC(NC(=O)Cc1ccc(cc1)OC(=O)CCCCC(=O)[*])C(=O)OCC,63.0,,
243,[*]C(C[*])C(=O)c1ccc(cc1)C,59.5,,
5424,[*]N1C(=O)c2c(C1=O)cc(cc2)S(=O)(=O)c1cc2c(C(=O)N(C2=O)c2ccc(cc2)Cc2ccc(cc2)[*])cc1,314.0,,
3233,[*]Oc1ccc(cc1)P(=O)(c1ccc(cc1)[*])C,238.0,,
9555,[*]C1C=CC([*])S1,,,4.903
3644,[*]Oc1ccc(cc1)C1(CCC(CC1)C(C)(C)C)c1ccc(cc1)Oc1ccc(cc1)C(=O)Oc1ccc(cc1)C1(CCC(CC1)c1ccccc1)c1ccc(cc1)OC(=O)c1ccc(cc1)[*],172.0,,
3843,[*]Oc1c(cc(c(c1)C(C)(C)C)Oc1ccc(cc1)C(=O)Nc1c(cc(cc1)C(c1cc(c(cc1)NC(=O)c1ccc(cc1)[*])C)(C)C)C)C(C)(C)C,275.0,,
8203,[*]OC(COC(=O)CCCCCCC(=O)[*])C,,-39.25,
4293,[*]Oc1c(cc(cc1)OC(=O)c1c(cc(cc1)c1ccc(cc1)C(=O)[*])c1ccccc1)C,133.0,,
8223,[*]OC1CCC(CC1)OC(=O)NCCSCCSCCNC(=O)[*],,208.25,
4605,[*]OC(=O)c1c(cc(cc1)C(=O)OCCN(CC[*])c1ccc(cc1)N=Nc1ccc(cc1)c1nc2c([nH]1)ccc(c2)[N+](=O)[O-])OCCC,152.0,,
5947,[*]c1cc2c(C(=O)N(C2=O)c2cc(c(cc2)c2c(cc(cc2)N2C(=O)c3c(C2=O)cc(cc3)C(=O)Oc2ccc(cc2)C2(CCCCCCCCCCC2)c2ccc(cc2)OC(=O)[*])C)C)cc1,204.0,,
576,[*]C(=CCC[*])C,-60.98,,
10421,[*]C=CC1CC([*])C(C(=O)OC)C1C(=O)OC,,,5.0643
4272,[*]OC(=O)/C=C/C(=O)OCCCC[*],93.0,134.0,
1763,[*]c1cc2c(C(=O)N(C2=O)c2ccc(cc2)Cc2ccc(cc2)N2C(=O)c3c(C2=O)cc(cc3)C([*])(C(F)(F)F)C(F)(F)F)cc1,296.35,,
5433,[*]c1cc2c(C(=O)N(C2=O)c2ccc(cc2)c2sc(c(c2c2ccccc2)c2ccccc2)c2ccc(cc2)N2C(=O)c3c(C2=O)cc(cc3)C(=O)Nc2ccc(cc2)Oc2ccc(cc2)NC(=O)[*])cc1,320.0,,
8548,[*]Oc1ccc(cc1)C=Nc1ccc(cc1)Cc1ccc(cc1)N=Cc1ccc(cc1)OC(=O)CCCCC(=O)[*],,270.0,
6834,[*]c1c(cc(c(c1)OC)C(=Cc1c(cc(c(c1)OC)C=C([*])C#N)OCCCCCCCC)C#N)OCCCCCCCC,174.0,,
9740,[*]CCCOC(=O)C1CCC(C(=O)O[*])CC1,,,6.703
7787,[*]OC(=O)CCCCCCC(=O)OCCCCCCCCCCCC[*],,80.0,
7052,[*]C(C[*])CCCn1c2ccccc2c2ccccc12,,137.0,
140,[*]C(C[*])c1c(cccc1Cl)Cl,165.0,,
2356,[*]C1C2C(C(C(C1[*])C2)COCCCc1ccccc1)COCCCc1ccccc1,134.0,,
1080,[*]OC(=O)CCCC(=O)OCCC[*],-33.67,42.19285714,
6732,[*]O[Si]([*])(CCCCCOc1ccc(cc1)/C=C/c1ccc(cc1)OC)C,52.0,209.85,
5488,[*]N1C(=O)c2c(C1=O)c(ccc2)Oc1ccc(cc1)C(=O)Nc1ccc(cc1)Cc1ccc(cc1)[*],258.0,,
3133,[*]c1oc2c(n1)ccc(c2)c1ccc2c(oc(n2)c2ccc(cc2)C(c2ccc(cc2)[*])(C(F)(F)F)C(F)(F)F)c1,345.0,,
12278,[*]C(F)(F)CC(F)(F)C(=S)[*],,,2.8419
5636,[*]N1C(=O)C2C(C1=O)C(Cc1ccccc21)C1C(=O)N(C(=O)C1)c1cc(cc(c1)C(=O)OCCCC)[*],249.43,,
5941,[*]c1cc2c(C(=O)N(C2=O)c2cc(c(cc2)c2c(cc(cc2)N2C(=O)c3c(C2=O)cc(cc3)C(=O)Oc2ccc(cc2)C(c2ccc(cc2)OC(=O)[*])(C)C)C)C)cc1,166.0,,
7815,[*]OC(=O)CCCCCCCCCC(=O)[*],,69.5,
11792,[*]Nc1cc(C)c([*])cc1C,,,3.9275
2354,[*]C1C(CC(C1)C=C[*])C(=O)OCCN(C)C,12.5,,
7547,[*]NC(CC(=O)[*])C(=O)OC,,287.0,
11244,[*]CCCP(CCCCCCCC)CCCNC(=O)C(=O)N[*],,,4.1641
3162,[*]Oc1ccc(cc1)C(c1ccc(cc1)OCC(CN(CC(C[*])O)CCO)O)(C)C,79.0,,
439,[*]C(C[*])C(=O)Oc1ccc(cc1)C(=O)OCCCC,13.0,,
8050,[*]OC(=O)c1ccc(cc1)C(=O)NCCCCCNC(=O)c1ccc(cc1)C(=O)OCCCCCCCCCC[*],,205.0,
11258,[*]C(=O)c1ccc(C(=O)N(C)c2ccc(Cl)c(N([*])C)c2)cc1,,,3.3332
8390,[*]Oc1c(cc(cc1)OC(=O)c1ccc(cc1)C(=O)[*])CCCCCCCCCCCC,,217.0,
10358,[*]C=CC(C(=O)OC)C([*])c1ccccc1,,,4.9911
1411,[*]Nc1ccc(cc1)NC(=O)c1ccc(cc1)C(=O)[*],302.4,577.4,
4221,[*]c1sc(cc1)C(=O)Oc1ccc(cc1)[Si](c1ccc(cc1)OC(=O)[*])(C)C,-68.0,62.0,
4085,[*]SCC(=O)NCCCCCCNC(=O)C[*],-7.0,152.0,
4353,[*]OC(=O)CCCCCCCCCCCCC(=O)OCC(C[*])CCCCCCOc1ccc(cc1)N=Nc1ccc(cc1)C#N,21.5,58.0,
2478,[*]C(C[*])(C(=O)Oc1ccc(cc1)C(=O)Oc1ccc(cc1)C)C,98.0,135.0,
3680,[*]Oc1ccc(cc1)C(=O)OCCN(CCOC(=O)c1ccc(cc1)OCC#CC#CC[*])c1ccc(cc1)N=Nc1ccc(cc1)N=Nc1cc(c(c(c1)C)[N+](=O)[O-])C,115.0,,
1044,[*]SCC(C[*])(CC)C,-50.0,,
1602,[*]NC(=O)NCCCCCCCCCCNC(=O)NCCCCCCCCCCCCCC[*],40.0,180.0,
10930,[*]c1cc(CCCS(=O)(=O)O)c([*])s1,,,3.3298
11139,[*]CCOC(=O)C1C2C=CC(C2)C1C(=O)O[*],,,5.7779
6427,[*]OC(=O)OCC[*],15.33,,
5325,[*]c1cc2c(C(=O)N(C2=O)c2c(cc(c(c2)Cl)N2C(=O)c3c(C2=O)cc(c(c3)Cl)C(=O)[*])Cl)cc1Cl,367.0,,
402,[*]C(C[*])C(=O)OC1CC(CC(C1)C)(C)C,15.0,,
6435,[*]OC(=O)OCC(C(C[*])OC=O)OC=O,51.38,,
9737,[*]CC(CCl)(CBr)COC(=O)CCCCC(=O)O[*],,,6.6998
12377,[*]c1ccc(C(c2ccccc2)(c2ccc(N3C(=O)c4ccc(Oc5ccc6c(c5)C(=O)N([*])C6=O)cc4C3=O)cc2)C(F)(F)F)cc1,,,3.2662
11618,[*]C(=O)c1ccc2c(c1)C(=O)N(c1cc(OCCCCCCCC)cc(N3C(=O)c4ccc([*])cc4C3=O)c1)C2=O,,,2.6342
8621,[*]Oc1ccc(cc1)Sc1ccc(cc1)[*],,340.0,
1313,[*]NC(=O)CCCCCCC[*],38.45,196.9285714,
4875,[*]N(C(=O)CCC(=O)N(CCCCCC[*])C)C,7.5,,
4524,[*]OC(=O)c1cc(cc(c1)OC1CCN(CC1)c1ccc(cc1)S(=O)(=O)C(C(C(C(C(C(C(C(F)(F)F)(F)F)(F)F)(F)F)(F)F)(F)F)(F)F)(F)F)C(=O)OCCN(CC[*])c1ccc(cc1)S(=O)(=O)C(C(C(C(C(C(C(C(F)(F)F)(F)F)(F)F)(F)F)(F)F)(F)F)(F)F)(F)F,99.0,,
2739,[*]C(C[*])(C(=O)OC1CCCCCCC1)C,73.0,,
147,[*]C(C[*])c1c(ccc(c1)Br)OCCCC,47.0,,
9455,[*]CCOCCOCCOC(=O)CC(=O)O[*],,,5.6203
6461,[*]Oc1ccc(cc1)C1(c2ccccc2c2ccccc12)c1ccc(cc1)OC(=O)OC1C(C(C1(C)C)OC(=O)[*])(C)C,214.0,,
9741,[*]CCCOC(=O)c1cccc(C(=O)O[*])c1,,,5.151
4461,[*]Oc1ccc(cc1)CC(NC(=O)CCc1ccc(cc1)OC(=O)CCCCC(=O)[*])C(=O)OC(C)C,56.5,,
8244,[*]OCC1(C2CCC(C1)C2)C[*],,208.0,
1098,[*]OC(=O)c1ccc(cc1)C(=O)OCC1CCC(CC1)C[*],83.89,280.0,
6938,[*]C#CC(=C([*])CCCCOC(=O)NCCCC)CCCCOC(=O)NCCCC,,229.85,
3332,[*]Oc1ccc(cc1)Oc1ccc(cc1)C(=O)c1cc(ccc1)NC(=O)c1cc(ccc1)C(=O)Nc1cc(ccc1)C(=O)c1ccc(cc1)[*],202.0,,
588,[*]OC(C[*])C(C)(C)C,16.8,133.125,
3871,[*]c1nc2c(nc1c1ccccc1)cc(cc2)Oc1cc2c(nc(c(n2)c2ccccc2)c2ccc(cc2)OCCN(c2ccc(cc2)C=CC2=CC(=C3C(=C(C#N)C#N)c4c(C3=O)cccc4)C=C(O2)C=Cc2ccc(cc2)N(CCOc2ccc(cc2)[*])C)C)cc1,260.0,,
3476,[*]Oc1ccc(cc1)c1cc(c(c(c1)c1ccccc1)c1ccc(cc1)NC(=O)c1ccc(cc1)C(=O)Nc1ccc(cc1)c1c(cc(cc1c1ccccc1)c1ccc(cc1)OCCCCCCCCCC[*])c1ccccc1)c1ccccc1,116.0,,
12270,[*]C(F)(F)C(F)(F)NC(S1)=CC=C1[*],,,4.7359
11454,[*]C(=O)Nc1ccc(Oc2ccc(N3C(=O)c4ccc([*])cc4C3=O)cc2)cc1,,,2.7025
246,[*]C(C[*])OC(=O)CCCC(=O)c1ccccc1,45.0,,
10042,[*]CCCCCOC(=O)NCCCCCCNC(=O)O[*],,,6.4123
1981,[*][Si](C[*])(C)C,-91.17,,
351,[*]C(C[*])C(=O)OCCCOCC,-61.5,,
10975,[*]c1cc(-c2sc(-c3cc(CCCC)c([*])s3)cc2CCCC)c2cccccc1-2,,,1.9772
9041,[*]n1c(=O)c2c(c3c(cc2c1=O)c(=O)n(c3=O)CCCCCCCCC[*])Br,,287.0,
8154,[*]OC(C[*])(CCl)C,,120.75,
3353,[*]OP(=O)(OCCOc1ccc(cc1)S(=O)(=O)c1ccc(cc1)OCC[*])Oc1ccc(cc1)[N+](=O)[O-],56.0,,
5845,[*]c1cc2c(C(=O)N(C2=O)c2ccc(cc2)Oc2c(cccc2)c2c(cccc2)Oc2ccc(cc2)N2C(=O)c3c(C2=O)cc(cc3)C([*])(C(F)(F)F)C(F)(F)F)cc1,220.0,,
8405,[*]Oc1c2c(c(cc1)c1c3c(c(cc1)OCC[*])cccc3)cccc2,,291.0,
11989,[*]C(C=C1)=CC=C1C(S2)=CC=C2C(C=C3)=CC=C3O[*],,,3.449
5538,[*]c1cc2c(C(=O)N(C2=O)c2cc(ccc2)C(=O)OCCOC(=O)[*])cc1,220.0,340.0,
9908,[*]CC=CCNC(=O)CCC=CCCC(=O)N[*],,,5.3865
7894,[*]OC(=O)NC(=O)C1C(C1)C(=O)NC(=O)OCC1C(C1)C[*],,225.0,
8198,[*]OC(COC(=O)C1CCC(CC1)C(=O)[*])C,,67.0,
1063,[*]c1c(nc2c(n1)cc(cc2)c1cc2c(nc(c(n2)c2ccc(cc2)Sc2ccc(cc2)[*])c2ccccc2)cc1)c1ccccc1,281.0,,
8885,[*]c1nc(cc(c1)O)C(=O)NCCCCCCCCCCNC(=O)[*],,137.0,
9362,[*]CCCCCCC(=O)NCCCCCOCCCCCNC(=O)CCCCO[*],,,5.8614
1990,[*]O[Si](CCC(C(C(C(C(C(CC[Si]([*])(CCC(F)(F)F)C)(F)F)(F)F)(F)F)(F)F)(F)F)(F)F)(CCC(F)(F)F)C,-24.0,,
8959,[*]c1oc(nn1)c1ccc(cc1)C(=O)OCCCCCCCCCCOc1ccc(cc1)C=C1C(=O)C(=Cc2ccc(cc2)OCCCCCCCCCCOC(=O)c2ccc(cc2)[*])CCC1,,139.0,
12168,[*]NC(S1)=CC=C1C(S2)=CC=C2C(=S)[*],,,2.0192
383,[*]C(C[*])(C(=O)OCC(F)(F)F)C,78.27,,
10769,[*]c1sc(-c2sc(-c3sc([*])c4nccnc34)c3c2OC(CCCCCC)CO3)c2c1OCC(CCCCCC)O2,,,1.6167
1555,[*]OC(=O)Nc1c(ccc(c1)NC(=O)OCCCCCC[*])C,32.0,,
3310,[*]Oc1cc(ccc1)NC(=O)c1cc(ccc1)C(=O)Nc1ccc(cc1)Oc1ccc(cc1)C(=O)c1ccc(cc1)[*],114.0,,
1268,[*]OC(=O)c1ccc(cc1)[Si](c1ccc(cc1)C(=O)OCCCC[*])(C)C,42.0,,
2047,[*]N=P([*])(OCCc1ccccc1)OCCc1ccccc1,-32.7,,
5522,[*]N1C(=O)N(C(=O)C1=O)c1ccc(cc1)Cc1ccc(cc1)N1C(=O)N(C(=O)C1=O)CCCCCC[*],158.0,,
7481,[*]NC(=O)CCCCCCCCCCCCCCCCCCCCC(=O)NCCCCCCCCCCCCCCCCCC[*],,146.0,
1875,[*]Oc1cc(ccc1)C(C(C(c1cc(ccc1)OC(=O)[*])(F)F)(F)F)(F)F,46.0,200.0,
5304,[*]N1C(=O)c2c(C1=O)cc(cc2)c1cc2c(C(=O)N(C2=O)c2cc(ccc2)N2C(=O)c3c(C2=O)cc(cc3)C(c2cc3c(C(=O)N(C3=O)c3cc(ccc3)[*])cc2)(C(F)(F)F)C(F)(F)F)cc1,308.0,,
2014,[*]O[Si](c1ccc(cc1)[Si]([*])(C)C)(C)C,-29.33,146.5625,
6762,[*]O[Si](c1cc2c(cc1)ccc(c2)[Si]([*])(C)C)(C)C,26.0,,
9360,[*]CCCCC(=O)NCCCCCOCCCCCNC(=O)CCCCO[*],,,5.536
11069,[*]CCCCOC(=O)C1C(=O)C2CCC1C(=O)C2C(=O)O[*],,,5.3882
9668,[*]CC1CCC(COC(=O)C2CCC(C(=O)O[*])CC2)CC1,,,6.6637
7607,[*]NNC(=O)c1ccc(cc1)C(=O)NNC(=O)CCCCC(=O)[*],,315.0,
745,[*]Oc1ccc(cc1)C1(CCC(CC1)C(c1ccc(cc1)OCC(C[*])O)(C)C)C,135.0,,
2789,[*]Oc1ccc(cc1)S(=O)(=O)c1ccc(cc1)OCC(COc1ccc(cc1)C(c1ccc(cc1)OCC(C[*])O)(C)C)O,130.33,,
3433,[*]Oc1ccc(cc1)C(c1ccc(cc1)OC(=O)c1ccc(cc1)OCCCCCCCCCCOc1ccc(cc1)C(=O)[*])(C(F)(F)F)C(F)(F)F,89.0,,
4996,[*]Oc1ccc(cc1)N=CC=Nc1ccc(cc1)OC(=O)NC1CC(CC(C1)(CNC(=O)[*])C)(C)C,62.0,384.0,
1064,[*]c1sc2c(n1)ccc(c2)c1ccc2c(sc(n2)c2cc(ccc2)[*])c1,495.0,,
4357,[*]Oc1ccc(cc1)C1(c2cc(ccc2c2ccc(cc12)[N+](=O)[O-])OC)c1ccc(cc1)OC(=O)CCC(=O)[*],230.0,,
4764,[*]Nc1c(cc(c(c1)[N+](=O)[O-])NC(=O)CCCCCCC(=O)[*])C=Cc1ccc(cc1)N(C)C,177.6,,
10164,[*]c1ccc(C)c(N2C(=O)c3ccc(-c4ccc5c(c4)C(=O)N([*])C5=O)cc3C2=O)c1,,,3.4309
4841,[*]Nc1ccc(cc1)C(c1ccc(cc1)NC(=O)c1cc(cc(c1)NC(=O)CCCCCN1C(=O)c2c(C1=O)cccc2)C(=O)[*])(C(F)(F)F)C(F)(F)F,225.0,,
7354,[*]NC(=O)C(C(=O)NCCCCCC[*])CCCCCCCCCCCCCCCC,,162.0,
9390,[*]c1ccc(-c2ccc(-c3ccc4nc(Oc5cc(-c6ccccc6)c6cc([*])ccc6n5)cc(-c5ccccc5)c4c3)cc2)cc1,,,3.3775
3807,[*]Oc1ccc(cc1)S(=O)(=O)c1ccc(cc1)Oc1ccc(cc1)C(c1ccc(cc1)[*])(CCC(=O)O)C,163.0,,
190,[*]C(C[*])(C#N)C,71.75,,
11936,[*]Oc1cc(Br)cc(Br)c1[*],,,4.3897
8284,[*]OCCCCCCC(=O)NCCCCCCNC(=O)CCCCCC[*],,170.0,
1360,[*]NC(=O)c1cc(ccc1)C(=O)NCCC(C(CC[*])C)C,125.0,,
9773,[*]Oc1c(C)cc(C(C)(C)c2cc(C)c(OC(=O)c3ccc(C([*])=O)cc3)c(C)c2)cc1C,,,3.2111
3308,[*]c1ncc(cc1)C(=O)Nc1ccc(cc1)Oc1ccc(cc1)C(=O)c1ccc(cc1)Oc1ccc(cc1)NC(=O)[*],170.0,,
5256,[*]c1cc2c(C(=O)N(C2=O)c2c(cccc2)C(=O)c2c(cccc2)N2C(=O)c3c(C2=O)cc(cc3)C(=O)[*])cc1,289.0,,
11737,[*]Cc1ccc(CN2CCN([*])C(C)C2)cc1,,,4.6219
2925,[*]C1(c2c(C(=O)N1)cccc2)c1ccc(cc1)Oc1ccc(cc1)C(=O)c1ccc(cc1)Oc1ccc(cc1)[*],270.6,,
11106,[*]CCCCCCCCCC#CC#CCCCCCCCCCOC(=O)CCCCCCCCC(=O)O[*],,,5.4028
2304,[*]C(C[*])CO,36.0,,
10833,[*]c1ccc(-c2csc(-c3nc([*])cs3)n2)cc1,,,3.3372
4443,[*]Oc1ccc(cc1)CC(NC(=O)CCc1ccc(cc1)OC(=O)CCC(=O)[*])C(=O)OCc1ccccc1,78.0,,
8923,[*]c1ncc(cc1)c1ccc(nc1)C(=O)NNC(=O)C(=O)NNC(=O)[*],,350.0,
1946,[*]c1cc2c(nc(c(n2)c2ccccc2)c2ccc(cc2)c2c(nc3c(n2)cc(cc3)C(=O)[*])c2ccccc2)cc1,323.79,,
1086,[*]OC(=O)CCCCCCCC(=O)OCC[*],-45.0,45.75,
15,[*]C(CCC[*])(CC)C,-23.0,,
7916,[*]OC(=O)NCCCCCCNC(=O)OCC1C(C1)C[*],,126.25,
754,[*]Oc1cc(ccc1)Oc1cc(ccc1)OC(=O)[*],71.0,,
12430,[*]CCCCCC[N+]([*])(C)C,,,0.0205
6887,[*]C(C[*])(C(=O)OCCC(C(C(C(C(C(F)(F)F)(F)F)(F)F)(F)F)(F)F)(F)F)F,53.0,103.85,
8401,[*]Oc1c(cc(cc1Br)C(c1cc(c(c(c1)Br)OC(=O)c1cc(ccc1)C(=O)[*])Br)(CCC(=O)O)C)Br,,228.0,
10528,[*]CC(CO[*])(COc1ccccc1)COc1ccccc1,,,4.7985
7983,[*]OC(=O)OCc1ccc(cc1)C[*],,159.25,
5246,[*]c1cc2c(C(=O)N(C2=O)c2cc3Cc4c(c3cc2)ccc(c4)N2C(=O)c3c(C2=O)cc(cc3)C([*])(C(F)(F)F)C(F)(F)F)cc1,394.0,,
6450,[*]Oc1ccc(cc1)C(c1cc(c(c(c1)Cl)OC(=O)[*])Cl)(C)C,186.0,,
4565,[*]Oc1ccc(cc1)OC(=O)c1cc(cc(c1)OCCCCCCCCCCC(C(C(C(C(C(C(C(C(C(F)(F)F)(F)F)(F)F)(F)F)(F)F)(F)F)(F)F)(F)F)(F)F)(F)F)C(=O)[*],137.0,47.85,
4805,[*]NC(C(=O)[*])CCC(=O)Nc1ccc(cc1)N(c1ccccc1)c1ccccc1,132.0,,
5758,[*]c1cc2c(C(=O)N(C2=O)c2cc(ccc2)C#Cc2cc(ccc2)NC(=O)[*])cc1,323.5,,
11875,[*]CCN([*])C(=O)c1c(F)cccc1F,,,4.4989
5746,[*]N1C(=O)c2c(C1=O)cc(cc2)Oc1ccc(cc1)C1(CCC(CC1)C(C)(C)C)c1ccc(cc1)Oc1cc2c(C(=O)N(C2=O)c2ccc(cc2)Oc2ccc(cc2)C2(C3CC4CC(CC2C4)C3)c2ccc(cc2)Oc2ccc(cc2)[*])cc1,266.0,,
10899,[*]c1sc([*])c(OCCCC)c1C,,,2.2732
7323,[*]NC(=O)C(=O)NCCCCCNC(=O)CCCCCCC(=O)NCCCCC[*],,273.0,
3344,[*]OP(=O)(Oc1c(cc(cc1C)S(=O)(=O)c1cc(c(c(c1)C)[*])C)C)Oc1ccc(cc1)Br,162.0,,
5179,[*]N1C(=O)c2c(C1=O)cc(cc2)C(=O)c1cc2c(C(=O)N(C2=O)CCCCCCCCCCC(=O)Nc2cc(ccc2)Oc2ccc(cc2)NC(=O)CCCCCCCCCC[*])cc1,126.0,,
5922,[*]C1C(=O)N(C(=O)C1C(C[*])c1ccccc1)C(C)(C)C,178.0,,
4560,[*]O[Ca]OC(=O)c1c(cccc1)C(=O)OCCCCCOC(=O)Nc1c(ccc(c1)NC(=O)OCCCCCOC(=O)c1c(cccc1)C(=O)[*])C,5.1,,
9733,[*]CCCCOC(=O)CCCCS(=O)(=O)CCCCC(=O)O[*],,,6.544
1607,[*]NC(=O)NCc1ccc(cc1)CNC(=O)NCCCCCCCCCCCCCCCCCC[*],52.0,226.0,
11972,[*]c1ccc2ccc3c([*])cc(C#C)c4ccc1c2c34,,,2.3686
3750,[*]Oc1ccc(cc1)N1ON1c1ccc(cc1)OCCCCCCOC(=O)C(C(=O)OCCCCCC[*])c1ccccc1,23.0,,
6763,[*]O[Si](c1c(cc(c(c1)OCCOCc1ccccc1)[Si]([*])(C)C)OCCOCc1ccccc1)(C)C,76.0,108.0,
6500,[*]OC(=O)OCC1(CC=CCC1)C[*],30.0,,
4173,[*]c1sc(cc1CCCCCCCCCC)c1sc(c(c1)CCCCCCCCCC)c1c2c(ccccc2)c(c1)[*],22.5,,
11319,[*]CCCCCNC(=O)c1cccc(C(=O)N[*])c1,,,4.9725
10301,[*]c1nc(C)nc(N(CCCCCCN([*])c2ccccc2)c2ccccc2)n1,,,3.751
3089,[*]c1nc2c(c(c1c1ccccc1)c1ccccc1)cc(cc2)c1cc2c(nc(c(c2c2ccccc2)c2ccccc2)c2ccc(cc2)Oc2ccc(cc2)[*])cc1,300.0,,
10958,[*]c1ccc(-c2sc(-c3cc(SCCCCCCCC)c([*])s3)cc2SCCCCCCCC)cc1,,,2.4336
5064,[*]N1C(=O)c2c(C1=O)cc(cc2)c1cc2c(C(=O)N(C2=O)c2c(cc(c(c2)[*])O)O)cc1,343.0,,
883,[*]Oc1ccc(cc1)C(=O)Nc1c(cc(c(c1)SCCC#N)NC(=O)c1ccc(cc1)[*])SCCC#N,158.0,,
4207,[*]c1sc(cc1C(=O)Oc1c2ncccc2ccc1)[*],154.0,,
10180,[*]C(=O)c1ccc2c(c1)C(=O)N(c1ccc(Sc3ccc(N4C(=O)c5ccc([*])cc5C4=O)cc3)cc1)C2=O,,,2.66
4133,[*]c1c2c(c(=O)n(n1)c1ccc(cc1)S(=O)(=O)c1ccc(cc1)n1nc(c3c(c1=O)cccc3)c1ccc(cc1)Sc1ccc(cc1)[*])cccc2,279.0,,
9881,[*]CCCCCCNC(=O)CCCC(=O)N[*],,,5.7154
236,[*]C(C[*])C(=O)c1ccc(cc1)C(C)(C)C,103.5,,
3224,[*]OCC(C[*])(COCC(F)(F)F)C,-41.0,,
8291,[*]OCCCCCCOCCCCCCOCCCCCCCCCC[*],,67.5,
6262,[*]N1C(=O)c2c(C1=O)c(ccc2)c1cc2c(C(=O)N(C2=O)c2c(cc(cc2)c2cc(c(cc2)[*])C)C)cc1,384.0,,
9303,[*]CC(CO)(CO)CO[*],,,5.7959
8738,[*]SCCc1ccc(cc1)Cc1ccc(cc1)CC[*],,106.5,
2238,[*]C(C[*])P(=O)(N(C)C)N(C)C,25.0,,
10004,[*]CCCCCCNC(=O)C(CCCCCCCCCCCCCCC)C(=O)N[*],,,5.9375
9173,[*]CC(OC)C1C(=O)OC(=O)C1[*],,,5.9975
9627,[*]CCCCCCCCCCCCCCOC(=O)CCCCC(=O)O[*],,,6.651
7422,[*]NC(=O)CCCCCCCC(=O)NCCCCC[*],,178.0,
7033,[*]C(C[*])CC(C)C(F)(F)F,,258.0,
7007,[*]C(C[*])C(=O)NCCCCCCCCCCCCCCCCCCCCCC,,67.85,
8178,[*]OC(CCOC(=O)C(=O)[*])C,,-3.0,
7126,[*]C1OCC(OC1)C(=O)NCCCCCCNC(=O)[*],,300.0,
4931,[*]NNC(=O)C=CC(=O)Nc1cc(ccc1)C=C1C(=O)C(=Cc2cc(ccc2)NC(=O)C=CC(=O)[*])CC1,104.6,,
2499,[*]C(C[*])(C(=O)OCCCCOc1ccc(cc1)OC(=O)c1cc(c(cc1)OC)Br)C,69.0,,
6036,[*]c1cc2c(C(=O)N(C2=O)c2c(cc(cc2C)Cc2cc(c(c(c2)C)N2C(=O)c3c(C2=O)cc(cc3)C(=O)Nc2c(ccc(c2)NC(=O)[*])N=Nc2ccc(cc2)[N+](=O)[O-])C)C)cc1,264.0,,
11839,[*]c1ccc([*])c2nc(-c3ccccc3)c(-c3ccccc3)nc12,,,3.1914
9805,[*]CCCCCCCCNC(=O)CCCCCCCCC(=O)N[*],,,5.7713
1254,[*]Oc1ccc(cc1)C1(c2ccccc2c2ccccc12)c1ccc(cc1)OC(=O)c1ccc(cc1)C(=O)[*],285.0,,
7373,[*]NC(=O)C1C(C1C)C(=O)NCCCCCC[*],,270.0,
4625,[*]OC(=O)c1cc(cc(c1)OCc1cc(cc(c1)OCc1ccccc1)OCc1ccccc1)C(=O)OCCN(CC[*])c1ccc(cc1)C=Cc1sc(cc1)C=CC1=C(C(=C(C#N)C#N)OC1(c1ccccc1)C(F)(F)F)C#N,130.0,,
11196,[*]CCCCCCN(CC)C(=O)CCCCCCCCCCC(=O)N([*])CC,,,5.6468
8942,[*]c1oc(nn1)C1CCC(CC1)[*],,350.0,
5395,[*]N1C(=O)c2c(C1=O)cc(cc2)c1ccc(cc1)c1cc2c(C(=O)N(C2=O)CCCCCCCCC[*])cc1,104.0,,
8163,[*]OC(C[*])COc1c(cccc1)C(C)C,,124.0,
8002,[*]OC(=O)c1c(cccc1)NC(=O)c1ccc(cc1)C(=O)Nc1c(cccc1)C(=O)OC(=O)c1cc(ccc1)C(=O)[*],,288.0,
4757,[*]Nc1ccc(cc1)NC(=O)Cc1c(cc(c(c1)CC(=O)[*])C)C,208.0,,
1130,[*]OC(=O)CCCCC(=O)OCCCCCCCCCCCCCCCC[*],-15.0,86.0,
4078,[*]Oc1ccc(cc1)Oc1c(c(ccc1)Oc1ccc(cc1)Oc1ccc(cc1)c1ccc(cc1)[*])C(=O)c1c(cccc1)S(=O)(=O)O[Na],259.0,,
6490,[*]Oc1cc(ccc1)OC(=O)Oc1ccc(cc1)C(c1ccc(cc1)OC(=O)[*])(C)C,83.1,,
3674,[*]C1COC2C1OCC2OC(=O)c1ccc(cc1)N=Nc1ccc(cc1)C(=O)O[*],98.0,,
3286,[*]Oc1ccc(cc1)S(=O)(=O)c1cc2c(cc1)cc(cc2)S(=O)(=O)c1ccc(cc1)Oc1c(cc(cc1C)c1cc(c(c(c1)C)[*])C)C,280.0,,
9829,[*]CCCCCCCCNC(=O)Cc1ccc(CC(=O)N[*])cc1,,,5.1086
2675,[*]C(C[*])(C(=O)OCCCCCCOc1ccc(cc1)N=Nc1ccc(cc1)[N+](=O)[O-])C,108.0,,
8785,[*][Si](C[*])(c1ccccc1)c1ccccc1,,340.0,
983,[*]Oc1c(cc(cc1)Oc1ccc(cc1)C(=O)Nc1ccc(cc1)Cc1ccc(cc1)NC(=O)c1ccc(cc1)[*])c1ccccc1,218.0,,
449,[*]C(C[*])C(=O)Oc1c2c(ccc1)cccc2,85.0,,
2006,[*]O[Si](c1cc(ccc1)C(C(c1cc(ccc1)[Si]([*])(C)C)(F)F)(F)F)(C)C,-2.0,100.0,
11256,[*]Nc1cc(NC(=O)c2ccc(C([*])=O)cc2)ccc1Cl,,,3.7621
7832,[*]OC(=O)CCCCCNC(=O)CCCCC(=O)NCCCCCC(=O)OCCCCCCCCCCCC[*],,134.0,
12386,[*]c1ccc(-c2nc3cc(-c4ccc5nc([*])c(-c6ccc7ccccc7c6)nc5c4)ccc3nc2-c2ccc3ccccc3c2)cc1,,,2.9636
8607,[*]Oc1ccc(cc1)Oc1ccc(cc1)Oc1ccc(cc1)C(=O)Oc1ccc(cc1)OC(=O)c1ccc(cc1)[*],,345.0,
5027,[*]c1cc2c(C(=O)N(C2=O)c2ccc(cc2)Oc2ccc(cc2)N2C(=O)c3c(C2=O)cc(cc3)C(=O)Nc2ccc(cc2)c2ccc(cc2)NC(=O)[*])cc1,315.0,,
8074,[*]OC(=O)c1ccc(cc1)C(=O)NCCCNC(=O)c1ccc(cc1)C(=O)OCCCCCCCCCCCCCC[*],,208.0,
9595,[*]CCOC(=O)c1ccc(C(=O)O[*])cc1,,,4.6867
3899,[*]Oc1c(c2c(cc1)cccc2)Sc1c2c(ccc1OCC(=O)Nc1ccc(cc1)Oc1ccc(cc1)NC(=O)C[*])cccc2,245.0,,
6574,[*]N=C(NCCCCCCCCCC[*])C,5.0,60.0,
2840,[*]OP(=O)(Oc1ccc(cc1)C(c1ccc(cc1)[*])(C)C)Oc1ccc(cc1)Cl,71.0,,
11909,[*]Cc1cccc([*])c1O,,,4.4656
4037,[*]Oc1c(cc(cc1)Oc1c(c(c(c(c1F)F)c1c(c(c(c(c1F)F)[*])F)F)F)F)S(=O)(=O)O,120.0,,
2949,[*]Oc1ccc(cc1)C(c1ccc(cc1)Oc1ccc(cc1)C(=O)c1c2c(ccc1)cccc2C(=O)c1ccc(cc1)[*])(C)C,210.5,,
1897,[*]Oc1c(cc(cc1)C(c1cc(c(cc1)OC(=O)[*])C(C)C)(C)C)C(C)C,80.0,,
6221,[*]c1cc2c(C(=O)N(C2=O)c2cc(c(cc2)Oc2c(cc(cc2C(C)(C)C)c2ccc(cc2)N2C(=O)c3c(C2=O)cc(cc3)C([*])(C(F)(F)F)C(F)(F)F)C(C)(C)C)C(F)(F)F)cc1,362.5,,
9868,[*]CCNC(=O)CCCCC(=O)N[*],,,5.8254
11237,[*]C(=O)NNC(=O)c1cccc(C(=O)NNC(=O)c2ccc([*])nc2)n1,,,3.6092
11679,[*]Oc1ccc(C2(c3ccc(OC(=O)OC4C(C)(C)C(OC([*])=O)C4(C)C)cc3)CCC(C(C)(C)C)CC2)cc1,,,5.0195
11512,[*]C(=O)c1ccc2c(c1)C(=O)N(c1ccc(C3(c4ccc(N5C(=O)c6ccc([*])cc6C5=O)cc4)c4ccccc4-c4ccccc43)cc1)C2=O,,,2.3311
9794,[*]CC(F)(F)C(F)(F)C(F)(F)C(F)(F)COC(=O)C(F)(F)C(F)(F)C(F)(F)C(F)(F)C(=O)O[*],,,6.3052
10347,[*]CC(CC([*])(C#N)C#N)c1ccc(CCl)cc1,,,5.4178
2760,[*]C(C([*])(C(=C([2H])[2H])[2H])[2H])([2H])[2H],1.0,,
7780,[*]OC(=O)CCCCCCC(=O)[*],,65.5,
2151,[*]C(C[*])c1ccc(cc1)COCCC(C(C(C(F)(F)F)(F)F)(F)F)(F)F,13.0,,
2284,[*]C(=C[*])c1c(cccc1)C[Si](C)(C)C,170.0,,
2867,[*]ON(C(C([*])(SC(F)(F)F)F)(F)F)C(F)(F)F,-48.0,,
9383,[*]CCCCOc1ccc(C(=O)OC(=O)c2ccc(O[*])cc2)cc1,,,4.2843
9948,[*]C(=O)NCCCCCCNC(=O)c1cccc([*])n1,,,4.786
6007,[*]c1cc2c(C(=O)N(C2=O)c2ccc(cc2)NC(=O)Nc2ccc(cc2)N2C(=O)c3c(C2=O)cc(cc3)C(=O)Nc2ccc(cc2)C(=O)c2ccc(cc2)NC(=O)[*])cc1,212.0,,
12138,[*]C(=O)C(S1)=CC=C1C(S2)=CC=C2C(=S)[*],,,2.0098
12352,[*]OC([2H])([2H])C([*])([2H])C([2H])=C([2H])[2H],,,5.4798
1256,[*]Oc1cc(cc(c1)CCCCCCCCCCC)OC(=O)c1cc(ccc1)C(=O)[*],34.5,,
6907,[*]/C(=C\CC[*])/C(C)(C)C,,104.5,
5630,[*]c1sc2cc3c(cc2n1)sc(n3)c1ccc(cc1)Oc1cc(ccc1)n1c(=O)c2cc3c(cc2c1=O)c(=O)n(c3=O)c1cc(ccc1)Oc1ccc(cc1)[*],400.0,,
3578,[*]c1nc2c(c(c1)c1ccccc1)cc(cc2)Oc1cc2c(nc(cc2c2ccccc2)c2ccc(cc2)OCCN(CCOc2ccc(cc2)[*])c2ccc(cc2)C(=C(C#N)C#N)C#N)cc1,175.0,,
7477,[*]NC(=O)CCCCCCCCCCCCCCCCCCCCC(=O)NCCCCCC[*],,180.0,
1183,[*]OC(=O)CCCCC(=O)OCC(C(C(C[*])(F)F)(F)F)(F)F,-60.5,,
3585,[*]Oc1cc(ccc1)OC1(C(C(C1(F)F)(F)F)([*])F)F,32.0,,
628,[*]OCC(=O)NCCCCCCNC(=O)C[*],10.0,143.125,
2257,[*]C(C[*])n1c2c(c3ccccc3cc2)c2c1cccc2,285.5,,
12173,[*]NC(S1)=CC=C1C(=S)C(S2)=CC=C2[*],,,1.6616
4930,[*]NNC(=O)C=CC(=O)NCCCCCCNC(=O)C=CC(=O)[*],102.4,,
11241,[*]C(=O)NNC(=O)c1cccc(C(=O)NNC(=O)c2cccc([*])n2)c1,,,4.479
6833,[*]c1cc2C(c3c(c2cc1)ccc(c3)c1c(c(c(c(c1F)F)[*])F)F)(CCCCCCCC)CCCCCCCC,29.0,,
5288,[*]N1C(=O)c2c(C1=O)cc(cc2)Oc1c(cccc1)Oc1cc2c(C(=O)N(C2=O)c2ccc(cc2)Oc2ccc(cc2)[*])cc1,212.0,,
11265,[*]CCCCOC(=O)NNC(=O)CCCCCCCCC(=O)NNC(=O)O[*],,,6.1019
11602,[*]C(=O)c1ccc2c(c1O)C(=O)N(c1ccc(Oc3ccc(N4C(=O)c5ccc([*])c(O)c5C4=O)cc3)cc1)C2=O,,,2.4208
9843,[*]CCCC(CCNC(=O)c1ccc(C(=O)N[*])cc1)C(C)C,,,4.6978
2717,[*]C(C[*])(C(=O)OCCCCCCCCCCOc1ccc(cc1)N=Nc1ccc(cc1)OC)C,62.0,104.0,
8801,[*][Si](c1ccc(cc1)[*])(Cl)C,,300.0,
7881,[*]OC(=O)Cc1ccc(cc1)CC(=O)OCC[*],,117.875,
6880,[*]C(C[*])(C(=O)OCC(C(F)(F)F)(F)F)F,99.0,219.85,
4169,[*]S(=O)(=O)c1cc(c(cc1)Sc1ccc(cc1)Sc1ccc(cc1)Sc1c(cc(cc1)[*])S(=O)(=O)O)S(=O)(=O)O,202.0,,
3010,[*]c1c2c(c(nn1)c1ccc(cc1)Oc1ccc(cc1)Oc1ccc(cc1)[*])c(c(c(c2c1ccc(cc1)F)c1ccc(cc1)F)c1ccc(cc1)F)c1ccc(cc1)F,303.0,,
1491,[*]NC(=O)CC(c1ccc(cc1)C(CC(=O)NCCCCCC[*])(C)C)(C)C,91.0,193.0,
7328,[*]NC(=O)C(=O)NCCCCNC(=O)CCCCCCC(=O)NCCCC[*],,310.0,
12380,[*]CCC(Cl)=C([*])Cl,,,5.2834
4071,[*]Oc1cc2c(cc1)ccc(c2)OCCNC(=O)c1ccc(cc1)C(=O)NCC[*],159.0,,
4891,[*]c1ccc2c(nc([nH]2)c2ccc(cc2)C(=O)Nc2cc(ccc2)C(=O)Nc2cc(ccc2)NC(=O)[*])c1,292.0,,
8219,[*]OC1CCC(CC1)OC(=O)NCCSCCCCCCSCCNC(=O)[*],,202.0,
3129,[*]Oc1ccc(cc1)C1(c2ccccc2c2ccccc12)c1ccc(cc1)Oc1ccc(cc1)C=NN=Cc1ccc(cc1)[*],227.0,,
1820,[*]N(C(=O)c1c(cc(cc1)C(=O)[*])Sc1ccccc1)c1ccccc1,152.0,,
7278,[*]N1CCN(CC1)C(=O)COCCOCC(=O)[*],,165.0,
11419,[*]CCN(CCOC(=O)Nc1ccc(C)c(NC(=O)O[*])c1)c1ccc(-c2c(NCCCO)c(=O)c2=O)cc1,,,3.2653
878,[*]Oc1cc(c(cc1)C(=O)c1ccccc1)c1c(ccc(c1)Oc1ccc(cc1)c1ccc(cc1)[*])C(=O)c1ccccc1,174.0,,
4095,[*]Sc1ccc(cc1)C(=O)c1ccc(cc1)C(c1ccc(cc1)C(=O)c1ccc(cc1)[*])(C(F)(F)F)C(F)(F)F,175.0,,
1176,[*]Oc1cc(ccc1)C(=O)[*],142.33,193.0,
3529,[*]c1oc(nn1)c1ccc(cc1)c1oc(nn1)CCCOc1c(cc(cc1)OCCC[*])C,125.5,,
10959,[*]c1ccc(-c2cc(-c3ccc(CCCCCCCC)cc3)c([*])s2)s1,,,1.5651
12420,[*]C=C([*])c1ccc([N+](=O)[O-])cc1,,,0.7984
2669,[*]C(C[*])(C(=O)OC1CCOCC1)C,153.5,,
11573,[*]c1ccc(C(=O)Nc2ccc(NC(=O)c3ccc(-n4c(=O)c5sc6c(=O)n([*])c(=O)c6sc5c4=O)cc3)cc2)cc1,,,1.4889
8281,[*]OCCCCCC(=O)NCCCCCCNC(=O)CCCCC[*],,175.0,
1040,[*]SCCC[*],-61.5,65.39090909,
8989,[*]c1sc(cc1)[Si](c1sc(cc1)[Si]([*])(C)C)(C)C=C,,144.0,
12184,[*]NC(C=C1)=CC=C1C(C=C2)=CC=C2C[*],,,4.0005
1041,[*]SCC(C[*])(C)C,-51.03,58.11428571,
3220,[*]c1nc(ccc1)Oc1ccc(cc1)c1ccc(cc1)O[*],119.0,,
10929,[*]c1cc(CCCCCCCCCCBr)c([*])s1,,,2.4923
3714,[*]C1OCCCC1C1C(=O)OC(=O)C1[*],210.0,,
1241,[*]Oc1ccc(cc1)C(c1ccc(cc1)OC(=O)c1cc(ccc1)C(C(C(c1cc(ccc1)C(=O)[*])(F)F)(F)F)(F)F)(C)C,122.0,,
9802,[*]CCCCCCNC(=O)CCCCCCCCCCC(=O)N[*],,,5.7224
11934,[*]CCc1ccc([*])c(Cl)c1Cl,,,5.1237
1612,[*]Nc1ccc(cc1)Cc1ccc(cc1)NC(=O)NCCCCCCCCCCCCCCCCCCNC(=O)[*],48.0,225.0,
7411,[*]NC(=O)CCCCCCC(=O)NC[*],,275.925,
6973,[*]C(C([*])c1ccccc1)[N+](=O)[O-],,285.0,
3498,[*]Oc1ccc(cc1)CC(NC(=O)CCc1ccc(cc1)OC(=O)COCCOCC(=O)[*])C(=O)OCc1ccccc1,55.0,,
8972,[*]c1sc(cc1)C(=O)NCCCCCCNC(=O)[*],,302.0,
4493,[*]Oc1ccc(cc1)OC(=O)c1c(cc(c(c1)OCCCCOCC1N(CCC1)c1ccc(cc1)[N+](=O)[O-])C(=O)[*])OCCCCOCC1N(CCC1)c1ccc(cc1)[N+](=O)[O-],68.0,,
2625,[*]C(C[*])C(=O)Oc1ccc(cc1)[N+](=O)[O-],73.3,,
3510,[*]Oc1ccc(cc1)CC(NC(=O)Cc1ccc(cc1)OC(=O)COCC(=O)[*])C(=O)OCCCCCCCC,51.0,,
2569,[*]C(C[*])(C(=O)OC1C(CCCC1)C(C)(C)C)C,156.13,,
8887,[*]c1nc(cc(c1)O)C(=O)NCCCCCCNC(=O)[*],,178.0,
1428,[*]S(=O)(=O)c1cc(ccc1)NC(=O)CCCCCCCC(=O)Nc1cc(ccc1)[*],125.0,,
8920,[*]c1ncc(cc1)C(=O)NNC(=O)c1sc(cc1)C(=O)NNC(=O)[*],,360.0,
11580,[*]C(=O)c1ccc2c(c1)C(=O)N(c1cccc(C(c3ccccc3)(c3cccc(N4C(=O)c5ccc([*])cc5C4=O)c3)C(F)(F)F)c1)C2=O,,,2.9326
5416,[*]N1C(=O)C(=C(C1=O)c1ccccc1)c1ccc(cc1)C1=C(C(=O)N(C1=O)c1ccc(cc1)Oc1ccc(cc1)[*])c1ccccc1,275.0,,
8795,[*][Si](c1ccc(cc1)[*])(CCCC)CCCC,,57.0,
4208,[*]c1ccc2N(c3c(Sc2c1)cc(cc3)C=C[*])c1ccc(cc1)OCCCCCCCCCCCC,129.0,,
8496,[*]Oc1ccc(cc1)C(=O)OCCCCCCOC(=O)CCCC[*],,60.0,
1393,[*]NC(=O)CCCCCCCCCCCC(=O)NCc1ccc(cc1)C[*],100.0,247.0,
10736,[*]C=Nc1ccc(N=Cc2ccc(Sc3ccc([*])o3)o2)cc1,,,2.5795
5651,[*]c1cc2c(C(=O)N(C2=O)c2c(ccc(c2)C(c2cc(c(cc2)OCCN(c2ccc(cc2)N=Nc2ccc(cc2)[N+](=O)[O-])CC)N2C(=O)c3c(C2=O)cc(cc3)C([*])(C(F)(F)F)C(F)(F)F)(C(F)(F)F)C(F)(F)F)OCCN(c2ccc(cc2)N=Nc2ccc(cc2)[N+](=O)[O-])CC)cc1,199.0,,
5468,[*]c1cc2c(C(=O)N(C2=O)c2ccc(cc2)Cc2ccc(cc2)Cc2ccc(cc2)Cc2ccc(cc2)N2C(=O)c3c(C2=O)cc(cc3)C(=O)[*])cc1,302.0,,
3100,[*]OCC(C[*])(CS(=O)(=O)CCCC)CS(=O)(=O)CCCC,66.0,143.0,
9088,[*]CC([*])C,,,6.5196
4700,[*]Nc1ccc(cc1)Cc1ccc(cc1)NC(=O)c1cc(cc(c1)N1C(=O)C2C(C1=O)C1C=CC2C1)C(=O)[*],303.0,,
4364,[*]Oc1c(cc(cc1)C=C1C(=O)C(=Cc2cc(c(cc2)OC(=O)CCCCCCCCC(=O)[*])OC)CCC1)OC,48.05,,
4421,[*]OC(=O)CCCCC(=O)OCCN(CC[*])c1ccc(cc1)C=NN(c1ccccc1)c1ccccc1,54.0,,
699,[*]c1nc2c(nc1c1ccccc1)cc(cc2)Oc1cc2c(nc(c(n2)c2ccccc2)c2ccc(cc2)[*])cc1,304.0,,
6645,[*]Nc1ccc(cc1)Nc1ccc(cc1)C(=O)c1ccc(cc1)C(=O)c1ccc(cc1)[*],203.5,,
6799,[*]S(=O)(=O)C(C=CC[*])CC,70.1,,
4379,[*]Oc1ccc(cc1)NC(=O)c1ccc(cc1)[Si](c1ccc(cc1)C(=O)[*])(c1ccccc1)c1ccccc1,235.0,,
1683,[*]c1cc2c(C(=O)N(C2=O)c2cc(ccc2)C(=O)c2ccc(cc2)Cc2cc(ccc2)N2C(=O)c3c(C2=O)cc(cc3)C(=O)[*])cc1,265.5,,
9379,[*]CC(=O)OC(=O)COc1ccc(O[*])cc1,,,4.4922
7919,[*]OC(=O)NCCCOCCCNC(=O)OCC[*],,125.0,
7575,[*]NC1C(C1)NC(=O)c1cc(ccc1)C(=O)[*],,250.0,
5729,[*]N1C(=O)c2c(C1=O)cc(cc2)Oc1cc2c(C(=O)N(C2=O)c2cc(ccc2)P(=O)(c2cc(ccc2)[*])c2ccccc2)cc1,251.0,,
5025,[*]Nc1cc(cc(c1)C(=O)Nc1c2C(=O)c3c(C(=O)c2ccc1)cccc3)NC(=O)NC1CCC(CC1)CC1CCC(CC1)NC(=O)[*],156.0,,
5737,[*]c1cc2c(C(=O)N(C2=O)c2ccc(cc2)Oc2ccc(cc2)C2(C3C4C(CCC4)C(C2)C3)c2ccc(cc2)Oc2ccc(cc2)N2C(=O)c3c(C2=O)cc(cc3)C(=O)Nc2ccc(cc2)Oc2c(cc(cc2)Oc2ccc(cc2)NC(=O)[*])C(C)(C)C)cc1,275.0,,
5800,[*]N1C(=O)c2c(C1=O)cc(cc2)Oc1cc(ccc1)Oc1cc2c(C(=O)N(C2=O)c2ccc(cc2)Oc2ccc(cc2)c2ccc(cc2)Oc2ccc(cc2)[*])cc1,196.5,313.5714286,
11699,[*]CCCCCCn1cc2c(n1)C(=O)c1cn([*])nc1C2=O,,,4.1587
8502,[*]Oc1ccc(cc1)C(=O)OCCOC(=O)CCC[*],,85.0,
6234,[*]c1cc2c(C(=O)N(C2=O)c2cc(c(cc2)Oc2c(cc(cc2)N2C(=O)c3c(C2=O)cc(cc3)C(=O)[*])Br)Br)cc1,296.0,,
6230,[*]c1c2c(C(=O)N(C2=O)N2C(=O)c3c(C2=O)c(ccc3)Sc2ccc(cc2)Sc2ccc(cc2)S[*])ccc1,266.0,,
10159,[*]c1ccc(Oc2ccc(C(=O)c3cccc(C(=O)c4ccc(Oc5ccc(-n6c(=O)c7cc8c(=O)n([*])c(=O)c8cc7c6=O)cc5)cc4)c3)cc2)cc1,,,2.3756
1364,[*]NC(=O)C(=CC(=O)NCCCCCC[*])C,94.0,,
5567,[*]N1C(=O)c2c(C1=O)cc(cc2)c1cc2c(C(=O)N(C2=O)c2cc(c(c(c2)C(=O)OCCCCCCCCCCCCCCCCCC)c2c(cc(cc2Br)[*])C(=O)OCCCCCCCCCCCCCCCCCC)Br)cc1,83.5,,
8240,[*]OCC(C[*])(CSCCC)CSCCC,,49.0,
6006,[*]c1cc2c(C(=O)N(C2=O)c2ccc(cc2)NC(=O)Nc2ccc(cc2)N2C(=O)c3c(C2=O)cc(cc3)C(=O)Nc2ccc(cc2)NC(=O)[*])cc1,216.0,,
11796,[*]c1ccc(-c2ccc([*])nc2)cn1,,,3.5855
5897,[*]c1cc2c(C(=O)N(C2=O)c2ccc(cc2)Cc2ccc(cc2)N2C(=O)c3c(C2=O)cc(cc3)C(=O)Nc2ccc(cc2)Oc2c(cccc2)c2c(cccc2)Oc2ccc(cc2)NC(=O)[*])cc1,240.0,,
5285,[*]c1cc2c(C(=O)N(C2=O)c2cc(ccc2)C(=O)Nc2ccc(cc2)Oc2ccc(cc2)NC(=O)c2cc(ccc2)N2C(=O)c3c(C2=O)cc(cc3)C([*])(C(F)(F)F)C(F)(F)F)cc1,298.0,,
8391,[*]Oc1c(cc(cc1)OC(=O)c1ccc(cc1)C(=O)[*])Cl,,360.0,
6949,[*]C(=C)C[*],,104.6666667,
4601,[*]OC(=O)C(NC(=O)C=CC(=O)NC(C(=O)OCCCCCC[*])Cc1ccccc1)Cc1ccccc1,92.0,216.0,
10612,[*]CC(CS(=O)(=O)CCCCC)O[*],,,6.4419
8091,[*]OC(=O)c1ccc(cc1)C(=O)OCCCCCC(=O)NCCNC(=O)CCCCC[*],,168.75,
11019,[*]Oc1ccc(C2(c3ccc(OC(=O)c4ccc(C([*])=O)cc4)cc3)c3ccccc3C(=O)c3ccccc32)cc1,,,3.4566
12266,[*]C(F)(F)C(F)(F)C(=O)C(S1)=CC=C1[*],,,3.8794
4767,[*]NC(C(=O)[*])CCC(=O)OCc1ccc(cc1)C(F)(F)F,26.57,281.6,
10213,[*]OC(=O)CS(=O)(=O)CCS(=O)(=O)CC([*])=O,,,5.7619
2191,[*]C(C[*])c1ccc(cc1)OCCOCCOC(=O)C,-3.0,,
255,[*]C(C[*])OC(=O)CCCC1CCCCC1,-10.0,,
2847,[*]OP(=O)(Oc1c(c(c(c(c1Cl)Cl)[*])Cl)Cl)Oc1c(cc(cc1Cl)Cl)Cl,127.0,,
1878,[*]Oc1ccc(cc1)Cc1ccc(cc1)OC(=S)[*],95.0,,
3036,[*]OC(=O)c1ccc(cc1)c1ccc(cc1)c1ccc(cc1)C(=O)OCCOCCOCCOCCOCCOCCOCCOCCOCCOCC[*],13.33,,
424,[*]C(C[*])C(=O)N1CCCCC1,108.0,,
12153,[*]C(=O)C(C=C1)=CC=C1C(=O)C(S2)=CC=C2[*],,,3.618
2876,[*]Oc1cc(c(cc1)C=NN=Cc1c(cc(cc1)OCCCCCCCCCCCC[*])O)O,89.0,251.0,
4000,[*]C1COC2C1OCC2OC(=O)CCC(=O)O[*],77.0,,
4900,[*]Nc1ccc(cc1)Cc1ccc(cc1)NC(=O)c1ccc(cc1)P(=O)(c1ccc(cc1)C(=O)[*])c1ccccc1,307.0,,
8720,[*]SCCCCCC(=O)NCCc1ccc(cc1)CCNC(=O)CCCCC[*],,251.0,
10606,[*]Oc1ccc(C(=O)OCCOCCOC(=O)c2ccc(OC([*])=O)cc2)cc1,,,4.6582
6718,[*]O[Si]([*])(CCCOc1ccc(cc1)C(=O)Oc1ccc(cc1)c1ccc(cc1)OC(=O)c1cc(c(c(c1)OCCCCC)OCCCCC)OCCCCC)C,48.67,,
1530,[*]OC(=O)NCCCCCCNC(=O)OCCCC[*],38.12,,
12439,[*]CCCCCCCC[N+](C)(C)CCCCCC[N+]([*])(C)C,,,0.1032
2718,[*]C(C[*])(C(=O)OCC[N+](CCCCCCC)(C)C)C,-44.0,,
9189,[*]CC([*])C(=O)OCC(F)(F)C(F)(F)C(F)(F)C(F)(F)C(F)(F)C(F)(F)C(F)(F)F,,,6.2833
9923,[*]Nc1ccc(NC(=O)CCCCC([*])=O)cc1,,,4.5219
5753,[*]N1C(=O)c2c(C1=O)cc(cc2)C(=O)c1cc2c(C(=O)N(C2=O)CCCCCOC(=O)OCCCCC[*])cc1,77.0,131.0,
3927,[*]OP(=O)(OCCCCCCOc1c(cc(cc1)C=C1C(=O)C(=Cc2cc(c(cc2)OCCCCCC[*])OC)CC1)OC)OCC,75.0,123.0,
1756,[*]N1C(=O)c2c(C1=O)c(ccc2)Oc1ccc(cc1)Oc1c2c(C(=O)N(C2=O)c2cc(ccc2)[*])ccc1,259.0,,
3603,[*]C1OC(C(C(C1N)O)O[*])CO,122.0,137.0,
1617,[*]N1C(=O)C2OC3C(C2C1=O)C(=O)N(C3=O)c1ccc(cc1)c1c(nc2c(n1)cc(cc2)c1cc2c(nc(c(n2)c2ccc(cc2)[*])c2ccccc2)cc1)c1ccccc1,230.0,,
1739,[*]N1C(=O)c2c(C1=O)cc(cc2)Oc1ccc(cc1)Sc1ccc(cc1)Oc1cc2c(C(=O)N(C2=O)c2ccc(cc2)Oc2cc(ccc2)Oc2ccc(cc2)[*])cc1,178.0,,
8255,[*]OCCCC(=O)NCCCCCOCCCCCNC(=O)CCC[*],,137.0,
7013,[*]C(C[*])C(=O)OCCCCCCCCCCCCCCCC,,37.71666667,
5474,[*]N1C(=O)C(=C(C1=O)Cl)Oc1ccc(cc1)C(c1ccc(cc1)OC1=C(C(=O)N(C1=O)c1ccc(cc1)Oc1ccc(cc1)[*])Cl)(C)C,175.0,,
11519,[*]C1(C)CC([*])(C)C(=O)N(C)C1=O,,,5.3373
2205,[*]C(C[*])c1cc[n+](cc1)CCCCCCCC,94.5,,
9364,[*]CCCCCCCCCCC(=O)NCCCCCOCCCCCNC(=O)CCCCO[*],,,5.6858
7738,[*]OC(=O)CCC(=O)OCCNC(=O)c1ccc(cc1)c1ccc(cc1)C(=O)NCC[*],,303.5,
7064,[*]C(C[*])OC(C)(C)C,,226.5,
3889,[*]Oc1c(cc(cc1)Oc1ccc(cc1)C(=O)c1ccc(cc1)C(=O)c1ccc(cc1)[*])c1ccccc1,166.0,,
308,[*]C(=CCCC[*])c1ccccc1,0.0,,
12190,[*]NC(C=C1)=CC=C1C(=S)C(C=C2)=CC=C2[*],,,2.322
6537,[*]c1c(nc2c(c1c1ccccc1)cc(cc2)c1cc2c(nc(c(c2c2ccccc2)c2ccc(cc2)c2ccc(cc2)[*])c2ccccc2)cc1)c1ccccc1,372.0,530.0,
4159,[*]c1sc(cc1SCCCCCCCCCCCC)c1sc(c(c1)SCCCCCCCCCCCC)c1ccc(cc1)[*],60.35,,
5358,[*]c1cc2c(C(=O)N(C2=O)c2cc(cc(c2)C(F)(F)F)N2C(=O)c3c(C2=O)cc(cc3)C([*])(C(F)(F)F)C(F)(F)F)cc1,284.0,,
7135,[*]C=CC(C([*])C(=O)OCc1ccc(cc1)Br)C(=O)OCc1ccc(cc1)Br,,305.4,
3435,[*]Oc1c(cc(cc1Cl)C(c1cc(c(c(c1)Cl)OC(=O)c1ccc(cc1)OCCCCCCCCCCOc1ccc(cc1)C(=O)[*])Cl)(C)C)Cl,140.0,,
5577,[*]c1cc2c(C(=O)N(C2=O)c2ccc(cc2)C(c2ccc(cc2)N2C(=O)c3c(C2=O)cc(cc3)C(=O)c2cc(ccc2)C(=O)[*])(C(F)(F)F)C(F)(F)F)cc1,262.5,,
10838,[*]CCCCOC(=O)CCCCSCCCCC(=O)O[*],,,5.4021
701,[*]Oc1ccc(cc1)Cc1ccc(cc1)OCC(C[*])O,80.0,,
10796,[*]Oc1ccc(C(=O)Nc2cc(NC(=O)c3ccc([*])cc3)cc(-c3nc4ccccc4[nH]3)c2)cc1,,,3.5407
12165,[*]NC(S1)=CC=C1C(S2)=CC=C2C(S3)=CC=C3[*],,,2.2573
11186,[*]NC(C)(CCC)CC([*])=O,,,6.1134
10022,[*]Nc1ccc(NC(=O)CCCCCC([*])=O)cc1,,,4.5224
8102,[*]OC(=O)c1ccc(cc1)C(=O)OCCNC(=O)c1cc(ccc1)C(=O)NCC[*],,233.0,
4558,[*]OC(=O)NCCCCCCNC(=O)OCCCCCOC(=O)c1c(cccc1)C(=O)O[Pb]OC(=O)c1c(cccc1)C(=O)OCCCCC[*],-19.2,,
9457,[*]CCOCCOCCOC(=O)CCCCCC(=O)O[*],,,6.1082
10142,[*]CCCCCCCCCn1c(=O)c2cc3c(=O)n([*])c(=O)c3cc2c1=O,,,3.7854
7398,[*]NC(=O)CCCC[*],,260.0,
7811,[*]OC(=O)CCCCCCCCC(=O)OCCNC(=O)c1ccc(cc1)c1ccc(cc1)C(=O)NCC[*],,271.5,
8663,[*]S(=O)(=O)NCc1ccc(cc1)CNS(=O)(=O)c1cc(ccc1)[*],,167.5,
8448,[*]Oc1ccc(cc1)/C=C/C(=O)[*],,313.0,
7550,[*]NC(CC(=O)[*])C(=O)OCCCCCC,,307.0,
7215,[*]N(c1c(cc(cc1)Cc1cc(c(cc1)N(C(=O)c1ccc(cc1)C(=O)[*])C)C)C)C,,228.0,
4395,[*]Oc1ccc(cc1)CC(NC(=O)CCc1ccc(cc1)OC(=O)CCCCC(=O)[*])C(=O)OCCCC,45.0,,
3671,[*]Oc1ccc(cc1)NC(=O)c1ccc(cc1)NC(=O)c1ccc(cc1)[Si](c1ccc(cc1)C(=O)Nc1ccc(cc1)C(=O)Nc1ccc(cc1)[*])(C)C,304.0,,
8680,[*]SC(=O)CCC(=O)SCC[*],,194.0,
5952,[*]N1C(=O)C2CCC3C(C2C1=O)C(=O)N(C3=O)c1ccc(cc1)Oc1ccc(cc1)Oc1ccc(cc1)[*],274.0,,
5860,[*]c1cc2c(C(=O)N(C2=O)c2c(cc(cc2)c2cc(c(cc2)N2C(=O)c3c(C2=O)cc(cc3)C([*])(C(F)(F)F)C(F)(F)F)OCCCCCCOc2ccc(cc2)/C=C/c2ccc(cc2)F)OCCCCCCOc2ccc(cc2)/C=C/c2ccc(cc2)F)cc1,140.0,,
6570,[*]Nc1cc(ccc1)NC(=C(C#N)C#N)c1cc(ccc1)C(=C(C#N)C#N)[*],278.0,,
2638,[*]C(C[*])C(=O)OCCCCOc1ccc(cc1)c1ccc(cc1)C#N,30.0,,
12055,[*]CCCC(C=C1)=CC=C1[*],,,4.9932
7298,[*]N1CCN(CC1)CCC(=O)Oc1ccc(cc1)OC(=O)CC[*],,189.0,
5004,[*]NC(=S)NCCCCC[*],55.0,,
2411,[*]C(C[*])(CC(=O)OCCOC)C(=O)OCCOC,29.0,,
8618,[*]Oc1ccc(cc1)SSCCCCCCCCCCSSc1ccc(cc1)[*],,80.0,
11218,[*]c1ccc(NC(=O)c2ccc(C(=O)Nc3ccc(-c4nc5ccc(-c6ccc7nc([*])[nH]c7c6)cc5[nH]4)cc3)cc2)cc1,,,2.5692
8829,[*]c1c2ccccc2c(c2ccccc12)CC[*],,323.125,
8652,[*]S(=O)(=O)NCCC[*],,258.5,
11621,[*]C(=O)c1ccc2c(c1)C(=O)N(c1ccc(Oc3ccc(N4C(=O)c5ccc([*])cc5C4=O)cc3Br)c(Br)c1)C2=O,,,2.6114
3787,[*]Oc1ccc(cc1)Oc1ccc(cc1)C=Nc1ccc(cc1)N=Cc1ccc(cc1)[*],117.0,,
10492,[*]C#CC=C[*],,,1.1342
11925,[*]C(C#N)=C(c1ccccc1)c1ccc([*])cc1,,,4.0078
5074,[*]N1C(=O)c2c(C1=O)cc(cc2)c1cc2c(C(=O)N(C2=O)c2ccc(cc2)c2ccc(cc2)NC(=O)c2cc(ccc2)C(=O)Nc2ccc(cc2)c2ccc(cc2)[*])cc1,230.0,,
3755,[*]Oc1ccc(cc1)N(c1ccc(cc1)c1ccc(cc1)N(c1ccc(cc1)OCCCCCC[*])c1ccccc1)c1ccccc1,128.0,,
5241,[*]c1c(c2c(C(=O)N(C2=O)c2cc(ccc2)N2C(=O)c3c(C2=O)c(c(c(c3c2ccccc2)c2ccccc2)c2ccc(cc2)Oc2ccc(cc2)[*])c2ccccc2)c(c1c1ccccc1)c1ccccc1)c1ccccc1,357.0,,
7367,[*]NC(=O)C(CCCC[*])N,,164.85,
6866,[*]c1c(cc(c(c1)OC)C=C[*])OCCCCCCCCCCCC,36.0,,
4855,[*]NC(=O)CCCCCCCCCCCCCCCCCCC(=O)NCCCCCCCCCCC[*],29.0,,
7908,[*]OC(=O)NCCCCCC(=O)OCCCCC[*],,70.0,
11199,[*]Nc1ccc(-c2ccc(NC(=O)c3cc(C(=O)O)c(C([*])=O)cc3C(=O)O)cc2)cc1,,,3.2555
9486,[*]ON(C(F)(F)F)C(F)(F)C([*])(F)F,,,7.1742
10192,[*]C(=O)NCCNC(=O)c1ccc(N2C(=O)c3ccc([*])cc3C2=O)cc1,,,3.6854
11902,[*]OS(=O)(=O)c1cc(C)c([*])c(C)c1,,,4.7278
7227,[*]N1C(=O)C(CC1=O)Oc1ccc(cc1)C=Nc1ccc(cc1)Oc1ccc(cc1)N=Cc1ccc(cc1)OC1C(=O)N(C(=O)C1)c1ccc(cc1)CCc1ccc(cc1)[*],,166.5,
9119,[*]CC([*])c1ccc(C)c(C)c1,,,4.4861
941,[*]N1C(=O)c2c(C1=O)cc(cc2)Oc1cc2c(cc1)ccc(c2)Oc1cc2c(C(=O)N(C2=O)c2c(cc(cc2C)Cc2cc(c(c(c2)C)[*])C)C)cc1,272.0,,
8378,[*]Oc1c(cc(cc1)C=Nc1ccc(cc1)c1ccc(cc1)N=Cc1cc(c(cc1)OC(=O)CCCCC(=O)[*])OC)OC,,215.0,
5560,[*]c1cc2c(C(=O)N(C2=O)c2ccc(cc2)OC(COc2ccc(cc2)N2C(=O)c3c(C2=O)cc(cc3)C([*])(C(F)(F)F)C(F)(F)F)C)cc1,234.0,,
9357,[*]CCCCCCC(=O)NCCCCCOCCCCCNC(=O)CCCO[*],,,5.944
7613,[*]Nc1c(cc(cc1)NC(=O)c1c(cc(c(c1)OCCCCCCCCCCCC)C(=O)[*])OCCCCCCCCCCCC)Oc1ccccc1,,404.75,
6,[*]C(C[*])CC(C)C,45.5,231.7717391,
10507,[*]CC(O)COc1ccc(S(=O)(=O)c2ccc(O[*])c(C)c2)cc1C,,,4.1274
6330,[*]c1cc2c(C(=O)N(C2=O)c2ccc(cc2)Oc2c(c(ccc2)Oc2ccc(cc2)N2C(=O)c3c(C2=O)cc(cc3)C(=O)Nc2ccc(cc2)Oc2c(c(ccc2)Oc2ccc(cc2)NC(=O)[*])C#N)C#N)cc1,220.0,,
5905,[*]c1cc2c(C(=O)N(C2=O)c2ccc(cc2)Oc2ccc(cc2)C(c2ccc(cc2)Oc2ccc(cc2)N2C(=O)c3c(C2=O)cc(cc3)C(=O)Nc2ccc(cc2)Oc2c(cccc2)c2c(cccc2)Oc2ccc(cc2)NC(=O)[*])(C)C)cc1,229.0,,
11411,[*]CCCCNC(=O)NCCCCCCNC(=O)O[*],,,5.9887
6419,[*]Oc1ccc(cc1)C1(c2c(CC1)cccc2)c1ccc(cc1)OC(=O)[*],219.0,,
9139,[*]CC([*])OCc1ccccc1,,,5.0639
1741,[*]N1C(=O)c2c(C1=O)c(ccc2)Oc1ccc(cc1)S(=O)(=O)c1ccc(cc1)Oc1c2c(C(=O)N(C2=O)c2cc(ccc2)[*])ccc1,266.0,,
3710,[*]Oc1ccc(cc1)S(=O)(=O)c1ccc(cc1)Oc1c(cc(c(c1)C)C(c1c(cc(c(c1)C(C)C)[*])C)c1c(cccc1)C(=O)O)C(C)C,240.0,,
10810,[*]Oc1ccc(C(=O)CNNCC(=O)c2ccc([*])cc2)cc1,,,4.1658
10025,[*]NC(Cc1ccccc1)C([*])=O,,,5.5152
5745,[*]N1C(=O)c2c(C1=O)cc(cc2)Oc1ccc(cc1)C1(CCC(CC1)C(C)(C)C)c1ccc(cc1)Oc1cc2c(C(=O)N(C2=O)c2ccc(cc2)Oc2cc(c(cc2)c2c(cc(cc2)Oc2ccc(cc2)[*])C)C)cc1,236.0,,
8697,[*]SC(=O)CCCCCCCCCCC(=O)SCC[*],,126.0,
1973,[*]c1nc(nc(n1)N(CCCCN([*])c1ccccc1)c1ccccc1)c1ccccc1,89.5,,
10619,[*]CC(CO[*])(CS(=O)(=O)CC)CS(=O)(=O)CC,,,5.0473
12299,[*]C(C=C1)=CC=C1C(C=C2)=CC=C2C(S3)=CC=C3C(=S)[*],,,2.3302
4070,[*]Oc1c2c(ccc1)cc(cc2)OCCNC(=O)c1cc(ccc1)C(=O)NCC[*],155.5,,
4303,[*]OC(CC(=O)[*])CCCCC,-34.5,58.66666667,
5364,[*]c1c2C(=O)N(C(=O)c2c(c2ccccc12)c1ccc(cc1)Oc1ccc(cc1)C(=O)c1ccc(cc1)Oc1ccc(cc1)[*])c1ccc(cc1)F,290.0,,
10219,[*]OC(=O)c1ccc(CCCCCc2ccc(C([*])=O)cc2)cc1,,,4.7446
12362,[*]N1C(=O)c2ccc(N3C(=O)C4CCC(C5CCC6C(=O)N([*])C(=O)C6C5)CC4C3=O)cc2C1=O,,,4.0715
2932,[*]c1oc(nn1)c1ccc(cc1)Oc1cc(ccc1)NC(=O)c1cc(cc(c1)N1C(=O)c2c(C1=O)c(c(c(c2Cl)Cl)Cl)Cl)C(=O)Nc1cc(ccc1)Oc1ccc(cc1)[*],275.0,,
11820,[*]C=Cc1ccc([*])n1C,,,1.53
172,[*]C(C[*])c1ccc(cc1)C(=O)c1ccc(cc1)OC,103.0,,
11154,[*]CCCCCCCCCCOC(=O)CCCCCCCCCCC(=O)O[*],,,6.8187
6201,[*]N1C(=O)c2c(C1=O)cc(cc2)Oc1cc2c(C(=O)N(C2=O)c2cc(cc(c2)OCCCCCCCCCCCC)[*])cc1,162.0,,
2308,[*]C(C[*])(CC(=O)OCC)C(=O)O,135.0,,
6372,[*]Nc1cc(ccc1)NC(=O)c1cc(ccc1)C(=O)Nc1cc(ccc1)NC(=S)NC(=O)c1cc(ccc1)C(=O)NC(=S)[*],244.0,,
9272,[*]C=CC(C)C([*])C(=O)OCCCC,,,5.2364
2879,[*]O[Si](O[Si](Oc1c(cc(cc1C)c1cc(c(c(c1)C)[*])C)C)(C)C)(C)C,55.0,,
5052,[*]N1C(=O)c2c(C1=O)cc(cc2)C(=O)Oc1ccc(cc1)c1ccc(cc1)OC(=O)CCCCC[*],118.0,289.0,
2716,[*]C(C[*])(C(=O)OCCCCCCCCCCOc1ccc(cc1)N=Nc1ccccc1)C,56.0,123.0,
7532,[*]NC(=O)c1ccc(cc1)CC(=O)NCC[*],,221.0,
5300,[*]N1C(=O)c2c(C1=O)cc(cc2)P(=O)(c1cc2c(C(=O)N(C2=O)c2ccc(cc2)Oc2ccc(cc2)[*])cc1)c1ccccc1,318.0,,
2727,[*]C(C[*])(C(=O)OCc1cc(c(cc1)OCCOCCOCCOCC)OCCOCCOCCOCC)C,-92.0,,
10051,[*]CCCCCCCCCOC(=O)NCCCCCCNC(=O)O[*],,,6.2165
5238,[*]c1c(c2c(C(=O)N(C2=O)c2ccc(cc2)N2C(=O)c3c(C2=O)c(c(c(c3c2ccccc2)c2ccccc2)c2ccc(cc2)Oc2ccc(cc2)[*])c2ccccc2)c(c1c1ccccc1)c1ccccc1)c1ccccc1,418.5,,
1199,[*]Oc1c(cc(cc1C)C(c1cc(c(c(c1)C)OC(=O)CCCCC(=O)[*])C)(C)C)C,93.0,,
9989,[*]CNC(=O)CC(=O)N[*],,,6.3692
3241,[*]Oc1ccc(cc1)Oc1ccc(cc1)C(=Nc1ccc(cc1)N=C(c1ccc(cc1)[*])c1ccccc1)c1ccccc1,176.0,,
10540,[*]Oc1c(Cl)cc([*])cc1Cl,,,4.3426
10160,[*]c1ccc(Oc2cccc(Oc3ccc(-n4c(=O)c5cc6c(=O)n([*])c(=O)c6cc5c4=O)cc3)c2)cc1,,,2.3531
2990,[*]c1cc2c(oc(n2)c2ccc(cc2)c2oc3c(n2)cc(cc3)C([*])(C(F)(F)F)C(F)(F)F)cc1,353.5,,
9384,[*]CCCCCOc1ccc(C(=O)OC(=O)c2ccc(O[*])cc2)cc1,,,4.4013
12298,[*]C(C=C1)=CC=C1C(C=C2)=CC=C2C(S3)=CC=C3C(S4)=CC=C4[*],,,2.2403
6657,[*]N(CCC[*])C,-88.0,,
10456,[*]CC([*])(C)C(=O)OCc1ccc2c(c1)c1ccccc1n2CC,,,3.4735
4583,[*]OC(COC(=O)c1c(cc(cc1)C)C(=O)[*])COc1ccc(cc1)N=Nc1ccc(cc1)C#N,124.0,,
7005,[*]C(C[*])C(=O)NCCCCCCCCCCCCCCCC,,40.85,
11661,[*]CC(OC(C)=O)C(COC(=O)O[*])OC(C)=O,,,6.5585
4121,[*]Oc1ccc(cc1)Sc1ccc(cc1)OC(=O)OC1C(C(C1(C)C)OC(=O)[*])(C)C,107.0,,
11517,[*]c1cc(-c2nc3ccccc3s2)cc(-n2c(=O)c3cc4c(=O)n([*])c(=O)c4cc3c2=O)c1,,,2.4436
9871,[*]CCCCNC(=O)CCCCCC(=O)N[*],,,5.7771
7205,[*]N(CC[*])C(=O)CO,,200.0,
3003,[*]Oc1ccc(cc1)c1ccc(cc1)Oc1ccc(cc1)C(=O)c1c(c(c(c(c1c1ccccc1)c1cc2c(cc1)cccc2)c1cc2c(cc1)cccc2)c1ccccc1)C(=O)c1ccc(cc1)[*],290.0,,
8743,[*]SSC(=O)NCCCCCCNC(=O)SSCCCCCC[*],,94.0,
290,[*]C(C[*])C1=NC(C(=O)O1)(C)C,92.0,,
2643,[*]C(C[*])(C(=O)OCCOCC[N+](CCCCS(=O)(=O)O)(CC)CC)C,95.0,,
9293,[*]CC(CCCCCC)O[*],,,5.8686
11108,[*]Oc1ccc(C2(c3ccc(OC(=O)c4ccc(C([*])=O)cc4)cc3)CC3CC2C2CCCC32)cc1,,,3.4323
5662,[*]c1cc2c(C(=O)N(C2=O)c2c(cc(cc2C)C(c2cc(c(c(c2)C)N2C(=O)c3c(C2=O)cc(cc3)C([*])(C(F)(F)F)C(F)(F)F)C)c2c3c(ccc2)cccc3)C)cc1,292.33,,
11697,[*]c1ccc(N2CCC(c3cccc(C4=NN([*])CC4)c3)=N2)cc1,,,2.8203
1129,[*]OC(=O)CCCCCCCCCCCCCCCCC(=O)OCCCCCCCCCC[*],-17.0,92.7,
8763,[*]Sc1ccc(cc1)c1ccc(cc1)SC(=O)C(=O)[*],,311.0,
1588,[*]OC(=O)NCCCCNC(=O)OCCCCCC[*],16.0,206.85,
11565,[*]c1ccc(Oc2ccc(Oc3ccc(N4C(=O)CC(=O)N([*])C4=S)cc3)cc2)cc1,,,3.1515
6434,[*]OC(=O)OCC(C(C[*])O)O,51.38,,
4396,[*]Oc1ccc(cc1)CC(NC(=O)CCc1ccc(cc1)OC(=O)CCCCCCC(=O)[*])C(=O)OCC,50.0,,
1182,[*]OC(=O)c1ccc(cc1)c1ccc(cc1)C(=O)OCCCCCCCC[*],41.4,,
11533,[*]C(=O)Nc1ccc(C(c2ccc(NC(=O)c3ccc(N4C(=O)c5ccc([*])cc5C4=O)cc3C)cc2)(C(F)(F)F)C(F)(F)F)cc1,,,3.193
4474,[*]Oc1ccc(cc1)CC(NC(=O)Cc1ccc(cc1)OC(=O)CC(CCC(=O)[*])C)C(=O)OCC,63.0,,
7721,[*]OC(=O)CC(CCC(=O)OCCCCCCCCCC[*])C,,-2.5,
6923,[*]=Nc1c(cc(cc1)c1cc(c(cc1)N=C=[*])OC)OC,,200.0,
3616,[*]C1COC2C1OCC2OC(=O)C(NC(=O)CCCCCCCCC(=O)NC(C(=O)O[*])C(CC)C)C(CC)C,91.0,,
8183,[*]OC(CCOC(=O)CCCCCC(=O)[*])C,,-41.0,
1514,[*]Nc1ccc(cc1)Cc1ccc(cc1)NC(=O)/C=C/c1ccc(cc1)/C=C/C(=O)[*],230.0,,
7078,[*]C(C[*])c1c2ccc3cccc4ccc(cc1)c2c34,,214.0,
3868,[*]c1nc2c(nc1c1ccccc1)cc(cc2)Oc1cc2c(nc(c(n2)c2ccccc2)c2ccc(cc2)OCCOc2c(ccc(c2)OCCOc2ccc(cc2)[*])C=Cc2ccc(cc2)[N+](=O)[O-])cc1,187.0,,
4394,[*]Oc1ccc(cc1)CC(NC(=O)CCc1ccc(cc1)OC(=O)CCC(=O)[*])C(=O)OCCCCCCCC,46.75,,
4045,[*]Oc1c(cc(cc1)C1(CC2C(CC1)CCCC2)c1cc(c(cc1)Oc1ccc(cc1)C(=O)c1ccc(cc1)[*])C)C,201.0,,
5977,[*]C1C(=O)N(C(=O)C1[*])c1ccc(cc1)O[Si](C(C)(C)C)(C)C,169.0,,
10597,[*]CC(O[*])c1ccco1,,,5.0251
2811,[*]C1OC(CO1)COC(=O)CCCCCCC[*],-23.0,53.0,
5799,[*]N1C(=O)c2c(C1=O)cc(cc2)c1cc2c(C(=O)N(C2=O)c2ccc(cc2)Oc2ccc(cc2)Oc2ccc(cc2)Oc2ccc(cc2)[*])cc1,228.51,386.18,
5144,[*]c1cc2c(C(=O)N(C2=O)c2ccc(cc2)Cc2ccc(cc2)N2C(=O)c3c(C2=O)cc(cc3)C(=O)c2ccc(cc2)c2ccc(cc2)C(c2ccc(cc2)c2ccc(cc2)C(=O)[*])(C)C)cc1,216.0,,
5818,[*]c1cc2c(C(=O)N(C2=O)c2c(cc(cc2C)c2c(cc(c(c2)C)c2cc(c(c(c2)C)N2C(=O)c3c(C2=O)cc(cc3)C([*])(C(F)(F)F)C(F)(F)F)C)C)C)cc1,361.0,,
5583,[*]c1cc2c(C(=O)N(C2=O)c2ccc(cc2)Oc2ccc(cc2)S(=O)(=O)c2ccc(cc2)Oc2ccc(cc2)N2C(=O)c3c(C2=O)cc(cc3)C(=O)c2cc(cc(c2)C(C)(C)C)C(=O)[*])cc1,254.5,,
12116,[*]CNCC(=S)[*],,,3.4106
1570,[*]OC(=O)Nc1ccc(cc1)Cc1ccc(cc1)NC(=O)OCCCCCC[*],71.0,192.0,
2131,[*]C1C2C(C(C1)CC[*])C1C(CC2C1)CC,138.0,,
10490,[*]C=CC1CC([*])C2CCCC12,,,5.6651
2579,[*]C(C[*])(C(=O)OCCCCCCOc1ccc(cc1)N=Nc1ccc(cc1)C1OCC2(CO1)CC1C=CC2C1)C,118.5,,
12121,[*]CNC(=S)C(S1)=CC=C1[*],,,3.5084
5669,[*]N1C(=O)c2c(C1=O)cc(cc2)C(=O)Oc1cc2c(cc1)ccc(c2)OC(=O)CCCCC[*],113.0,,
6496,[*]OC(COC(=O)[*])COc1ccccc1,45.0,,
3042,[*]Oc1c(cc(c(c1)C)C(c1c(cc(c(c1)C(C)C)Oc1ccc(cc1)C(=O)c1ccc(cc1)[*])C)c1c(cccc1)C(=O)O)C(C)C,228.0,,
685,[*]c1c(nc2c(n1)cc(cc2)Oc1cc2c(nc(c(n2)c2ccc(cc2)[*])c2ccccc2)cc1)c1ccccc1,296.43,,
1366,[*]NC(=O)CC(CCC(=O)NCCCCCC[*])C,17.0,230.0,
296,[*]C(C[*])(CC(=O)OCCCCCCC)C(=O)OCCCCCCC,-23.67,,
11767,[*]C=Cc1ccc([*])nc1,,,1.9268
2713,[*]C(C[*])(C(=O)OCCCCCCCCCCOc1ccc(cc1)N=Nc1ccc(cc1)C#N)C,51.0,106.0,
2544,[*]C(C[*])(C(=O)OCc1ccc2n(c3c(c2c1)cccc3)CCCCCCCCCCCC)C,25.0,,
9122,[*]C(F)(F)C([*])(F)c1ccccc1,,,5.6014
5898,[*]c1cc2c(C(=O)N(C2=O)c2ccc(cc2)Oc2ccc(cc2)N2C(=O)c3c(C2=O)cc(cc3)C(=O)Nc2ccc(cc2)Oc2c(cccc2)c2c(cccc2)Oc2ccc(cc2)NC(=O)[*])cc1,244.0,,
3696,[*]C1(c2c(C(=O)N1C)cccc2)c1ccc(cc1)Oc1ccc(cc1)C(=O)c1ccc(cc1)Oc1ccc(cc1)[*],245.0,,
9062,[*]n1c(=O)c2cc3c(cc2c1=O)c(=O)n(c3=O)CCCCCCCCCCC(=O)Oc1cc2c(cc1)cc(cc2)OC(=O)CCCCCCCCCC[*],,219.0,
4791,[*]Nc1c(cc(cc1)NC(=O)c1ccc(cc1)NC(=O)CCCCCCCCCCC(=O)Nc1ccc(cc1)C(=O)[*])C(=O)OCCCCCCCCCCCCCCCC,199.5,,
7930,[*]OC(=O)NCCSCCCCCCSCCNC(=O)OCCCCCC[*],,104.75,
7245,[*]N1C(=O)c2c(C1=O)cc(cc2)c1cc2c(C(=O)N(C2=O)c2cc(c(cc2)OCCCC[Si](O[Si](O[Si](O[Si](CCCCOc2c(cc(cc2)[*])C)(C)C)(C)C)(C)C)(C)C)C)cc1,,192.0,
320,[*]C(C([*])(F)F)(OC(C(F)F)F)F,35.0,,
8146,[*]OC(C(=O)[*])(CC)CC,,200.0,
10108,[*]CCCCCCOC(=O)NCCCCNC(=O)O[*],,,6.3921
690,[*]c1c(nc2c(n1)cc(cc2)S(=O)(=O)c1cc2c(nc(c(n2)c2ccc(cc2)Oc2ccc(cc2)[*])c2ccccc2)cc1)c1ccccc1,271.0,,
1470,[*]NC(=O)C(=O)NCCCCCC[*],250.0,256.2333333,
7556,[*]NC(CC(=O)[*])CC,,355.0,
6227,[*]N1C(=O)c2c(C1=O)cc(cc2)Oc1cc2c(C(=O)N(C2=O)c2ccc(cc2)Sc2ccc(cc2)Sc2ccc(cc2)Sc2ccc(cc2)[*])cc1,202.65,,
3031,[*]Oc1cc(c(cc1)CCc1ccc(cc1)OCCCCCCCCC[*])C,-1.1,,
6035,[*]c1cc2c(C(=O)N(C2=O)c2cc(ccc2)N2C(=O)c3c(C2=O)cc(cc3)C(=O)OCCN(CCOC(=O)[*])c2ccc(cc2)N=Nc2ccc(cc2)F)cc1,168.0,,
3339,[*]Oc1c(cc(cc1C)c1cc(c(c(c1)C)Oc1ccc(cc1)C(=O)c1ccc(cc1)[*])C)C,246.64,,
107,[*]C(C[*])c1ccc(cc1)COC(CC)C,40.0,,
6722,[*]O[Si]([*])(CCCOc1ccc(cc1)C(=O)Oc1ccc(cc1)OC)C,8.7,,
11941,[*]c1cc([*])c(O)c(C=O)c1,,,3.2778
8374,[*]Oc1c(cc(cc1)C=Nc1c2c(ccc1)c(ccc2)N=Cc1cc(c(cc1)OC(=O)c1ccc(cc1)C(=O)[*])OC)OC,,225.0,
4487,[*]Oc1ccc(cc1)CCNC(=O)c1cc(ccc1)C(=O)[*],152.0,287.0,
12175,[*]NC(S1)=CC=C1NC(S2)=CC=C2[*],,,2.5847
9416,[*]CC(COC(F)(C(F)(F)F)C(F)(F)F)O[*],,,6.4208
3639,[*]Oc1ccc(cc1)C=Cc1ccc(cc1)OCCCCCC[*],76.0,176.0,
2145,[*]C(C[*])c1c(c(c(c(c1[2H])[2H])[2H])[2H])[2H],100.0,,
1557,[*]OC(=O)Nc1c(ccc(c1)NC(=O)OCC(C[*])(CC)CC)C,-60.0,,
10355,[*]C=CC(C)C([*])C(=O)OCC(C)C,,,5.4659
11410,[*]CCCNC(=O)NCCCCCCNC(=O)O[*],,,5.4226
10820,[*]Oc1ccc(Nc2ccc(N=Nc3ccc(Nc4ccc([*])cc4)cc3)cc2)cc1,,,2.8393
1100,[*]Oc1ccc(cc1)C(c1ccc(cc1)OC(=O)C1CCC(CC1)C(=O)[*])(C)C,150.0,,
4495,[*]Oc1ccc(cc1)OC(=O)c1c(cc(c(c1)OCCCCCCOCC1N(CCC1)c1ccc(cc1)[N+](=O)[O-])C(=O)[*])OCCCCCCOCC1N(CCC1)c1ccc(cc1)[N+](=O)[O-],56.0,,
8699,[*]SC(=O)NCCCCCCNC(=O)SCCCC[*],,184.5,
7049,[*]C(C[*])CCCN(C(C)C)C(C)C,,130.0,
3593,[*]Oc1c2c(c(cc1)c1c3c(c(cc1)Oc1ccc(cc1)Oc1ccc(cc1)Oc1ccc(cc1)[*])cccc3)cccc2,147.0,,
3776,[*]Oc1ccc(cc1)S(=O)(=O)c1ccc(cc1)Oc1c(cc(cc1)C(c1cc(c(cc1)[*])Br)(C(F)(F)F)C(F)(F)F)Br,197.5,,
5732,[*]N1C(=O)c2c(C1=O)cc(cc2)Oc1cc2c(C(=O)N(C2=O)c2ccc(cc2)C(c2ccc(cc2)[*])(c2ccccc2)C(F)(F)F)cc1,293.0,,
8596,[*]Oc1ccc(cc1)OCc1ccc(cc1)COc1ccc(cc1)OCCCCCCCC[*],,199.85,
5400,[*]N1C(=O)c2c(C1=O)cc(cc2)Oc1ccc(cc1)Oc1cc2c(C(=O)N(C2=O)c2ccc(cc2)c2ccc(cc2)[*])cc1,266.0,,
2298,[*]C1C(CC(C1)C=C[*])C(=O)OC,65.0,,
178,[*]C(C[*])c1ccc(nc1)C,132.25,,
7464,[*]NC(=O)CCCCCCCCCCCCCCC(=O)NCc1ccc(cc1)C[*],,248.0,
9831,[*]CCCCCCNC(=O)CCP(=O)(CCC(=O)N[*])c1ccccc1,,,4.8862
2907,[*]c1oc(nn1)c1ccc(cc1)NC(=O)c1c(cc(cc1)C(=O)Nc1ccc(cc1)[*])Oc1ccccc1,272.0,,
3205,[*]OC(C[*])COC(=O)CCCCCN1C(=O)C2C(C1=O)C1C=CC2C1,1.0,,
922,[*]N1C(=O)c2c(C1=O)cc(cc2)Oc1cc2c(cc1)ccc(c2)Oc1cc2c(C(=O)N(C2=O)c2ccc(cc2)Oc2ccc(cc2)[*])cc1,249.5,,
8325,[*]OP(=O)(OCCCCCCOc1ccc(cc1)C=Cc1ccc(cc1)OCCCCCC[*])Oc1ccccc1,,149.0,
